username,url,bio,website,email,followers,query
hylo.abroad,https://www.instagram.com/hylo.abroad/,American mom in The Netherlands 🇳🇱 @veloe.eu Ambassador 🚲 💌 hello@hyloabroad.com 🌎 links & move abroad help 👇🏻,N/A,hello@hyloabroad.com,N/A,dutch influencer Amsterdam
jane.tattoos,https://www.instagram.com/jane.tattoos/,(@personal.jane) Tattooing at @mosel_mosel INFORMATION/BOOKINGS EMAIL: (no dm pls) tattoosbyjane@gmail.com Amsterdam,N/A,tattoosbyjane@gmail.com,N/A,creator Amsterdam
nellakirtley,https://www.instagram.com/nellakirtley/,📍Amsterdam based 🇳🇱 Mama to Stella Mae✨Wifey 💍 UGC Content creator 📧Kirtleykrew@gmail.com Transparency - you get the,https://www.threads.com/@nellakirtley?xmt=AQF0kd_hUdAANoJD5v8mMAfRNkMy_WYo97bAN9TkDsbVGiI,kirtleykrew@gmail.com,N/A,fitness influencer Amsterdam
kimtarroe,https://www.instagram.com/kimtarroe/,"fashion, beauty & travel based in the netherlands ✉️ info@come-moda.nl",https://www.threads.com/@kimtarroe?xmt=AQF0mQRYK_ajKCyIMu-HPecM3NmuCs48veg5j6CNVaAMwz8,info@come-moda.nl,N/A,dutch influencer Amsterdam
bonitakoek,https://www.instagram.com/bonitakoek/,Sharing my moon secrets with you 🌙 💌: bonita@inspiraragency.nl,https://www.threads.com/@bonitakoek?xmt=AQF0xD3qGMdNjI4uUj8iQeafR-H4WTKACAtaB0olO7MyeE4,bonita@inspiraragency.nl,N/A,blogger Rotterdam
gabrieladegraaf,https://www.instagram.com/gabrieladegraaf/,Daily (office & wedding) looks & haircare 📩gabriela@bizutalents.nl,https://www.threads.com/@gabrieladegraaf?xmt=AQF0XQMxYTj0tBMbxUwJviC1XaexKOLvLTEhyMOT6WoqKHg,"degraafgabriela@gmail.com, gabriela@bizutalents.nl",N/A,vlogger Rotterdam
nadjafens,https://www.instagram.com/nadjafens/,"📍 Breda, The Netherlands. @feyenoord ROTTERDAM ♥️🤍🖤 Collabs nadjafens@gmail.com",N/A,nadjafens@gmail.com,N/A,influencer Rotterdam
bizu.talents,https://www.instagram.com/bizu.talents/,Where creativity meets strategy - building bold influencer campaigns for unstoppable brands 💌 info@bizutalents.nl,N/A,info@bizutalents.nl,N/A,content creator Rotterdam
babetteroos,https://www.instagram.com/babetteroos/,"Jewelry brand @babs.thelabel 💌 anna@doctheagency.com based in Den Haag, Netherlands",N/A,anna@doctheagency.com,N/A,influencer Rotterdam
melburybadejo,https://www.instagram.com/melburybadejo/,"📍Ams,NL for Bookings & partnerships 📩melbury@red.amsterdam",https://www.threads.com/@melburybadejo?xmt=AQF0ZRHHFoh65mqL7ya84_6F2IhojZyIaYwsg9cgBdQvv2Q,melbury@red.amsterdam,N/A,lifestyle blogger Amsterdam
filippos_sushi,https://www.instagram.com/filippos_sushi/,🥢Private Dining | Workshops | Caterings 📩 filippos@flip-n-roll.com 🍣 Sushi boutique: @flipnroll.rotterdam,N/A,filippos@flip-n-roll.com,N/A,private chef Rotterdam
lekkervanjeroen,https://www.instagram.com/lekkervanjeroen/,• Luxe Private Dining & Catering • Bruiloften - Feesten • Bedrijfs Evenementen ☎️ 0630741683 📬 info@LekkervanJeroen.nl,https://www.threads.com/@lekkervanjeroen?xmt=AQF0MZw5wjTQlndS1gsZxYFujce97gT2eggkxk09H1Ov4s8,info@lekkervanjeroen.nl,N/A,chef aan huis Den Haag
thechefovik,https://www.instagram.com/thechefovik/,"Koppla av, upplev, njut! Välkomna till vårt kök & vardagsrum 0660-30 90 00 ovik@thechef.nu",N/A,ovik@thechef.nu,N/A,chef aan huis Den Haag
hanane77x,https://www.instagram.com/hanane77x/,Tiktok: hanane77x Hanane.maintagency@gmail.com voor samenwerking,N/A,hanane.maintagency@gmail.com,N/A,kok aan huis Amsterdam
batman.emin,https://www.instagram.com/batman.emin/,artist / architect Founder of @studio.batman (info@eminbatman.nl) Creative Director @yeeamsterdam (emin.batman@yee.org,N/A,"emin.batman@yee.org, info@eminbatman.nl",N/A,content creator Amsterdam
kristasiegfrids,https://www.instagram.com/kristasiegfrids/,Nordic dynamite in Amsterdam!🇫🇮🇳🇱 Artist & Tv host 💫 Management: iiro@resultentertainment.com Booking: sami@primetime,N/A,iiro@resultentertainment.com,N/A,fashion blogger Amsterdam
maruschka.sahiboe,https://www.instagram.com/maruschka.sahiboe/,"Big hair, bold dreams & lots of sparkle •° Collaboration: maruschka_sahiboe@hotmail.nl 📍🇳🇱 AMS • Roots 🇸🇷🇮🇳 | 1st RU Mis",N/A,maruschka_sahiboe@hotmail.nl,N/A,influencer Amsterdam
at5.nl,https://www.instagram.com/at5.nl/,AT5 is de nieuws- en actualiteitenzender van Amsterdam. Tips? App: 0651190938 of mail: info@at5.nl Youtube: AT5 Mooie,https://www.threads.com/@at5.nl?xmt=AQF0R3f7jWh45vlcS-m5MWlbF5uMgGU2W-tsf9DtMsZ6gdo,info@at5.nl,N/A,vlogger Amsterdam
natalie.novik,https://www.instagram.com/natalie.novik/,"freelance IM strategist @nn.arratives amsterdam, netherlands 🖇️ partner.natalienovik@gmail.com",https://www.threads.com/@natalie.novik?xmt=AQF030K6E5GeA0m1wFIq2Wew53CY7RLnf4XYjpV1cpVlM84,partner.natalienovik@gmail.com,N/A,blogger Amsterdam
alisa_law,https://www.instagram.com/alisa_law/,🇰🇬 Nomad in The Netherlands 🇳🇱 (Ik ben erg goed ingeburgerd hoor) 💌 alisalaw.collab@gmail.com,N/A,alisalaw.collab@gmail.com,N/A,dutch influencer Rotterdam
biljana.pupovac,https://www.instagram.com/biljana.pupovac/,"Mom to Danijel Alkmaar, The Netherlands Contact: biljana.pupovac@hotmail.com",N/A,biljana.pupovac@hotmail.com,N/A,food blogger Rotterdam
judithlan,https://www.instagram.com/judithlan/,"★ Leiden, The Netherlands ★ 1986 💌 judithmsn@live.nl",https://www.threads.com/@judithlan?xmt=AQF0aYcq-HFBNgNZ-NFDaZg7j_s-PeNbV7fo_nbcIWMZgy4,judithmsn@live.nl,N/A,food blogger Rotterdam
stefania_,https://www.instagram.com/stefania_/,Contact: marcel@agentsafterall.nl New single: coming soon👀🙃,https://www.threads.com/@stefania_?xmt=AQF0Wz49izOON8PFLG-YoNdcjzAnXQsLO-o1F4hIUlWBaaA,"marcel@agentsafterall.nl, stefania@egocompany.nl",N/A,creator Utrecht
etenmetjeroen,https://www.instagram.com/etenmetjeroen/,Jeroen | Food Tips | Ik help mensen goed eten 🍽️ | Jouw tijd en geld zijn het waard ⏱️💵 📩 etenmetjeroen@gmail.com,N/A,etenmetjeroen@gmail.com,N/A,food blogger Utrecht
marleenophof,https://www.instagram.com/marleenophof/,• Deelt lactosevrije recepten @lactosevrijvoormij 🍽 • 💌 marleenophof@hotmail.com,N/A,marleenophof@hotmail.com,N/A,food blogger Utrecht
narjessrkaiek,https://www.instagram.com/narjessrkaiek/,Cabin Attendant Mommy of Noah Rkaiek💙🧸 Dutch/Tunisian Shop my style @thaiesdubai E-mail: Narjessrkaiek@hotmail.com,N/A,narjessrkaiek@hotmail.com,N/A,blogger Eindhoven
roosmarijn_koster,https://www.instagram.com/roosmarijn_koster/,Boek en vlogserie: vrouw 35+ KINDERWENS. Kringloop YouTuber Amsterdam - 26K subs. For collabs: roos@roosmarijnkoster.com,N/A,roos@roosmarijnkoster.com,N/A,vlogger Groningen
kellycaresse,https://www.instagram.com/kellycaresse/,"💗 Mama van 4 meisjes 🧺 Vlogs, selfcare & routines (echte leven!) ✨ Glow up met mij in de chaos ✨ 💌 Info@femmefab.nl",https://www.threads.com/@kellycaresse?xmt=AQF00bFue4gp2Vj3UBZGNP3yK8KFc9uFkReNERWhEfgWDSU,info@femmefab.nl,N/A,vlogger Groningen
plantbfoodie,https://www.instagram.com/plantbfoodie/,🌱 🇳🇱 Vegan 💖 Haircare 🐰 cruelty free 🐱 🇬🇷 Adopt dont shop 📬 plantpedagoog@outlook.com,N/A,plantpedagoog@outlook.com,N/A,influencer Tilburg
leoalkemade,https://www.instagram.com/leoalkemade/,zingen en dingen... 🎬 ☎️: Matijs Wessels ✉️: info@wesproducties.nl 🎶: Nieuw album! Bestel snel!,N/A,info@wesproducties.nl,N/A,influencer Tilburg
rianne.drost,https://www.instagram.com/rianne.drost/,❥ Mommy of Soraya & Lynn 👧🏼 ❥ Dutch 💌 rianne.drost1@gmail.com,N/A,rianne.drost1@gmail.com,N/A,food blogger Eindhoven
enjoycelifeblog,https://www.instagram.com/enjoycelifeblog/,💉 Lifestyle blogger met lupus ❤️ Zelfzorg • Relaties • Intimiteit 📌 Groningen 📩 enjoycelifeblog@gmail.com ✨ Nieuwe,https://www.threads.com/@enjoycelifeblog?xmt=AQF0Z74JjTsonW4H3Tek-uqK8CL0yhkikHOI-1h8C0UenoQ,enjoycelifeblog@gmail.com,N/A,food blogger Eindhoven
esmeejoanna,https://www.instagram.com/esmeejoanna/,"🪄 Diadora in K3's Doornroosje 🍒 TikTok 1,2 miljoen, Youtube 166k+, Snapchat 💌 info@esmeejoanna.nl",https://www.threads.com/@esmeejoanna?xmt=AQF0CHc8xfyTmdYSeVn7YZ_6XpnU7n6cGLiO-YCiZr53ouw,"esmeejoanna@scooperz.com, info@esmeejoanna.nl",N/A,vlogger Utrecht
mevrouwmarloes,https://www.instagram.com/mevrouwmarloes/,🌱 Vegetariër 🏋🏻‍♀️ Sportief 🥳 Genezen van lymfeklierkanker 💌 info@mevrouwmarloes.nl,N/A,info@mevrouwmarloes.nl,N/A,blogger Den Haag
anewjacket,https://www.instagram.com/anewjacket/,"Everyday outfit inspo, interior & Limburg hotspots Maastricht region, NL Collaborations • info@anewjacket.com",N/A,info@anewjacket.com,N/A,influencer Den Haag
x_janette,https://www.instagram.com/x_janette/,🎥 YouTube: Janette 👩🏼‍🏫 Juf van groep 8 📨 Collab: teamjanette@huisvanmakers.nl 💌 Vragen: Janette.collabs@gmail.com,N/A,"teamjanette@huisvanmakers.nl, janette.collabs@gmail.com",N/A,vlogger Den Haag
amandaspijker,https://www.instagram.com/amandaspijker/,"Outfit inspo, beauty & lifestyle 📍 The Netherlands 💌 amandaspijker@hotmail.com",https://www.threads.com/@amandaspijker?xmt=AQF0ArdEgHTBNtKmOdpdbwYgfKmO1S7rCbrBAj7GF0HL9X0,amandaspijker@hotmail.com,N/A,influencer Utrecht
janneketencaten,https://www.instagram.com/janneketencaten/,✿Freelancer & content creator ✿Mommy of Loua & Billy ☾ ✿Love letters to Janneke.tc@hotmail.com ✿Based in Eindhoven,https://www.threads.com/@janneketencaten?xmt=AQF0IgaL1lN9_3Hsi15ZFw4hvJE6rR-aoDRqtQHtyaoulno,janneke.tc@hotmail.com,N/A,blogger Utrecht
ipeksteenbeek,https://www.instagram.com/ipeksteenbeek/,Spicey wifey spicey lifey🌶️ Tiktok & snap @ipeksteenbeek 👻 💌 collabs.ipek@gmail.com,https://www.threads.com/@ipeksteenbeek?xmt=AQF0BQ2I8TLGTiZ3_iF_gRqRbNVMqm7HWZoubchMhIqeKZc,"collabs.ipek@gmail.com, ipek@socialfiguur.nl",N/A,blogger Utrecht
erikakatainen,https://www.instagram.com/erikakatainen/,"Travel tips, vanlife, scenic spots & rescue dogs Inspiring your next journey 🌴🌞🐚🗺️✨ — hello@erikakatainen.com",N/A,hello@erikakatainen.com,N/A,creator Den Haag
berfintudorache,https://www.instagram.com/berfintudorache/,"Hollanda’da yaşam 🇳🇱 Göçmenlik, gerçek hayat hikâyeleri Collabs 💌 berfintudorache@gmail.com Hollanda Kızlar Topluluğu &",N/A,berfintudorache@gmail.com,N/A,influencer Utrecht
sarahrebeccanl,https://www.instagram.com/sarahrebeccanl/,"35 opsteller, moeder, auteur en vooral gewoon Sarah 💌 contact@sarahrebecca.nl ✨opstellingendagen, trajecten &",https://www.threads.com/@sarahrebeccanl?xmt=AQF0G-VMkadJF9-8NX-HbLrQseHF-UdOtbJ5d2Rs-AY8uUM,contact@sarahrebecca.nl,N/A,content creator Utrecht
justbyjennifer,https://www.instagram.com/justbyjennifer/,"➳ Mama van Senna (2) ♡ ➳ Boy Mom | Peuter tips | Efteling | En meer! 📩 Justbyjennifer@hotmail.com ↓ LINKS, TIKTOK",N/A,justbyjennifer@hotmail.com,N/A,food blogger Utrecht
daliborkateonic,https://www.instagram.com/daliborkateonic/,Ketering za sve vrste proslava 🥂 📍Banja Luka 063 696 014 daliborkateonic@gmail.com Saradnje DM,N/A,daliborkateonic@gmail.com,N/A,catering aan huis Den Haag
carrealbers,https://www.instagram.com/carrealbers/,Actor & voice actor. 📍AMS / LA Contact: britt@moonagency.nl,https://www.threads.com/@carrealbers?xmt=AQF0vdCE3NtH_kQHX5hf9hfu5uh7i2cCReewYPfmCY0jscA,"britt@moonagency.nl, carrealbers@hotmail.com",N/A,kookworkshop Den Haag
nielsoosthoek,https://www.instagram.com/nielsoosthoek/,💅 Wij leren vrouwen begrijpen 🌎 @greedyguys 🎙 Borrelpraat (+Extra) 📩 esmee@talentlab.nl,https://www.threads.com/@nielsoosthoek?xmt=AQF0wqrPPlCo-qPCFiCtkSIdpi0LbKTF3YS9JqRPrauqcY8,esmee@talentlab.nl,N/A,kok aan huis Tilburg
smakelijkoptafel,https://www.instagram.com/smakelijkoptafel/,catering • borrelplanken • dagverse maaltijden homemade food by Beau & Charlotte 06-11264836 | info@smakelijkoptafel.nl,https://www.threads.com/@smakelijkoptafel?xmt=AQF0Of-gNuAhUUqok1l6dvyEs2bjuqsdwuUe54H12Lwwckk,info@smakelijkoptafel.nl,N/A,thuiskok Utrecht
ilsekremer,https://www.instagram.com/ilsekremer/,van alles en nog wat Work @lorealgroupe @samy_global 🤍 📩 Ilsekremerugc@gmail.com,https://www.threads.com/@ilsekremer?xmt=AQF0D1nKU6iQRA1z1p63oMOO1IcBGWcmyoT0H1CPQg7x7QU,"infoilsekremer@gmail.com, ilsekremerugc@gmail.com",N/A,kok aan huis Tilburg
hendrikstilburg,https://www.instagram.com/hendrikstilburg/,🏠 Hendriks Makelaardij Tilburg Aankopen - Verkopen - Taxatie 👇 💌 tilburg@hendriks.nl,N/A,tilburg@hendriks.nl,N/A,kookworkshop Tilburg
mariannemaakt.nl,https://www.instagram.com/mariannemaakt.nl/,👩 l Mama van 4 👦👦👧👧 💖 l Ik kook en bak met veel passie en liefde 💻 l info@mariannemaakt.nl @mariannemaakt.nl,N/A,info@mariannemaakt.nl,N/A,thuiskok Utrecht
crohn.colitis.nl,https://www.instagram.com/crohn.colitis.nl/,Officieel Instagramaccount van Crohn & Colitis NL. Omdat wij begrijpen wat het is om IBD te hebben. Volg ook @crohn,https://www.threads.com/@crohn.colitis.nl?xmt=AQF0eolz2uTxSiRrLuoT2xUt6FlMVGi0ARuBoxV38bG2B_A,redactie@crohn-colitis.nl,N/A,kookworkshop Groningen
madelonkohnen,https://www.instagram.com/madelonkohnen/,Utrecht| Netherlands 📩 madelonkohnen@icloud.com,N/A,madelonkohnen@icloud.com,N/A,kok aan huis Breda
giocrezee,https://www.instagram.com/giocrezee/,Wat er ook gebeurt altijd blijven lachen. 📧 | Gio.Crezee@outlook.com Married At First Sight | S10💍 @staycuracao | Gio20,https://www.threads.com/@giocrezee?xmt=AQF0jjmJUdE57P0z7kLGgrbAekvdAmT2nD5e6hFzHq1Rqbk,gio.crezee@outlook.com,N/A,kok aan huis Breda
vicccle,https://www.instagram.com/vicccle/,• Antropoloog des Vaderlands • Hofnar van de Hoofdstad • Founder @altijdzes 💌 Contact alleen via vic@altijdzes.com,N/A,vic@altijdzes.com,N/A,kok aan huis Breda
tanishacooreman,https://www.instagram.com/tanishacooreman/,Creating my dream life with content 🌸 Travel | Lifestyle | Fashion | Sport ✉️ tanishacooremanugc@hotmail.com 🧁 @royal,https://www.threads.com/@tanishacooreman?xmt=AQF0AqCMk0cp7SPKlXC2KmPNbJ_tV1OSTYRaYpOExOYVV-U,tanishacooremanugc@hotmail.com,N/A,kok aan huis Breda
bettyskitchennl,https://www.instagram.com/bettyskitchennl/,"Recepten Website | Utrecht, NL 🇳🇱 Internationale keuken | Brunch | BBQ | en meer 📩 COLLAB? info@bettyskitchen.nl",N/A,info@bettyskitchen.nl,N/A,thuiskok Utrecht
duic.nl,https://www.instagram.com/duic.nl/,De Utrechtse Internet Courant. De krant die verder kijkt in de stad. Tip? Mail redactie@duic.nl Foto aan je muur?,N/A,redactie@duic.nl,N/A,kok aan huis Utrecht
hettussenuurtje,https://www.instagram.com/hettussenuurtje/,3 seksgoden en Luuk met een podcast en een youtubekanaal tussenuurtje@shoetagency.nl Powered by: @vandesocialstilburg,N/A,tussenuurtje@shoetagency.nl,N/A,kok aan huis Rotterdam
puuruiteten,https://www.instagram.com/puuruiteten/,"💚 Waar eet je lekker plantaardig, lokaal, duurzaam en gezond? 📩 info@puuruiteten.nl",N/A,info@puuruiteten.nl,N/A,kookworkshop Amsterdam
vanoostenmakelaardij,https://www.instagram.com/vanoostenmakelaardij/,➤ Rotterdam ➤ 010 422 1100 ➤ info@vanoostenmakelaardij.nl,N/A,info@vanoostenmakelaardij.nl,N/A,thuiskok Rotterdam
sarahliebregts,https://www.instagram.com/sarahliebregts/,Mama van Sev (3) & Mees (1) Altijd gezellig en altijd chaotisch Collab? sarah@connectedcreatorsagency.com 🎙️ @mama,https://www.threads.com/@sarahliebregts?xmt=AQF0gQ9AGVcoquxE5rwVpB-txAsf3MpTbQ4lCgAcHuv-btU,sarah@connectedcreatorsagency.com,N/A,kok aan huis Rotterdam
maradonnie,https://www.instagram.com/maradonnie/,Boekingen: m.van.vugt@mojo.nl Mangesjment: daan@resort.net DONNIE’S PARTY COMITE 10 APRIL @ PARADISO🎉Tickets 👇,https://www.threads.com/@maradonnie?xmt=AQF0jJln975b7Pdvvl2L_rWPOcgwTs4KmBa0KFuMg6hytbE,"m.van.vugt@mojo.nl, daan@resort.net",N/A,kok aan huis Rotterdam
lesouq._,https://www.instagram.com/lesouq._/,Libanese keuken #lesouq🍜🥩🥗🍸 📞 010-4765558 📧 Info@lesouqdelfshaven.nl 🌎 www,N/A,info@lesouqdelfshaven.nl,N/A,thuischef Rotterdam
muco_friends,https://www.instagram.com/muco_friends/,"""Vastberaden CF te verslaan"" Steun ons in het gevecht tegen Cystic Fibrosis (taaislijmziekte)",https://www.threads.com/@muco_friends?xmt=AQF0M-f4S33Y3XVVa7kYhnJ6vETRLRHo3whduh1T5nEikns,info@mucofriends.com,N/A,kookworkshop Den Haag
lenshomefood,https://www.instagram.com/lenshomefood/,"Food that makes me happy 🤗 All the dishes and pictures are made by myself. 📩 lenhomefood@gmail.com Based in Rotterdam,",N/A,lenhomefood@gmail.com,N/A,home chef Rotterdam
mesa.patisserieandmore,https://www.instagram.com/mesa.patisserieandmore/,Davet & Organizasyon 📞Whatsapp 0501 661 70 55 💳 Kredi Kartı Geçerlidir. 📍SAMSUN 📩 mesapatisserieandmore@gmail.com,N/A,mesapatisserieandmore@gmail.com,N/A,catering aan huis Rotterdam
sotto.catering,https://www.instagram.com/sotto.catering/,"• Shërbim Catering, Charcuterie, Meze & Fruta • DM për porosi 💌 • sottocatering1@gmail.com 📧 Prishtinë, Kosovë 📍",N/A,sottocatering1@gmail.com,N/A,catering aan huis Rotterdam
kokenophout,https://www.instagram.com/kokenophout/,🔥Wil jij de Cedarwood producten ook verkopen of gebruiken in de horeca? 📧emilie@kokenophout.com #bbqplank,N/A,emilie@kokenophout.com,N/A,thuiskok Nijmegen
ayleenbella,https://www.instagram.com/ayleenbella/,🤰 mommy 🎬 actress 📩 collabsayleenbella@gmail.com,https://www.threads.com/@ayleenbella?xmt=AQF0rvrup1kkMWij9i8KpU8kiy5o56tTuFrI-uNRhpITlCU,collabsayleenbella@gmail.com,N/A,kok aan huis Enschede
mamavanvijf,https://www.instagram.com/mamavanvijf/,Leef je graag aan 300%? Same. Founder van @maisonslash_belgie en @potandpaintclub Spreker&Auteur ‘Laat het los’ Verhuur,https://www.threads.com/@mamavanvijf?xmt=AQF0EFY7WU5JkWOZAYRp5POF0VYPsy1S3VdiI6ahnaOwrJo,mamavanvijf1@gmail.com,N/A,kok aan huis Harderwijk
marelyaaltink,https://www.instagram.com/marelyaaltink/,🔅Eigenaresse & piercing artiest Cult-Art ❤️ @cultartscum ❣️This is my life mailen naar info@tattoo-art.nl of via hier,https://www.threads.com/@marelyaaltink?xmt=AQF03ppEkK-J2LehgkGNf7B4PA1Roz8rnIea9PwVZGHqw2M,info@tattoo-art.nl,N/A,kok aan huis Harderwijk
thecitizen.nl,https://www.instagram.com/thecitizen.nl/,"Luxury travel, food & wine 📩 severine@thecitizen.nl 📍 Amsterdam",N/A,severine@thecitizen.nl,N/A,thuiskok Amsterdam
driplist,https://www.instagram.com/driplist/,"📍Amsterdam🇳🇱 ~ Author | As the Dutch do📖 ~ Good vibes, travel, relatable stories ~ Proverbs 31:25 ~ info@driplist.nl📩",N/A,info@driplist.nl,N/A,dutch influencer Amsterdam
the_aditi_ghosh,https://www.instagram.com/the_aditi_ghosh/,But first be a good human Hare Krishna ❤️🙏 📩- adityghoshdgp@gmail.com Watch my videos ⬇️,N/A,adityghoshdgp@gmail.com,N/A,chef aan huis Zeist
themrsmay,https://www.instagram.com/themrsmay/,Mum to four ❤️ Martial Artist | strength training | Enquiries |themayfamily@connectmgt.com,https://www.threads.com/@themrsmay?xmt=AQF0PrsH5PEXSExKXAmslj2cIeLlCCffVh2JaPQsUWCwl2Q,themayfamily@connectmgt.com,N/A,chef aan huis Zeist
hetkerkje,https://www.instagram.com/hetkerkje/,"Bought a church, built our dreamhouse! 💒 Shoot locatie 📸 Collab, send a dm! 💌",https://www.threads.com/@hetkerkje?xmt=AQF0S6Zu-IyoZJrwIE5VFwge23GDww0_J-P2vZD_8ErzLdE,nathaliekick@gmail.com,N/A,kok aan huis Delft
mariesoria_chef,https://www.instagram.com/mariesoria_chef/,POTEL ET CHABOT @poteletchabot 🇫🇷 Tiktok: soriamariechef Présidente des,https://www.threads.com/@mariesoria_chef?xmt=AQF0LZqR2WfNC9V99N_zYJLVpL3QvMOGvcKGJm7PYE8VkNI,"sarah.dasitva@poteletchabo.ir, anais.girardot@potcletchabot.ir",N/A,chef aan huis Dordrecht
zeitfuerbrot,https://www.instagram.com/zeitfuerbrot/,Bioland-Backwaren. Vor Ort handgemacht. — Jobs: fleissig@zeitfuerbrot.com,N/A,fleissig@zeitfuerbrot.com,N/A,kookworkshop Den Bosch
gezonde_dutchies,https://www.instagram.com/gezonde_dutchies/,Samenwerken? gezondedutchies@ziggo.nl,N/A,gezondedutchies@ziggo.nl,N/A,kookworkshop Amersfoort
juliette.privatedining,https://www.instagram.com/juliette.privatedining/,Open op aanvraag; De Ideale locatie voor besloten events 🔸 Lunch - Diner - Borrel 📩 groepen@julesjuliette.nl,N/A,groepen@julesjuliette.nl,N/A,private dining Amsterdam
beppieenkokkie,https://www.instagram.com/beppieenkokkie/,👩‍🍳 Rutger & Irene 🏡 Groningen 🍲 Bijna dagelijks nieuwe recepten! 💌 info@beppieenkokkie.nl ⬇️ Recepten & Blogs,N/A,info@beppieenkokkie.nl,N/A,thuiskok Groningen
kingvinz,https://www.instagram.com/kingvinz/,🏴‍☠️ Vincesmithx@gmail.com,N/A,vincesmithx@gmail.com,N/A,chef aan huis Groningen
surimams,https://www.instagram.com/surimams/,❤️SuriMAM Cooking Koken met ❤️ auteurs van kookboeken contact via surimamcooking@gmail.com volg ons ook via facebook of,https://www.threads.com/@surimams?xmt=AQF0bKZDtlHV0NQ-0pjGz5wpwuQWRycQvojGcutWd_Kgfuw,surimamcooking@gmail.com,N/A,kookworkshop Almere
christianvarweg,https://www.instagram.com/christianvarweg/,𝗡𝗮𝘁𝘂𝗿𝗮𝗹 𝗕𝗼𝗱𝘆𝗯𝘂𝗶𝗹𝗱𝗲𝗿✝️ Tips voor natural lifters -@esncom.nl & @getomniair 𝚌𝚘𝚍𝚎‘𝙲𝙷𝚁𝙸𝚂𝚃𝙸𝙰𝙽’ -@fuelyourbody_official 𝚌𝚘𝚍𝚎 ‘,N/A,-@esncom.nl,N/A,kok aan huis Breda
voxweb.nl,https://www.instagram.com/voxweb.nl/,The independent magazine at @radboud_uni Go to www.voxweb.nl for the latest campus news or click on the,https://www.threads.com/@voxweb.nl?xmt=AQF030xrf62FCEHhN9cBqo41Qrhx8nDXO3E6AvwBY9W16zc,redactie@vox.ru.nl,N/A,private dining Nijmegen
bollyfoods,https://www.instagram.com/bollyfoods/,#Foodtrucks #Catering #Events🍴🇮🇳🚐🎪 🏆Foodtruck Award @24Kitchen_NL 🏆Foodtruck Awards @nederlandsehorecaprijzen 📍The,https://www.threads.com/@bollyfoods?xmt=AQF0ziLCtaV7UHJVdH7JX8xm1vZY79II_casm7PNKDcPrEY,info@bollyfoods.nl,N/A,kookworkshop Nijmegen
reezyard,https://www.instagram.com/reezyard/,"🙋🏼‍♂️ Bioloog, onderzoeker en fotograaf 🏠 Zuid-Holland 🇳🇱 ✉️ Boek mij via: info@reezyard.com 🖼️ Blogs, prints en meer",N/A,info@reezyard.com,N/A,kok aan huis Enschede
timtygran,https://www.instagram.com/timtygran/,🎬 Freerunner & Content creator. 🇳🇱 YouTube: TimTygran (220k+) ⚡️ TikTok: TimTygran (190K+) 📩 Zakelijk:,https://www.threads.com/@timtygran?xmt=AQF0tFdMW0waNKeD3OnntQJKc6tkNOU6oC4VVV-vwarAOdg,timtygran@weareera.com,N/A,kok aan huis Enschede
denagelkerkjes,https://www.instagram.com/denagelkerkjes/,𝐖𝐢𝐣 𝐳𝐢𝐣𝐧 𝐃𝐞 𝐍𝐚𝐠𝐞𝐥𝐤𝐞𝐫𝐤𝐣𝐞𝐬!⁣ •⁣⁣⁣gezin met 8 kinderen •collab:info@denagelkerkjes.nl⁣⁣⁣ •dagelijkse familievlog op,https://www.threads.com/@denagelkerkjes?xmt=AQF0yhhdOZ9268eJzXaEOWdOgUQat9gd-Kwo8ey1K5CX008,info@denagelkerkjes.nl,N/A,kok aan huis Enschede
haarlemupdates,https://www.instagram.com/haarlemupdates/,"Updates, agenda en nieuws over, van en voor Haarlem en omstreken. Persberichten sturen? Doe dat naar",https://www.threads.com/@haarlemupdates?xmt=AQF096oPUu_yylAZogzYG6nwrrlki1XlroQYU5FpfMrh7ZY,persberichten@haarlemupdates.nl,N/A,thuiskok Haarlem
kyrehfa_culinair,https://www.instagram.com/kyrehfa_culinair/,"Privé kok, catering. Voor elke gelegenheid. Contact: kyrehfaculinair@icloud.com",N/A,kyrehfaculinair@icloud.com,N/A,thuiskok Groningen
jorrenverheesen,https://www.instagram.com/jorrenverheesen/,▫️ architect ▫️ kookt af en toe ▫️ zo nu en dan grappig ▪️ contact via anna@lagency.nl,N/A,anna@lagency.nl,N/A,kok aan huis Amsterdam
pittedolive_catering_service,https://www.instagram.com/pittedolive_catering_service/,|Events Catering |Corporate Catering |shoniramovha@gmail.com |071 8986 712,https://www.threads.com/@pittedolive_catering_service?xmt=AQF0D54XWPZid2h8GTmlaQSPuq9dVn31X44N6pc2NdX4fwc,shoniramovha@gmail.com,N/A,catering aan huis Utrecht
dejager.art,https://www.instagram.com/dejager.art/,Contact: kunstvansharon@gmail.com 🪞🤎🌞🎨,https://www.threads.com/@dejager.art?xmt=AQF0ZD0jGeHzkvm6IU-Zip83N1g6rNBFIU2VBGnXnMFD3RI,kunstvansharon@gmail.com,N/A,kok aan huis Utrecht
plantbased_dennis,https://www.instagram.com/plantbased_dennis/,• content creator • vegan • bioloog • spreker • foodie • dieren 🫱🏾‍🫲🏼 mensen 🫱🏾‍🫲🏼 planeet 📧 info@plantbaseddennis.nl,N/A,info@plantbaseddennis.nl,N/A,private dining Eindhoven
deliciousathome,https://www.instagram.com/deliciousathome/,🍽 Eigenaar/Chef-kok van Delicious at Home 📌 Eindhoven 🖱 www.deliciousathome.nl ✉ Info@deliciousathome.nl 📞 06-41502153,N/A,info@deliciousathome.nl,N/A,thuiskok Eindhoven
emmelydewilt,https://www.instagram.com/emmelydewilt/,📻 DJ @nporadio2 Het Oor Wil Ook Wat 🎙 KRO-NCRV • Voice-over NPO3 🕙 Maandag-donderdag 18-20u 📩 kristien@talentkitchen.nl,N/A,kristien@talentkitchen.nl,N/A,kok aan huis Eindhoven
lynnvandevorst,https://www.instagram.com/lynnvandevorst/,tiktok: lynnvandevorst kookboek met Lynn de keuken in contact: lynn@burobagsy.nl,N/A,lynn@burobagsy.nl,N/A,kok aan huis Eindhoven
friendsofsports,https://www.instagram.com/friendsofsports/,Verzameling van sport-podcasts ©️ @sporthousegroup,https://www.threads.com/@friendsofsports?xmt=AQF02UgRFJr2OWnUnDWP07mCQhWX8UwBzO2AkOTL9bjxHb4,nick.van.honste@sporthousegroup.com,N/A,kok aan huis Eindhoven
mariskavanloon,https://www.instagram.com/mariskavanloon/,💛 Werkend bij @sissyboy1982 📺 Married at first sight S10 @rtl.nl @itvstudiosnl 💌 mariskavanloon@icloud.com,N/A,mariskavanloon@icloud.com,N/A,kok aan huis Harderwijk
mariel_meedina,https://www.instagram.com/mariel_meedina/,su chefcita de conf 👩🏽‍🍳 Tiktok: marielmedina90 ✉️: marielmedina.contacto@gmail.com,N/A,marielmedina.contacto@gmail.com,N/A,catering aan huis Lelystad
anna_hettema,https://www.instagram.com/anna_hettema/,🌈💕🌞🦋🌱🫐🌷💖🐥🍔🧘🏼‍♀️🧽🫧✨📀🦚🖇️ TikTok: ALIENSLOVEMYFAIRYTALE (40K) 💌 : anna@worthsharing.tv,N/A,anna@worthsharing.tv,N/A,kok aan huis Harderwijk
degroeneketel,https://www.instagram.com/degroeneketel/,"💚 Bio catering & kookworkshops 🌿 Wildpluk 🪄Magisch koken ☀️Creator Jaarfeest voedingswiel, Moonfood en Thema koken",https://www.threads.com/@degroeneketel?xmt=AQF0IKvb8aGxtfaJe-t1OfhQuSCI8QkSMV--pzgqguPLFd8,info@degroeneketel.nl,N/A,kookworkshop Arnhem
de.watermeterfabriek,https://www.instagram.com/de.watermeterfabriek/,Franse brasserie aan Het Spaarne Reserveringen: reserveren@dewatermeterfabriek.nl Evenementen:,https://www.threads.com/@de.watermeterfabriek?xmt=AQF01pxTMAhs2rhV6hFVJCYfjsbFMmDYHbeFGr5BUm-gx2k,reserveren@dewatermeterfabriek.nl,N/A,kok aan huis Harderwijk
einfachtoni_hsn,https://www.instagram.com/einfachtoni_hsn/,Team bei @hensslersschnellenummer Teilnehmer @thetastesat1 2025 Business/Presse: info@wip-management.com,N/A,info@wip-management.com,N/A,chef aan huis Hoorn
westfrieslandproeft.nl,https://www.instagram.com/westfrieslandproeft.nl/,"𝕆𝕟𝕥𝕕𝕖𝕜, 𝕡𝕣𝕠𝕖𝕗 𝕖𝕟 𝕘𝕖𝕟𝕚𝕖𝕥 𝕚𝕟 𝕎𝕖𝕤𝕥-𝔽𝕣𝕚𝕖𝕤𝕝𝕒𝕟𝕕 💛 𝐋𝐚𝐚𝐭 𝐣𝐞 𝐢𝐧𝐬𝐩𝐢𝐫𝐞𝐫𝐞𝐧 Samenwerken? > info@westfrieslandproeft.nl",N/A,info@westfrieslandproeft.nl,N/A,kookworkshop Hoorn
boccacoffee,https://www.instagram.com/boccacoffee/,For coffee lovers | B Corp | First True Price ☕ Get Bocca at home via bocca.nl Wholesale inquiries: info@bocca.nl or DM.,https://www.threads.com/@boccacoffee?xmt=AQF0-orTiDkL171D4vlmsiK2-89RaTXz7ziqMWr6hKZIfWg,info@bocca.nl,N/A,kok aan huis Amsterdam
realgeolier.2000___,https://www.instagram.com/realgeolier.2000___/,𝐑𝐈𝐂𝐇’𝐆𝐔𝐀𝐏𝐏 𝐎𝐟𝐟𝐜𝐢𝐚𝐥 𝐬𝐭𝐨𝐫𝐞 𝐝𝐢 𝐠𝐞𝐨𝐥𝐢𝐞𝐫 @realguapps 𝐅𝐀𝐍𝐏𝐀𝐆𝐄 𝟐𝟎𝟐𝟑 𝐧𝐨𝐧 𝐬𝐨𝐧𝐨 𝐥𝐮𝐢 @geolier 𝐓𝐈𝐊𝐓𝐎𝐊: 𝐫𝐢𝐜𝐡𝐠𝐮𝐚𝐩𝐩𝟎𝟖𝟏_ (+𝟐𝟑𝐤📱),https://www.threads.com/@realgeolier.2000___?xmt=AQF0c5GYN3GZJ_5brigCwMHsWnRnEf4bsQHqQO4ipA5uLP4,realgeolier23@gmail.com,N/A,chef aan huis Amsterdam
superdushichef,https://www.instagram.com/superdushichef/,👨🏿‍🍳 | Super Dushi Chef® 🏝 | 𝙎𝙤𝙪𝙡 𝙁𝙤𝙤𝙙. 𝙇𝙚𝙜𝙖𝙘𝙮. 𝙁𝙡𝙖𝙫𝙤𝙪𝙧. 📩 | Collabs: info@soulfood.nl 👇 | 𝗟𝗜𝗡𝗞 𝗩𝗢𝗢𝗥 𝗔𝗟𝗟𝗘𝗦,N/A,info@soulfood.nl,N/A,kookworkshop Hilversum
lterveld,https://www.instagram.com/lterveld/,👩‍💻Fulltime influ 🎙️Maakt @kinderendepodcast 🏡Interieur #Casaripperda 🍔#gewoonwateenstudentjesavondseet,https://www.threads.com/@lterveld?xmt=AQF0RVWjZIlJ_IqgohqBce5WXGJxcmpS5nmDYc5lizMzaJg,team@hellosparkle.nl,N/A,kookworkshop Leeuwarden
boekhandelkoops,https://www.instagram.com/boekhandelkoops/,"📍 Keulsepoort 12, Venlo ✉️ info@koopsboeken.nl 📞 077-3510900 📱 06-11685456 (WhatsApp)",N/A,info@koopsboeken.nl,N/A,thuiskok Venlo
urbanheartnederland,https://www.instagram.com/urbanheartnederland/,De leukste workshops en uitjes! We brengen creatievelingen samen. De makers en de volgers. Kom je creativiteit brengen,https://www.threads.com/@urbanheartnederland?xmt=AQF0xZ0XKBcxU4wX11S47xgIOSSkMepxyv5OH0W3LWktDpA,info@urbanheart.nl,N/A,kookworkshop Deventer
slagerijvandervooren,https://www.instagram.com/slagerijvandervooren/,Ambachtelijke slagerij sinds 1837 🥩 Thuis in de wereld van vlees 📞 071 512 06 86 📧 info@slagerijvandervooren.nl,N/A,info@slagerijvandervooren.nl,N/A,kookworkshop Leiden
keukenatelier,https://www.instagram.com/keukenatelier/,"Koken, bakken, proeven, delen 😍 Recept illustraties @louise_illustrator Collab: info@keukenatelier.com recepten linkjes",N/A,info@keukenatelier.com,N/A,kookworkshop Leiden
michellecarolinawalk,https://www.instagram.com/michellecarolinawalk/,"Morris, Benjamin, Olivia & Laurens @byjolienoe | @thats.so.us.depodcast contact | info@femmefab.nl",N/A,info@femmefab.nl,N/A,kok aan huis Leiden
sisterfood.nl,https://www.instagram.com/sisterfood.nl/,"Food, Cooking, Baking, Sisters Info@sisterfood.nl #sisterfood @sisterfood.nl",N/A,info@sisterfood.nl,N/A,private chef Leiden
martijnkookt,https://www.instagram.com/martijnkookt/,👨🏼‍🍳 Private Chef | Catering | Ofyr ✉️ martijn@mkookt.nl 📍 's-Hertogenbosch,N/A,martijn@mkookt.nl,N/A,private chef Leiden
elseceramics,https://www.instagram.com/elseceramics/,"Elin Selin ♡ elsekeramikyoga@gmail.com Studio & Shop - Trädgårdsgatan 17, Skellefteå Production potter at Formakademin",N/A,elsekeramikyoga@gmail.com,N/A,kookworkshop Den Bosch
smokeybasterds,https://www.instagram.com/smokeybasterds/,Luxe BBQ Catering & Workshops 🎥 YouTube: smokeybasterdsbbq 📹 Tiktok: @smokeybasterds info@smokeybasterds.nl www,https://www.threads.com/@smokeybasterds?xmt=AQF0jPutmLqv0OHMOEDdJ-yZv1Q7vqj1hz0WYmC9Ch491Vw,"sales@smokeybasterds.nl, info@smokeybasterds.nl",N/A,kookworkshop Apeldoorn
onno_pel,https://www.instagram.com/onno_pel/,CEO Pel Enterprises Auteur: SiCQ goed BBQ boek Ondernemer Business Coach,https://www.threads.com/@onno_pel?xmt=AQF08iz8wmAvAjjHDfiEVwwBQUHeOPVduz7ytBnAopsn8UQ,"reserveringen@soap-apeldoorn.nl, marketing@viscohoreca.nl",N/A,kookworkshop Apeldoorn
mohamed_swicci,https://www.instagram.com/mohamed_swicci/,Actor Choir Bass singer @theatreoperatunis 🕳 collab 📩 souissi.collab@gmail.com,https://www.threads.com/@mohamed_swicci?xmt=AQF0eACWql4uNiI9uTqr4W1DsO6aiCAcPtrLPW2v7R6PVDI,souissi.collab@gmail.com,N/A,chef aan huis Amersfoort
fi.business,https://www.instagram.com/fi.business/,Business. Career. Finance. Fashion. Self. 🎙️Podcast: How To Get The Job (Done) 🤝🏼Partnerships: fi@agencynola.nl 👇🏽,N/A,fi@agencynola.nl,N/A,content creator Hoorn
mirjam_hart,https://www.instagram.com/mirjam_hart/,ɪ’ᴍ ᴄᴏᴏʟᴇʀ on ᴛʜᴇ ɪɴᴛᴇʀɴᴇᴛ 💛 Mom of 🧑🏽‍🦱👦🏽👧🏼😺😺 🌿 Eco conscious 🌈 Niet bang voor kleur 🌏 Volg onze avonturen,https://www.threads.com/@mirjam_hart?xmt=AQF0uM8X-xfYhhj9gqQiB5WG4ZtjLdj-AqSWJxT0emCMKNg,info@eengoedverhaal.nu,N/A,vlogger Hoorn
omroepgld,https://www.instagram.com/omroepgld/,🎥 Nieuws & verhalen uit Gelderland 👀 Stories: verhalen van verslaggevers & quizjes 💬 @buitengewoon_gld &,https://www.threads.com/@omroepgld?xmt=AQF0uziugZS_rINCJW_JrYDcZPOC14v3prd2YBvobesDLig,omroep@gld.nl,N/A,influencer Doetinchem
mahrad_land,https://www.instagram.com/mahrad_land/,مَهراد Fashion || Model || Beauty || Lifestyle 📍The Netherlands 🇳🇱 📩 mahrad.damircheli@gmail.com,https://www.threads.com/@mahrad_land?xmt=AQG0KfogIKE-d08dcRtgqzmrYMx3QIGcponnn8-WEVU6eOQ,mahrad.damircheli@gmail.com,N/A,influencer Amsterdam
heymalith,https://www.instagram.com/heymalith/,• Just a chill guy eating on the gram💆🏽‍♂️ • Collabs@malith.nl 📩 • Amsterdam📍,N/A,collabs@malith.nl,N/A,food blogger Amsterdam
sonjaleigh_,https://www.instagram.com/sonjaleigh_/,Amsterdam | Den Haag Corporate Fashion Girlie Sharing interior updates 💌 sonja@doctheagency.com,https://www.threads.com/@sonjaleigh_?xmt=AQG0nd_hk6xLGk_5mcfzdA96qka5VD890o8Ijekxp12m2DM,sonja@doctheagency.com,N/A,beauty blogger Amsterdam
de_kraamfluencer,https://www.instagram.com/de_kraamfluencer/,Aanmelden voor Kraamzorg of samenwerking mail gerust. kraamzorgwf@gmail.com Voor een goed verzorgde kraamtijd!,https://www.threads.com/@de_kraamfluencer?xmt=AQF0LfsOShcnS08GTbuEVxtla6i0aBu1DxALxTSJy9kdDoU,kraamzorgwf@gmail.com,N/A,influencer Hoorn
aleynaerrcan,https://www.instagram.com/aleynaerrcan/,📍Netherlands 💌 aleynaerrcan@gmail.com Hair | Makeup | Fashion Creator ✨,N/A,aleynaerrcan@gmail.com,N/A,influencer Zeist
robvandevlierd,https://www.instagram.com/robvandevlierd/,For bookings please contact me at info@robvandevlierd.nl No TFP,N/A,info@robvandevlierd.nl,N/A,influencer Zeist
zeisters.nl,https://www.instagram.com/zeisters.nl/,Van A tot Zeist! Tip ons via info@zeisters.nl.,https://www.threads.com/@zeisters.nl?xmt=AQF0KFJlaAPq8vzSqe6JBE9SGLcXvw-PrM15oczIrJEJV84,"info@zeisters.nl, redactie@zeisterkrant.nl",N/A,influencer Zeist
unplugandplay.artiestenbureau,https://www.instagram.com/unplugandplay.artiestenbureau/,Non profit artiestenbureau 5.000+artiesten aangesloten ☎️0626341526 ✉info@unplugandplay.nl 🌏Fairtrade music 🎼Non,N/A,info@unplugandplay.nl,N/A,influencer Emmen
kerlicarlotta,https://www.instagram.com/kerlicarlotta/,📍amsterdam base 🌷lifestyle | travel | food 🪐GetYourGuide Ambassador 💌 carlottakerli@icloud.com,https://www.threads.com/@kerlicarlotta?xmt=AQG0yzZI771ulaWMNX5ZOEun2czgp_i_cuvVtKCSUYiAUis,carlottakerli@icloud.com,N/A,dutch influencer Amsterdam
ziannarazon,https://www.instagram.com/ziannarazon/,⭐️🫧🧸 wellness girlie in amsterdam ☆ fitness | healthy cooking | creator tips ugc/collabs 💌 : ziannarazon@gmail.com (11k,https://www.threads.com/@ziannarazon?xmt=AQG0XYsWxoUROjt276ZTH6q66QlwHTyIGeSuPIAXXdR-URE,ziannarazon@gmail.com,N/A,creator Amsterdam
girlsruntheworld.nl_esmar,https://www.instagram.com/girlsruntheworld.nl_esmar/,👩‍💻Tekstschrijver Esmar verwoordt 🌏voor teksten met impact! Mail me op info@esmarverwoordt.nl,https://www.threads.com/@girlsruntheworld.nl_esmar?xmt=AQF0YYFSb6SZnp6cvwAucZ7NeDNVUBobVF2hMIg5gJL_82s,info@esmarverwoordt.nl,N/A,content creator Alkmaar
rebeccamook,https://www.instagram.com/rebeccamook/,"🎨Welcome to my colorful feed 📸Sharing what I love: fashion, fitness, farming🐮 💌Collaborations: rebeccamook@upcmail.nl",N/A,rebeccamook@upcmail.nl,N/A,influencer Alkmaar
stylebygina_,https://www.instagram.com/stylebygina_/,♥ Content creator ♥ Stijlcoach | Wardrobe Reset | 👉🏼 DM RESET ★ Samenwerken?📧 Blog@stylebygina.nl,https://www.threads.com/@stylebygina_?xmt=AQG036KAEmHORkMGRtcQPufdK5EK06jKFS6XH4BcUxr771M,blog@stylebygina.nl,N/A,influencer Rotterdam
may_cate,https://www.instagram.com/may_cate/,👑 High-end Beauty 🇳🇱 🖊️ Inquiries: info@maycate.com 📖 Blog (96k unique v.a month),N/A,info@maycate.com,N/A,influencer Alkmaar
aribrasilis,https://www.instagram.com/aribrasilis/,Brasilian🇧🇷Dutch🇳🇱 🌎Travel Creator 📍Europe & Beyond ✈️Real Travel Tips 📩 (arialkmaar@gmail.com),https://www.threads.com/@aribrasilis?xmt=AQF0NGCJtI8PuGEb1RuRzXub-ZhBoSKGBl7YHZq1JqDAtdY,arialkmaar@gmail.com,N/A,influencer Alkmaar
travel.dicted,https://www.instagram.com/travel.dicted/,📍The Netherlands 🎥Youtube: @ traveldicted 💌 romy@TRAVELDICTED.COM 📸 Lr Preset packs ↴,N/A,romy@traveldicted.com,N/A,blogger Deventer
tastenijmegen,https://www.instagram.com/tastenijmegen/,🍽 Your guide to all things Nijmegen 🧜‍♀️ @stolenmermaid 📮Collabs: tastenijmegen@gmail.com 📱Tiktok 130K+ Likes,N/A,tastenijmegen@gmail.com,N/A,blogger Nijmegen
veganfeden,https://www.instagram.com/veganfeden/,🌱 Vegan content creator • Solo traveler 🤍Vegan hotspots worldwide & lifestyle 💌 feden.roorda@gmail.com 🇳🇱 NL,N/A,feden.roorda@gmail.com,N/A,influencer Tilburg
elisebogmans,https://www.instagram.com/elisebogmans/,Dutch🇳🇱 Samenwerkingen: dm of elisebogmans@icloud.com,N/A,elisebogmans@icloud.com,N/A,blogger Eindhoven
lifebychantal,https://www.instagram.com/lifebychantal/,"✨ Psychology student ✨ Fashion, beauty and lifestyle ✨ The Netherlands Tiktok: chantal_vds Collab?",https://www.threads.com/@lifebychantal?xmt=AQG01qXt9yyLSLI0X3O63ciBI6fJfz7yaB2N8ljv-jl2a1c,lifebychantalx@gmail.com,N/A,vlogger Utrecht
opstapmethas,https://www.instagram.com/opstapmethas/,has@thecollabclub.nl 𝗧𝗜𝗞𝗧𝗢𝗞 (67k+) 💍,https://www.threads.com/@opstapmethas?xmt=AQG0d_Bk1FYM55Fkmcwbp7PFay194HOj19UN-8FCy0G_qZs,has@thecollabclub.nl,N/A,food blogger Den Haag
francinevisuals,https://www.instagram.com/francinevisuals/,📸 Freelance creator - photo | video 📍 The Netherlands | worldwide ✉️ hi@twentyfourcreate.com | DM,https://www.threads.com/@francinevisuals?xmt=AQG0MNTH0K189_Dx_Pys19zJDbX_8kqd0J5Y1ucu1OsMhN8,hi@twentyfourcreate.com,N/A,content creator Den Haag
thehungryhague,https://www.instagram.com/thehungryhague/,Content Creator | Food • Lifestyle • Events 📍The Hague 🇳🇱🇹🇹 DM or 📧 djbmedia26@gmail.com 💕 Ambassador @thehague,N/A,djbmedia26@gmail.com,N/A,influencer Den Haag
daveyshendy98,https://www.instagram.com/daveyshendy98/,Binational couple 🇳🇱❤️🇵🇪 🎥Tiktok: daveyshendy98(+130K) 💌: jeaninne98@outlook.com 📍Alkmaar 🧀- The Netherlands Collabs:,N/A,jeaninne98@outlook.com,N/A,dutch influencer Rotterdam
jasmijnkremer,https://www.instagram.com/jasmijnkremer/,"Een (eerlijk) inkijkje… 🍋 26 | Rotterdam | Pareltjes in Rotterdam, fashion & cozy everyday living 🐕🌷| 2026 bride (!!) 💍",https://www.threads.com/@jasmijnkremer?xmt=AQG06iBfMsbnxS7UdVfdUHCEeWZR5rrpam12wSJNVEXzqMo,jassie2000@hotmail.nl,N/A,content creator Rotterdam
verena.friederich,https://www.instagram.com/verena.friederich/,FASHION | OOTD | INSPO 📍 The Netherlands 💌 verena.friederich@hotmail.com ❤️ Kiley,N/A,verena.friederich@hotmail.com,N/A,influencer Rotterdam
annabelsmitt,https://www.instagram.com/annabelsmitt/,a dutch girly living life in between Amsterdam & the US 💌 bookannabelsmit@gmail.com 🎓 NYU 📸 collab: anisa@basemodels.co,https://www.threads.com/@annabelsmitt?xmt=AQG0ysk7PbTaVbwzZlEzFEBk2rlHbCVixq5tWyexMakkYrA,"anisa@basemodels.co, bookannabelsmit@gmail.com",N/A,influencer Rotterdam
techboi.in,https://www.instagram.com/techboi.in/,❗️Tips & Tricks ❕#Tech | #Hacks | #Edits | #AI 🔓Unlocking Value in Every Reel 📧hellotechboi@gmail.com All Links ⬇️,N/A,hellotechboi@gmail.com,N/A,content creator Purmerend
jewellys_online,https://www.instagram.com/jewellys_online/,"📍 NEDERLAND, PURMEREND 💁🏻‍♀️ @lysannepaulus ✉️ Bestellen via DM",https://www.threads.com/@jewellys_online?xmt=AQF0GlKA_eJ7ZilGeNu2LWThTuuV6ubYclz-UzqT8ORMQsE,info@jewellys.nl,N/A,influencer Purmerend
simply_irisr,https://www.instagram.com/simply_irisr/,"21 y/o🪄 Mijn leven vol vibes, fashion & fun✨ 💌 irisrn2004@gmail.com ⭐️ TikTok (1k+ besties🦋) ⬎",https://www.threads.com/@simply_irisr?xmt=AQF0mZZkQt2cV3xL9Zc_AsMTlTDw-nan_o8nCbUZVFo4nP0,irisrn2004@gmail.com,N/A,influencer Venlo
noelt1611,https://www.instagram.com/noelt1611/,Wellnesshuisje314arcen@outlook.com Link in bio voor boekingen 📍The Netherlands,N/A,wellnesshuisje314arcen@outlook.com,N/A,influencer Venlo
defryskevlogger,https://www.instagram.com/defryskevlogger/,✉️info@defryskevlogger.nl,N/A,info@defryskevlogger.nl,N/A,vlogger Leeuwarden
batboy.nl,https://www.instagram.com/batboy.nl/,"💖My boys #Blogger #Dutch Living with 3 men, so girls rules 😋 Collab? info@batboy.nl https://www.batboy.nl",N/A,info@batboy.nl,N/A,blogger Hengelo
ad_rotterdam,https://www.instagram.com/ad_rotterdam/,Officieel account van AD Rotterdams Dagblad Nieuwstips? Mail ons via rd.redactie@ad.nl Lees meer 👇,N/A,rd.redactie@ad.nl,N/A,influencer Vlaardingen
annevedder,https://www.instagram.com/annevedder/,"Founder of @vedder.vedder , @vedder.diamonds & @featherwomen 📖: “No Guts, No Gold” 📧 anne@andagency.amsterdam",N/A,anne@andagency.amsterdam,N/A,vlogger Bergen op Zoom
drielingmoeder_tatiana,https://www.instagram.com/drielingmoeder_tatiana/,"Het leven met een drieling & mama🩷 📸Chaos, liefde en echte verhalen 📖Mijn dagboek voor Hope, Faith & Charity 📧",https://www.threads.com/@drielingmoeder_tatiana?xmt=AQF0wJ3tmoVeBMxuoOYzkFEi8SpxXskr0MK8EUIXnuvuUo4,tatiana@connectedcreatorsagency.com,N/A,vlogger Bergen op Zoom
steffieelshoutt,https://www.instagram.com/steffieelshoutt/,"tufting (twin) mom, just got back from her maternity leave Info@steffievandenelshout.nl 📮💌",N/A,info@steffievandenelshout.nl,N/A,influencer Veenendaal
shavida,https://www.instagram.com/shavida/,"Mijn leven op een boederij en daaromheen, neem gerust contact met mij op. shavida.zakelijk@gmail.com",N/A,shavida.zakelijk@gmail.com,N/A,blogger Almelo
suraya_de_wimperspecialist,https://www.instagram.com/suraya_de_wimperspecialist/,Founder @beautybysuraya.official • 🧸 Happy Mom • 💍 in Love with @mrgravenbeek • 💌 suraya@beautybysuraya.nl,https://www.threads.com/@suraya_de_wimperspecialist?xmt=AQF0J894mw8uCUSjugFLNyxmoBnN4Z3EkgCCTLhHCdR6zX4,suraya@beautybysuraya.nl,N/A,influencer Lelystad
tessdewi,https://www.instagram.com/tessdewi/,☾ Lifestyle & stijl vanuit rust ☾ Moeder | soms chaotisch ☾ Niet altijd volgens plan ☾ Collab? tess@cloud9ine.nl,https://www.threads.com/@tessdewi?xmt=AQF0HIIoInzsKN9Kzg1vLjsxL9vVuE2h1Pv9m5d0GK49kx0,tess@cloud9ine.nl,N/A,influencer Deventer
flywitheva,https://www.instagram.com/flywitheva/,"👩‍✈️ My online diary: flying and more 😄✈️🌏! 📩Contact: iflywitheva@gmail.com 📍Girl from The Netherlands, living in Hong",https://www.threads.com/@flywitheva?xmt=AQF07Cna7sdNq9wqvIXK4ktXcMX52tN0EyDs89_otPKprcA,iflywitheva@gmail.com,N/A,influencer Haarlem
ramonecharissa,https://www.instagram.com/ramonecharissa/,Amsterdam | Brooklyn TT: ramonecharissa (185K+) YT: ramonecharissa (40K+) ramone@maja-agenzy.com,N/A,ramone@maja-agenzy.com,N/A,content creator Haarlem
bydeanmarc,https://www.instagram.com/bydeanmarc/,▫️founder & director @craftersanddrifters ▫️Haarlem / Malaga ▫️foodie by heart ▫️dean@craftersanddrifters.com ▫️ @dd,N/A,dean@craftersanddrifters.com,N/A,influencer Haarlem
noanoella,https://www.instagram.com/noanoella/,◦ Partnered @twitch Streamer 💌 info@noanoella.nl,N/A,info@noanoella.nl,N/A,creator Haarlem
makemeblushnl,https://www.instagram.com/makemeblushnl/,💕 youtube /makemeblush | 40k ☕️ tiktok /makemeblushnl | 27k ✉️ info@makemeblush.nl,N/A,info@makemeblush.nl,N/A,blogger Arnhem
aafkemelgers,https://www.instagram.com/aafkemelgers/,Wannabe influencer (tot het echt zo ver is) Ook nog moeder van Ted 📍 Arnhem 💌 samenwerken@aafkemelgers.nl,N/A,samenwerken@aafkemelgers.nl,N/A,influencer Arnhem
dehuismama,https://www.instagram.com/dehuismama/,🌸 Kijkje in het chaotische leven als mama van 6! ✝️ God is Good 💌 Samenwerkingen: marlissa@connectedcreatorsagency.com,N/A,marlissa@connectedcreatorsagency.com,N/A,influencer Nijmegen
alaa__al__,https://www.instagram.com/alaa__al__/,♥️Curvy and proud📍Amsterdam 🇳🇱 Working full-time in IT 👩🏻‍💻 💌 alaainstacollabs@gmail.com 👸🏻Miss Top of The World Plus,N/A,alaainstacollabs@gmail.com,N/A,influencer Almere
maya_mea__,https://www.instagram.com/maya_mea__/,𝐌𝐚𝐲𝐚 𝐌𝐞𝐚 💃 Happy vibes inspiration for your closet 🪩 🩷 Color Analysis Your fashion bestie-in-crime ✨ ✉️ Collab?,https://www.threads.com/@maya_mea__?xmt=AQF0LFS3LO-nNqh5jZol5TupmoHUjBdrhJUh2Z5HcZeTO6M,info@mayamea.nl,N/A,dutch influencer Almere
chaneldebruijn,https://www.instagram.com/chaneldebruijn/,• Email: chanel@getinfluenced.nl,N/A,chanel@getinfluenced.nl,N/A,beauty blogger Almere
jamey.nl,https://www.instagram.com/jamey.nl/,"✉️ Samenwerken? Mail: info@jamey.nl ✉️ Content Creator, Fotograaf, UGC Creator ♥ Noé (‘17) en Manu (‘20) 🥰",https://www.threads.com/@jamey.nl?xmt=AQF0KOERrMDfuExJWlpk_srZCnFb2iyJa6hK4PigC0F5lKc,info@jamey.nl,N/A,blogger Nijmegen
lina.shishkovaa,https://www.instagram.com/lina.shishkovaa/,lifestyle | 📍Groningen 🇳🇱/ Valencia 🇪🇸 💌 angelinashishka03@gmail.com,https://www.threads.com/@lina.shishkovaa?xmt=AQF0SSiawKfd6-ggpbrwgvG5Un1LYAg5g2a8pgyDGQ2Nn6Y,angelinashishka03@gmail.com,N/A,influencer Groningen
tjitsker,https://www.instagram.com/tjitsker/,"28 y/o Dutch girl sharing her daily fashion, travel & lifestyle diary 🩷🦋🌼🍓🐝🌿 💌 Let's collab! DM or",https://www.threads.com/@tjitsker?xmt=AQF0Z-atMAe37ALszwnQoYLyfCOlBndbvgn12XHAjS7F5Mk,tjitske_rutten@outlook.com,N/A,dutch influencer Almere
mieksmind,https://www.instagram.com/mieksmind/,"Kocht een zeilboot. Spijt? Soms😅 Eten, zeilen + eerlijk bootleven in Spanje & Ibiza 📍Cartagena --> Ibiza",https://www.threads.com/@mieksmind?xmt=AQF0uTtkhtUx984evf7NtWzHVhgEviRXtdp073XMszupqrM,info@mieksmind.nl,N/A,blogger Breda
needastylebreak,https://www.instagram.com/needastylebreak/,☆ The Netherlands ☆ Fashion • lifestyle • interior ☆ Collab? sannedenijs@live.nl 💌,N/A,sannedenijs@live.nl,N/A,blogger Breda
indosbelike,https://www.instagram.com/indosbelike/,Keeping our cultural heritage alive through laughter and merchandise. ✉️ Vragen of info: info@indosbelike.nl,N/A,info@indosbelike.nl,N/A,vlogger Breda
lindseybeljaars,https://www.instagram.com/lindseybeljaars/,"📸 Content creator & UGC creator 🌟 Fashion, beauty, interieur, mommy & travel ✉️ info@lindseybeljaars.nl 👩🏼‍💻 Mijn",N/A,info@lindseybeljaars.nl,N/A,vlogger Breda
jeffreylake,https://www.instagram.com/jeffreylake/,"🎤 Nederpop singer and television , Influencer 📖 Voor boekingen & info bel of mail naar: info@leolauffer.com Telefoon: +",https://www.threads.com/@jeffreylake?xmt=AQF0iEn3qwtlCgwsTglc1fwri5cHTM939X9RPNXUfYle_QY,info@leolauffer.com,N/A,vlogger Nijmegen
kamil87hol,https://www.instagram.com/kamil87hol/,#netherlands #holland Polak🇵🇱W Holandii🇳🇱 YouTube 🎥👇👇👇 Praca 🌶🌶🌶 Współpraca spinkiholland@gmail.com,N/A,spinkiholland@gmail.com,N/A,vlogger Zwolle
thisisdaniel7,https://www.instagram.com/thisisdaniel7/,🇸🇰 in 🇳🇱 📧 danielduben66@gmail.com Aquarius ♒️ 26,https://www.threads.com/@thisisdaniel7?xmt=AQF0WK2q6DFmusbcqn5H5rnkB3ke_Y7Zx4vxcWCsb7UkPBU,danielduben66@gmail.com,N/A,content creator Leiden
de_stentor,https://www.instagram.com/de_stentor/,🗞de Stentor 📱Nieuws uit jóuw regio & de wereld 📩Tips? DM of mail naar online@destentor.nl! 📍Lees meer! ⤵️,N/A,online@destentor.nl,N/A,vlogger Zwolle
soreh_writes,https://www.instagram.com/soreh_writes/,"Content Creation, Writing, & 🇳🇱➡️🇺🇸Translations 📧 soreh@sorehwrites.com ✍️ CVs, cover letters, website texts, social",N/A,soreh@sorehwrites.com,N/A,content creator Dordrecht
dana.monique,https://www.instagram.com/dana.monique/,👩🏼‍💻 @danamannessencoaching ✉️ info@danamannessen.nl,https://www.threads.com/@dana.monique?xmt=AQF0yHz2zBwlZqZ7PHwTXdaHo4j1-Jrvo3kHtSBp5xHUoYY,"dana@danamoniquemedia.nl, info@danamannessen.nl",N/A,influencer Dordrecht
b4men.nl,https://www.instagram.com/b4men.nl/,🚹:Jan Willem Huffmeijer. ✍🏻:Blogger B4men.nl. 💈:Barbier B4men Barbershop 📧: info@b4men.nl. #b4men,N/A,info@b4men.nl,N/A,food blogger Hoofddorp
ad_nl,https://www.instagram.com/ad_nl/,🗞 Algemeen Dagblad 📧 Tips? Mail internet@ad.nl🤝 Check ook @ADSportwereld ⚽️ en @ADShownieuws 🕺📲 Download onze app of,https://www.threads.com/@ad_nl?xmt=AQF0slPsJIQIrjo1UZG7r6ICFKSFkEIj8-ilXt2j2QF0qgM,internet@ad.nl,N/A,influencer Apeldoorn
byminousch,https://www.instagram.com/byminousch/,Bedrijfsportretten & headshots Minouschremie@outlook.com 📍 Apeldoorn,N/A,minouschremie@outlook.com,N/A,influencer Apeldoorn
mijnhuisje_,https://www.instagram.com/mijnhuisje_/,"Interior, Lifestyle, Fashion & Momlife. Mom of James 🧒 opzoek naar een fijn nieuw 🏡 📧 Email: Mijnhuisje_@outlook.com",N/A,mijnhuisje_@outlook.com,N/A,blogger Apeldoorn
melvinvanhuetlindeman,https://www.instagram.com/melvinvanhuetlindeman/,Luxury Hospitality & Fine-Dining Photographer For collaborations please contact us at info@melvinvanhuetlindeman.nl 📩,N/A,info@melvinvanhuetlindeman.nl,N/A,content creator Apeldoorn
daphnevankerkhoff,https://www.instagram.com/daphnevankerkhoff/,𝐸𝑣𝑒𝑟𝑦 𝑚𝑜𝑚𝑒𝑛𝑡 𝑡𝑒𝑙𝑙𝑠 𝑎 𝑠𝑡𝑜𝑟𝑦. ♥ Mommy of Bibi-Faye ✉︎ info@favouritesbydaphne.nl,https://www.threads.com/@daphnevankerkhoff?xmt=AQF0vB1f-mRpY0VZEeZLt5P8UXit4-lSMZZ8LdfBUd1Iba8,info@favouritesbydaphne.nl,N/A,vlogger Den Bosch
temi.creates,https://www.instagram.com/temi.creates/,Content Creator Busty girl fashion🍒| hair |beauty| skincare Lifestyle • Tips • Reviews • Inspo 📍Lagos Work with me 👇 📧,https://www.threads.com/@temi.creates?xmt=AQF0gue43aZGtHNqwRtM2cf-yL0dAkoLpPGBauGcsfXypJM,ehinmetankehinde@gmail.com,N/A,content creator Amersfoort
neondesigns,https://www.instagram.com/neondesigns/,Dutch ⚡️neon & advertising company ⚡️All projects copyright Requests: info@neondesigns.nl,https://www.threads.com/@neondesigns?xmt=AQF0Gow1wQQDcHx6wE7ajQsaRfj15Lokj7J4fFTW-c_VMz4,info@neondesigns.nl,N/A,influencer Den Bosch
geniet.met.san,https://www.instagram.com/geniet.met.san/,Het leven is te kort om saai te koken 🌶️ 🍋 Thuisdiners 👩‍🍳 Recepten 📩 info@genietmetsan.nl,N/A,info@genietmetsan.nl,N/A,blogger Den Bosch
kellycamfferman,https://www.instagram.com/kellycamfferman/,Outfits • tips • trips • good vibes only 🤩 Baby on the way 👶🏼🌈 aug ‘26 Collab? 💌 vertel@tipvankel.nl,N/A,vertel@tipvankel.nl,N/A,blogger Den Bosch
highonthoseheels,https://www.instagram.com/highonthoseheels/,Content Manager @america_today Fashion/Dancer/Motivera Amsterdam 🦋 • veravanwijnen@gmail.com,N/A,veravanwijnen@gmail.com,N/A,blogger Den Bosch
alianca1919,https://www.instagram.com/alianca1919/,1🌟Michelin 2☀️☀️ Repsol Local modernista del 1919 Cuina creativa del territori 👨🏻‍🍳 @alexcarreraalonso  🍷 @crisfeliu90 #aliançaangles,http://www.alianca1919.com/,info@alianca1919.com,11312,chef aan huis Amersfoort
julias.2001,https://www.instagram.com/julias.2001/,,https://bit.ly/48KewGd?utm_source=ig&utm_medium=social&utm_content=link_in_bio&fbclid=PAZXh0bgNhZW0CMTEAc3J0YwZhcHBfaWQPOTM2NjE5NzQzMzkyNDU5AAGnP1LCwZFzcF4wHPHppEx1jc0OGACGG5OZKiFjk6PpHOAxbwZXy-hyNoMKYRo_aem_gh72NhXshbcHs5g-WzCm3w,api-services-support@amazon.com,59400,kok aan huis Delft
miniliefde,https://www.instagram.com/miniliefde/,,https://about.meta.com/,info@miniliefde.nl,22600,kookworkshop Alkmaar
streekstadcentraal,https://www.instagram.com/streekstadcentraal/,,https://streekstadcentraal.nl/?utm_source=ig&utm_medium=social&utm_content=link_in_bio&fbclid=PAZXh0bgNhZW0CMTEAc3J0YwZhcHBfaWQPOTM2NjE5NzQzMzkyNDU5AAGnKBVk5KARZRwMqf8KVxUTGrh4cB0RIClGfDdyd8ZxLgn3jAZHRlZxWRZ4dN4_aem_rpK6xZcVOcC6uq0A6f1pBQ,redactie@streekstadcentraal.nl,10700,kookworkshop Alkmaar
sweetmorning._,https://www.instagram.com/sweetmorning._/,,https://www.canva.com/design/DAHAxOQEEGI/1iiYUaNbdDMVZO7TVxtbxQ/view?utm_content=DAHAxOQEEGI&utm_campaign=designshare&utm_medium=link2&utm_source=uniquelinks&utlId=h31a42a71e3&fbclid=PAZXh0bgNhZW0CMTEAc3J0YwZhcHBfaWQPOTM2NjE5NzQzMzkyNDU5AAGnuq5A-LZFnRgGKB_-y1KfMXQeqUqjFAyVn0PsZJGC3QqdM6dMQThLXlSD39Q_aem_4JLimIo8nVBluWEGjr6oOA,"944d224d45b943ba9f96396432dfd868@o13855.ingest.sentry.io, u002f944d224d45b943ba9f96396432dfd868@o13855.ingest.sentry.io",20100,catering aan huis Lelystad
marionpluimes,https://www.instagram.com/marionpluimes/,,https://linktr.ee/marionpluimes?utm_source=ig&utm_medium=social&utm_content=link_in_bio&fbclid=PAZXh0bgNhZW0CMTEAc3J0YwZhcHBfaWQPOTM2NjE5NzQzMzkyNDU5AAGnJxh_7QNLbmNWF11ENCsR9tadEdozdrkKIyLyWUjtg72uxnEILbHl65PndkA_aem_BUSlg_kBl43VRoZeCyk_qQ,info@pluimes.nl,10600,kookworkshop Breda
gutsgusto,https://www.instagram.com/gutsgusto/,,https://www.gutsgusto.com/vacatures?utm_source=ig&utm_medium=social&utm_content=link_in_bio&fbclid=PAZXh0bgNhZW0CMTEAc3J0YwZhcHBfaWQPOTM2NjE5NzQzMzkyNDU5AAGnHynChZ96xl4HKbYUcWU_q8ig7oSGUfFFdWnnS1Z5uEftNwecbF_yaBOuwzE_aem_nOgBxyAx6A2pKEi-7bCS0Q,"a1209a73a95c443a998df4bb3465bfe2@o1092046.ingest.sentry.io, info@gutsgusto.com, jobs@gutsgusto.com",283000,kok aan huis Harderwijk
entreemag,https://www.instagram.com/entreemag/,,https://about.meta.com/,"redactie@entreemagazine.nl, info@managementmedia.nl",31300,kok aan huis Harderwijk
mayandjune_nl,https://www.instagram.com/mayandjune_nl/,,https://about.meta.com/,gardenfest@studiomayandjune.com,61500,kookworkshop Bergen op Zoom
atelier58_,https://www.instagram.com/atelier58_/,,https://about.meta.com/,info@atelier-58.nl,55900,kookworkshop Bergen op Zoom
naturallyzuzu,https://www.instagram.com/naturallyzuzu/,,https://about.meta.com/,user@domain.com,191000,chef aan huis Zeist
