Name,Email,Website,Has IT Team?,Automation Mention?,Phone,Maps URL,City,Sector
Horecagemak B.V.,info@horecagemak.nl,http://www.horecagemak.nl/,No,Yes,Telefoon: 085 060 6072,https://www.google.com/maps/place/Horecagemak+B.V./data=!4m7!3m6!1s0x47c435877bbff9e9:0xdb7ae78c19eb01f!8m2!3d51.985077!4d4.371147!16s%2Fg%2F11j38plr6m!19sChIJ6fm_e4c1xEcRH7CewXiutw0?authuser=0&hl=nl&rclk=1,Rotterdam,groothandel
Sahan Horeca Groothandel,info@sahanhoreca.nl,http://www.sahanhoreca.com/,No,No,Telefoon: 010 245 7629,https://www.google.com/maps/place/Sahan+Horeca+Groothandel/data=!4m7!3m6!1s0x47c435242a786b71:0xcfcadc51d41105ea!8m2!3d51.9252867!4d4.4199135!16s%2Fg%2F1vd3tzgz!19sChIJcWt4KiQ1xEcR6gUR1FHcys8?authuser=0&hl=nl&rclk=1,Rotterdam,groothandel
ACS Groothandel,info@acsgroothandel.nl,http://www.acsgroothandel.nl/,No,No,Telefoon: 010 437 7578,https://www.google.com/maps/place/ACS+Groothandel/data=!4m7!3m6!1s0x47c435249c389d73:0xf0fda195f0a444f0!8m2!3d51.9465689!4d4.4122797!16s%2Fg%2F1hm3p1t5y!19sChIJc504nCQ1xEcR8ESk8JWh_fA?authuser=0&hl=nl&rclk=1,Rotterdam,groothandel
MELEDI Horeca Groothandel,,https://www.meledi.nl/,No,No,Telefoon: 010 310 7070,https://www.google.com/maps/place/MELEDI+Horeca+Groothandel/data=!4m7!3m6!1s0x47c432f99d155555:0xb573b4fa126ccbe4!8m2!3d51.8965075!4d4.5354765!16s%2Fg%2F11f5dbpc_4!19sChIJVVUVnfkyxEcR5MtsEvq0c7U?authuser=0&hl=nl&rclk=1,Rotterdam,groothandel
Multi Food Trading B.V.,info@multifootmarket.nl,https://multifoodtrading.nl/,No,No,Telefoon: 010 223 2643,https://www.google.com/maps/place/Multi+Food+Trading+B.V./data=!4m7!3m6!1s0x47c4352c4bc3a131:0x897c8f60a9a73e30!8m2!3d51.9339908!4d4.419188!16s%2Fg%2F1ptw_zqf5!19sChIJMaHDSyw1xEcRMD6nqWCPfIk?authuser=0&hl=nl&rclk=1,Rotterdam,groothandel
Sligro Rotterdam Spaanse Polder,,https://www.sligro.nl/vestigingen/rotterdam-spaanse-polder.html,No,No,Telefoon: 010 298 4141,https://www.google.com/maps/place/Sligro+Rotterdam+Spaanse+Polder/data=!4m7!3m6!1s0x47c4353209243561:0xa0dcb9803bb61838!8m2!3d51.934459!4d4.414481!16s%2Fg%2F1tdvz1qc!19sChIJYTUkCTI1xEcROBi2O4C53KA?authuser=0&hl=nl&rclk=1,Rotterdam,groothandel
Groothandelsmarkt,m.vanekeris@urbanindustrial.nl,http://groothandelsmarktrotterdam.nl/,No,No,Telefoon: 010 415 2122,https://www.google.com/maps/place/Groothandelsmarkt/data=!4m7!3m6!1s0x47c4352e0e9dbd69:0xf7c16782ae901693!8m2!3d51.9331457!4d4.4158908!16s%2Fg%2F11f1vnz956!19sChIJab2dDi41xEcRkxaQroJnwfc?authuser=0&hl=nl&rclk=1,Rotterdam,groothandel
Shén Huà S&H Groothandel,info@sh-groothandel.com,http://sh-groothandel.com/,No,No,Telefoon: 010 321 6626,https://www.google.com/maps/place/Sh%C3%A9n+Hu%C3%A0+S%26H+Groothandel/data=!4m7!3m6!1s0x47c5cb3f2a953645:0x8620be1fecd3301f!8m2!3d51.953371!4d4.4536992!16s%2Fg%2F1tkjkcw1!19sChIJRTaVKj_LxUcRHzDT7B--IIY?authuser=0&hl=nl&rclk=1,Rotterdam,groothandel
Alla Marca Food BV | Rotterdam,info@allamarcafood.nl,https://www.allamarcafood.nl/,No,No,Telefoon: 020 688 5748,https://www.google.com/maps/place/Alla+Marca+Food+BV+%7C+Rotterdam/data=!4m7!3m6!1s0x47c4352c4e582c51:0xbf48da1da7189812!8m2!3d51.9353138!4d4.4188255!16s%2Fg%2F11hbr46lz0!19sChIJUSxYTiw1xEcREpgYpx3aSL8?authuser=0&hl=nl&rclk=1,Rotterdam,groothandel
"""De Randsteden"" Horeca Groothandel",,http://www.horecacentrum.nl/,No,No,Telefoon: 070 385 8700,https://www.google.com/maps/place/%22De+Randsteden%22+Horeca+Groothandel/data=!4m7!3m6!1s0x47c5b6e0a86ea9a5:0xda496d2e09a2a9c7!8m2!3d52.0698291!4d4.3427819!16s%2Fg%2F1vkxlfr8!19sChIJpaluqOC2xUcRx6miCS5tSdo?authuser=0&hl=nl&rclk=1,Den Haag,groothandel
PontMeyer Den Haag Mercuriusweg,PontMeyer+Den+Haag+Mercuriusweg+@52.07084,https://www.pontmeyer.nl/vestiging/pontmeyer-den-haag-mercuriusweg?utm_source=google-places&utm_medium=organic&utm_campaign=google-places-pontmeyer-den-haag-mercuriusweg,No,No,Telefoon: 070 383 8700,https://www.google.com/maps/place/PontMeyer+Den+Haag+Mercuriusweg/data=!4m7!3m6!1s0x47c5b6fc32a033eb:0x930f710e5f2253ea!8m2!3d52.070777!4d4.338963!16s%2Fg%2F1tlc77nm!19sChIJ6zOgMvy2xUcR6lMiXw5xD5M?authuser=0&hl=nl&rclk=1,Den Haag,groothandel
Emigro B.V,,https://emigro.nl/,No,No,Telefoon: 070 388 8813,https://www.google.com/maps/place/Emigro+B.V/data=!4m7!3m6!1s0x47c5b6de75314051:0x1edfa1e69dc7ef46!8m2!3d52.064632!4d4.3167301!16s%2Fg%2F1ttyvy4p!19sChIJUUAxdd62xUcRRu_Hneah3x4?authuser=0&hl=nl&rclk=1,Den Haag,groothandel
Sligro Den Haag Forepark,,https://www.sligro.nl/vestigingen/den-haag-forepark.html,No,No,Telefoon: 070 317 7777,https://www.google.com/maps/place/Sligro+Den+Haag+Forepark/data=!4m7!3m6!1s0x47c5b62b42d32527:0x2c2a2357cddc0e1e!8m2!3d52.067557!4d4.390795!16s%2Fg%2F1wj_56kb!19sChIJJyXTQiu2xUcRHg7czVcjKiw?authuser=0&hl=nl&rclk=1,Den Haag,groothandel
HANOS Den Haag - Delft,receptie_delft@hanos.nl,https://www.hanos.nl/nl/groothandel/HANOS-Denhaag-Delft,No,No,Telefoon: 015 800 0400,https://www.google.com/maps/place/HANOS+Den+Haag+-+Delft/data=!4m7!3m6!1s0x47c5b5e0447f25f5:0x9b26aa641be3fe36!8m2!3d52.0237893!4d4.3661055!16s%2Fg%2F11bwn565lr!19sChIJ9SV_ROC1xUcRNv7jG2SqJps?authuser=0&hl=nl&rclk=1,Den Haag,groothandel
MELEDI Horeca Groothandel,,https://www.meledi.nl/,No,No,Telefoon: 070 222 6161,https://www.google.com/maps/place/MELEDI+Horeca+Groothandel/data=!4m7!3m6!1s0x47c5b70f60c24489:0x20014961e3102539!8m2!3d52.0669981!4d4.3888061!16s%2Fg%2F11kptqwxnj!19sChIJiUTCYA-3xUcROSUQ42FJASA?authuser=0&hl=nl&rclk=1,Den Haag,groothandel
Sligro Den Haag Kerketuinenweg,,https://www.sligro.nl/vestigingen/den-haag-zichtenburglaan.html,No,No,Telefoon: 070 366 8587,https://www.google.com/maps/place/Sligro+Den+Haag+Kerketuinenweg/data=!4m7!3m6!1s0x47c5b172652850b7:0x85631d28fedeb528!8m2!3d52.050878!4d4.256512!16s%2Fg%2F1vljfhy6!19sChIJt1AoZXKxxUcRKLXe_igdY4U?authuser=0&hl=nl&rclk=1,Den Haag,groothandel
H.A.S. Groothandel B.V.,info@hasgroothandel.nl,http://www.hasgroothandel.nl/,No,No,Telefoon: 070 388 1789,https://www.google.com/maps/place/H.A.S.+Groothandel+B.V./data=!4m7!3m6!1s0x47c5b6c53b1c33a3:0x599984e81a3567e!8m2!3d52.0591828!4d4.3080701!16s%2Fg%2F1td8y949!19sChIJozMcO8W2xUcRflajgU6YmQU?authuser=0&hl=nl&rclk=1,Den Haag,groothandel
