Business Name,Query,City,Phone,Website,Email,Booking System,Google Reviews,Google Maps URL
Sage & Summit Consulting Ltd.,management consulting,Edmonton AB,+18667740390,http://www.sage-summit.com/,info@sage-summit.ca,Tock,0,https://www.google.com/maps/place/Sage+%26+Summit+Consulting+Ltd./data=!4m7!3m6!1s0x53a0224675ecbd41:0x63f2e9020a967f26!8m2!3d53.518268!4d-113.495927!16s%2Fg%2F11f4qh2yv0!19sChIJQb3sdUYioFMRJn-WCgLp8mM?authuser=0&hl=en&g_ep=EgoyMDI2MDgyNi4wIJJjKgBIAVAD&rclk=1
The Business Builders by Workplaces,management consulting,Edmonton AB,+17808506957,https://www.4workplaces.com/,info@4workplaces.com,None,0,https://www.google.com/maps/place/The+Business+Builders+by+Workplaces/data=!4m7!3m6!1s0x53a021208be9d58b:0xff70cc83db545aea!8m2!3d53.5235338!4d-113.4943152!16s%2Fg%2F11cp5r77sn!19sChIJi9XpiyAhoFMR6lpU24PMcP8?authuser=0&hl=en&g_ep=EgoyMDI2MDgyNi4wIJJjKgBIAVAD&rclk=1
Concord Consulting Corporation,management consulting,Edmonton AB,+17804646688,http://www.concordconsulting.com/,,None,0,https://www.google.com/maps/place/Concord+Consulting+Corporation/data=!4m7!3m6!1s0x53a017d6d4efab77:0x9bedf19fc4c7e93!8m2!3d53.5437588!4d-113.5364177!16s%2Fg%2F1tdy8rh6!19sChIJd6vv1NYXoFMRk35M_Bnfvgk?authuser=0&hl=en&g_ep=EgoyMDI2MDgyNi4wIJJjKgBIAVAD&rclk=1
Redstone Management Consulting,management consulting,Edmonton AB,+17804294026,,,None,0,https://www.google.com/maps/place/Redstone+Management+Consulting/data=!4m7!3m6!1s0x53a0224b3a6cc3d1:0xd65d8a8534fbc01f!8m2!3d53.5511703!4d-113.5055122!16s%2Fg%2F11b5wkllqs!19sChIJ0cNsOksioFMRH8D7NIWKXdY?authuser=0&hl=en&g_ep=EgoyMDI2MDgyNi4wIJJjKgBIAVAD&rclk=1
The Business Clinic,management consulting,Edmonton AB,+17809823102,https://business-clinic.ca/,hello@business-clinic.ca,None,0,https://www.google.com/maps/place/The+Business+Clinic/data=!4m7!3m6!1s0x53a022386b955555:0xe9b81f1258c9e35a!8m2!3d53.5406818!4d-113.5108434!16s%2Fg%2F11f3xfn577!19sChIJVVWVazgioFMRWuPJWBIfuOk?authuser=0&hl=en&g_ep=EgoyMDI2MDgyNi4wIJJjKgBIAVAD&rclk=1
Matrix Consulting Group Inc.,management consulting,Edmonton AB,+17804651444,http://www.matrixconsulting.ca/,info@matrixconsulting.ca,None,0,https://www.google.com/maps/place/Matrix+Consulting+Group+Inc./data=!4m7!3m6!1s0x53a018c6c2c4a40d:0xb084d007b9e02884!8m2!3d53.491274!4d-113.4165976!16s%2Fg%2F1tdp0456!19sChIJDaTEwsYYoFMRhCjguQfQhLA?authuser=0&hl=en&g_ep=EgoyMDI2MDgyNi4wIJJjKgBIAVAD&rclk=1
X5 Management,management consulting,Edmonton AB,+15879829595,http://www.x5management.com/,info@x5management.com,None,0,https://www.google.com/maps/place/X5+Management/data=!4m7!3m6!1s0x539ff584118691c3:0xb581e8b665eb8534!8m2!3d53.5426277!4d-113.494684!16s%2Fg%2F12354m1v_!19sChIJw5GGEYT1n1MRNIXrZbbogbU?authuser=0&hl=en&g_ep=EgoyMDI2MDgyNi4wIJJjKgBIAVAD&rclk=1
Smiths Consulting,management consulting,Edmonton AB,+18882129002,http://www.smithsconsulting.ca/,admin@smithsconsulting.ca,None,0,https://www.google.com/maps/place/Smiths+Consulting/data=!4m7!3m6!1s0x53a0236c990802b5:0xdfaf0d154ba33179!8m2!3d53.5301068!4d-113.4104682!16s%2Fg%2F11j0srt4cn!19sChIJtQIImWwjoFMReTGjSxUNr98?authuser=0&hl=en&g_ep=EgoyMDI2MDgyNi4wIJJjKgBIAVAD&rclk=1
Omni Consulting,management consulting,Edmonton AB,+17807776777,http://www.omniconsulting.ca/,info@omniconsulting.ca,None,0,https://www.google.com/maps/place/Omni+Consulting/data=!4m7!3m6!1s0x53a02231313ba7b9:0x5092138b0ebb0f98!8m2!3d53.4316347!4d-113.4691857!16s%2Fg%2F11c1wkyddh!19sChIJuac7MTEioFMRmA-7DosTklA?authuser=0&hl=en&g_ep=EgoyMDI2MDgyNi4wIJJjKgBIAVAD&rclk=1
Western Management Consultants,management consulting,Edmonton AB,+17804281501,http://www.wmc.ca/,info@wmc.ca,None,0,https://www.google.com/maps/place/Western+Management+Consultants/data=!4m7!3m6!1s0x53a023d396126b1d:0xb9817e9889772162!8m2!3d53.54648!4d-113.53619!16s%2Fg%2F1tmkknm0!19sChIJHWsSltMjoFMRYiF3iZh-gbk?authuser=0&hl=en&g_ep=EgoyMDI2MDgyNi4wIJJjKgBIAVAD&rclk=1
Applications Management Consulting,management consulting,Edmonton AB,+17804256741,http://www.applmgt.com/,,None,0,https://www.google.com/maps/place/Applications+Management+Consulting/data=!4m7!3m6!1s0x53a0224509e5d99d:0x83e0e0695e2b718c!8m2!3d53.542158!4d-113.4879!16s%2Fg%2F1vyn3k2d!19sChIJndnlCUUioFMRjHErXmng4IM?authuser=0&hl=en&g_ep=EgoyMDI2MDgyNi4wIJJjKgBIAVAD&rclk=1
M CONSULTING GROUP,management consulting,Edmonton AB,+17802218218,http://mconsultinggroup.ca/,consulting@wildeag.ca,None,0,https://www.google.com/maps/place/M+CONSULTING+GROUP/data=!4m7!3m6!1s0x53a0224603958839:0xde801d89b7d30f26!8m2!3d53.5426007!4d-113.4945978!16s%2Fg%2F11hy9hp_6c!19sChIJOYiVA0YioFMRJg_Tt4kdgN4?authuser=0&hl=en&g_ep=EgoyMDI2MDgyNi4wIJJjKgBIAVAD&rclk=1
HSMG Services & Consulting Inc.,management consulting,Edmonton AB,+18664761701,,,None,0,https://www.google.com/maps/place/HSMG+Services+%26+Consulting+Inc./data=!4m7!3m6!1s0x53a022460363a78b:0x16afff1d807594fc!8m2!3d53.5425!4d-113.4947222!16s%2Fg%2F12qhbpr8b!19sChIJi6djA0YioFMR_JR1gB3_rxY?authuser=0&hl=en&g_ep=EgoyMDI2MDgyNi4wIJJjKgBIAVAD&rclk=1
Ballad Group: Edmonton Corporate Office,management consulting,Edmonton AB,+18552957180,http://www.balladgroup.ca/,info@balladgroup.ca,None,0,https://www.google.com/maps/place/Ballad+Group:+Edmonton+Corporate+Office/data=!4m7!3m6!1s0x53a02247db160515:0x27f2f0c5506dcfba!8m2!3d53.545218!4d-113.4968373!16s%2Fg%2F11g9q68f3h!19sChIJFQUW20cioFMRus9tUMXw8ic?authuser=0&hl=en&g_ep=EgoyMDI2MDgyNi4wIJJjKgBIAVAD&rclk=1
Perspect Management Consulting & Executive Coaching,management consulting,Edmonton AB,+18883026676,https://www.perspect.ca/,info@perspect.ca,None,0,https://www.google.com/maps/place/Perspect+Management+Consulting+%26+Executive+Coaching/data=!4m7!3m6!1s0x53a0232822910b6f:0xc008d46dec99d9cc!8m2!3d53.5421578!4d-113.4878996!16s%2Fg%2F11h4vstkm3!19sChIJbwuRIigjoFMRzNmZ7G3UCMA?authuser=0&hl=en&g_ep=EgoyMDI2MDgyNi4wIJJjKgBIAVAD&rclk=1
KRATOS Management Consulting,management consulting,Edmonton AB,+14164751666,http://www.kratos.ca/,kratosmanagementconsulting@gmail.com,None,0,https://www.google.com/maps/place/KRATOS+Management+Consulting/data=!4m7!3m6!1s0x53a0224594545d01:0x3e236eba64d50a23!8m2!3d53.5424573!4d-113.4909775!16s%2Fg%2F1pzq_nzgl!19sChIJAV1UlEUioFMRIwrVZLpuIz4?authuser=0&hl=en&g_ep=EgoyMDI2MDgyNi4wIJJjKgBIAVAD&rclk=1
Edward Mondol Management Consultants Inc.,management consulting,Edmonton AB,+17802249436,http://emmconsultants.ca/,,None,0,https://www.google.com/maps/place/Edward+Mondol+Management+Consultants+Inc./data=!4m7!3m6!1s0x53a023adbbd1c2df:0x649fa62b68dc6653!8m2!3d53.5609492!4d-113.4634775!16s%2Fg%2F11hdnvmbmx!19sChIJ38LRu60joFMRU2bcaCumn2Q?authuser=0&hl=en&g_ep=EgoyMDI2MDgyNi4wIJJjKgBIAVAD&rclk=1
EngageFirst Management Consultants,management consulting,Edmonton AB,+17807520493,http://engagefirst.ca/,,None,0,https://www.google.com/maps/place/EngageFirst+Management+Consultants/data=!4m7!3m6!1s0x53a0224666180eb5:0xd16ad7483437b22f!8m2!3d53.5407842!4d-113.4941!16s%2Fg%2F11g07_fkn1!19sChIJtQ4YZkYioFMRL7I3NEjXatE?authuser=0&hl=en&g_ep=EgoyMDI2MDgyNi4wIJJjKgBIAVAD&rclk=1
RDMD Consulting and Services Ltd,management consulting,Edmonton AB,+15877737054,http://www.rdmd.ca/,contact@sansoxygen.com,Tock,0,https://www.google.com/maps/place/RDMD+Consulting+and+Services+Ltd/data=!4m7!3m6!1s0x53a02318d8f4da65:0x8948f88130c17108!8m2!3d53.5413879!4d-113.4928318!16s%2Fg%2F11jn536x8d!19sChIJZdr02BgjoFMRCHHBMIH4SIk?authuser=0&hl=en&g_ep=EgoyMDI2MDgyNi4wIJJjKgBIAVAD&rclk=1
Brilliant consultant Ltd,management consulting,Edmonton AB,+17802434110,http://www.brilliantconsultant.ca/,%20info@brilliantconsultant.ca,None,0,https://www.google.com/maps/place/Brilliant+consultant+Ltd/data=!4m7!3m6!1s0x53a01f352da3c77b:0x7943d670ca42e85!8m2!3d53.450372!4d-113.4738778!16s%2Fg%2F11py_hr2d3!19sChIJe8ejLTUfoFMRhS6kDGc9lAc?authuser=0&hl=en&g_ep=EgoyMDI2MDgyNi4wIJJjKgBIAVAD&rclk=1
Shift Management Inc.,management consulting,Edmonton AB,+17809931062,https://shiftworkplace.com/,marie@shiftworkplace.com,None,0,https://www.google.com/maps/place/Shift+Management+Inc./data=!4m7!3m6!1s0x53a020d13f5bfb0f:0xe2d74324de983730!8m2!3d53.5573899!4d-113.6480002!16s%2Fg%2F11b807cvqt!19sChIJD_tbP9EgoFMRMDeY3iRD1-I?authuser=0&hl=en&g_ep=EgoyMDI2MDgyNi4wIJJjKgBIAVAD&rclk=1
PSW Consulting Group,management consulting,Edmonton AB,+17806688183,https://www.pswconsulting.ca/,peter@pswconsulting.ca,"OpenTable, Tock",0,https://www.google.com/maps/place/PSW+Consulting+Group/data=!4m7!3m6!1s0x53a021cb25f6814b:0x5a565514521d9f1!8m2!3d53.5055617!4d-113.6124992!16s%2Fg%2F11jftl9bzt!19sChIJS4H2JcshoFMR8dkhRVFlpQU?authuser=0&hl=en&g_ep=EgoyMDI2MDgyNi4wIJJjKgBIAVAD&rclk=1
ESquare Consultancy,management consulting,Edmonton AB,+17805098867,https://esquare.ca/,info@esquare.ca,None,0,https://www.google.com/maps/place/ESquare+Consultancy/data=!4m7!3m6!1s0x53a01bdaa148ef5f:0x48cce078296a9e2!8m2!3d53.4631327!4d-113.4868088!16s%2Fg%2F11vxx99xb1!19sChIJX-9IodoboFMR4qmWggfOjAQ?authuser=0&hl=en&g_ep=EgoyMDI2MDgyNi4wIJJjKgBIAVAD&rclk=1
Quality Management Industrial Consultants,management consulting,Edmonton AB,+17808801613,http://qmic.ca/,info@qmic.ca,Tock,0,https://www.google.com/maps/place/Quality+Management+Industrial+Consultants/data=!4m7!3m6!1s0x53a021000e1aaaab:0x8fde5f99892abc87!8m2!3d53.5319386!4d-113.6052928!16s%2Fg%2F11fl7dj9h1!19sChIJq6oaDgAhoFMRh7wqiZlf3o8?authuser=0&hl=en&g_ep=EgoyMDI2MDgyNi4wIJJjKgBIAVAD&rclk=1
ND Foresight Education Consultancy Inc.,management consulting,Edmonton AB,+15874160066,http://www.ndforesight.ca/,,None,0,https://www.google.com/maps/place/ND+Foresight+Education+Consultancy+Inc./data=!4m7!3m6!1s0xa9483ae6b8f1567b:0x826060d0e261542!8m2!3d53.5319251!4d-113.6857327!16s%2Fg%2F11tc2m0xr5!19sChIJe1bxuOY6SKkRQhUmDg0GJgg?authuser=0&hl=en&g_ep=EgoyMDI2MDgyNi4wIJJjKgBIAVAD&rclk=1
Daeco HR Consulting Ltd.,management consulting,Edmonton AB,+17805661776,http://daecohrconsulting.com/,edisman@daeco.ca,None,0,https://www.google.com/maps/place/Daeco+HR+Consulting+Ltd./data=!4m7!3m6!1s0x53a0222b3e6dace5:0x3ad35753d58ffa83!8m2!3d53.5412292!4d-113.5357321!16s%2Fg%2F11f2s2jdlm!19sChIJ5axtPisioFMRg_qP1VNX0zo?authuser=0&hl=en&g_ep=EgoyMDI2MDgyNi4wIJJjKgBIAVAD&rclk=1
Tantus Solutions Group Inc,management consulting,Edmonton AB,+17804900874,https://www.tantus.com/,,None,0,https://www.google.com/maps/place/Tantus+Solutions+Group+Inc/data=!4m7!3m6!1s0x53a022361819357d:0x71ceef0bf639a9f2!8m2!3d53.5463834!4d-113.5371052!16s%2Fg%2F1w6_nhwt!19sChIJfTUZGDYioFMR8qk59gvvznE?authuser=0&hl=en&g_ep=EgoyMDI2MDgyNi4wIJJjKgBIAVAD&rclk=1
Limitless Immigration Consulting,management consulting,Edmonton AB,+17804572333,https://limitlessconsulting.ca/,contact@mysite.com,None,0,https://www.google.com/maps/place/Limitless+Immigration+Consulting/data=!4m7!3m6!1s0x53a02366056a7779:0xbb5c817fe447192b!8m2!3d53.5419625!4d-113.5360862!16s%2Fg%2F1hc0sm3n5!19sChIJeXdqBWYjoFMRKxlH5H-BXLs?authuser=0&hl=en&g_ep=EgoyMDI2MDgyNi4wIJJjKgBIAVAD&rclk=1
CanMaple Consultant Inc.,management consulting,Edmonton AB,+17808687461,https://canmapleconsultant.ca/,info@canmapleconsultant.ca,None,0,https://www.google.com/maps/place/CanMaple+Consultant+Inc./data=!4m7!3m6!1s0xae0a91b714e39b5b:0x820a7f5c34287947!8m2!3d62.6573279!4d-95.989235!16s%2Fg%2F11zbt23y5f!19sChIJW5vjFLeRCq4RR3koNFx_CoI?authuser=0&hl=en&g_ep=EgoyMDI2MDgyNi4wIJJjKgBIAVAD&rclk=1
The AME Consulting Group Ltd.,management consulting,Edmonton AB,+17809623573,http://www.amegroup.ca/,contacts@amegroup.ca,None,0,https://www.google.com/maps/place/The+AME+Consulting+Group+Ltd./data=!4m7!3m6!1s0x53a021f39d42d841:0xefdca5db8ce58c17!8m2!3d53.5607469!4d-113.5663552!16s%2Fg%2F11qb8vgcp8!19sChIJQdhCnfMhoFMRF4zljNul3O8?authuser=0&hl=en&g_ep=EgoyMDI2MDgyNi4wIJJjKgBIAVAD&rclk=1
Wynheart Management,management consulting,Edmonton AB,+17804906791,,,None,0,https://www.google.com/maps/place/Wynheart+Management/data=!4m7!3m6!1s0x53a0203c0c315c5f:0x58caafc623c6c923!8m2!3d53.5012104!4d-113.6085601!16s%2Fg%2F1tngpzm2!19sChIJX1wxDDwgoFMRI8nGI8avylg?authuser=0&hl=en&g_ep=EgoyMDI2MDgyNi4wIJJjKgBIAVAD&rclk=1
VB Education Consulting,management consulting,Edmonton AB,+18886691279,http://www.vbeducation.ca/,filler@godaddy.com,None,0,https://www.google.com/maps/place/VB+Education+Consulting/data=!4m7!3m6!1s0x53a019e8ea7c6725:0x86d1efae057ce630!8m2!3d53.5478233!4d-113.6130067!16s%2Fg%2F11rb3zhcky!19sChIJJWd86ugZoFMRMOZ8Ba7v0YY?authuser=0&hl=en&g_ep=EgoyMDI2MDgyNi4wIJJjKgBIAVAD&rclk=1
Raven Consulting & Education Inc 马瑞文工作室,management consulting,Edmonton AB,,http://ravenconsultinggroup.ca/,,None,0,https://www.google.com/maps/place/Raven+Consulting+%26+Education+Inc+%E9%A9%AC%E7%91%9E%E6%96%87%E5%B7%A5%E4%BD%9C%E5%AE%A4/data=!4m7!3m6!1s0x53a022381acfcb3f:0x6b07b7657dff3f46!8m2!3d53.54055!4d-113.5025538!16s%2Fg%2F11s48_v3t2!19sChIJP8vPGjgioFMRRj__fWW3B2s?authuser=0&hl=en&g_ep=EgoyMDI2MDgyNi4wIJJjKgBIAVAD&rclk=1
"Perfect circles, consulting limited",management consulting,Edmonton AB,+17802451874,,,None,0,"https://www.google.com/maps/place/Perfect+circles,+consulting+limited/data=!4m7!3m6!1s0x53a0197b599c7aa5:0x16241b56166c4d0!8m2!3d53.4792778!4d-113.3779644!16s%2Fg%2F11zjtgwmz7!19sChIJpXqcWXsZoFMR0MRmYbVBYgE?authuser=0&hl=en&g_ep=EgoyMDI2MDgyNi4wIJJjKgBIAVAD&rclk=1"
MM Educational Consulting & Copyright Services,management consulting,Edmonton AB,+17807209377,https://mommasmouth.com/mm-consulting2/,,None,0,https://www.google.com/maps/place/MM+Educational+Consulting+%26+Copyright+Services/data=!4m7!3m6!1s0x53a01948514e1ae5:0xc9992b318abe74e0!8m2!3d53.471399!4d-113.4412059!16s%2Fg%2F11tsrwc53c!19sChIJ5RpOUUgZoFMR4HS-ijErmck?authuser=0&hl=en&g_ep=EgoyMDI2MDgyNi4wIJJjKgBIAVAD&rclk=1
Invistec Consulting Ltd.,management consulting,Edmonton AB,+17802937373,http://www.invistec.ca/,yegplanning@invistec.ca,None,0,https://www.google.com/maps/place/Invistec+Consulting+Ltd./data=!4m7!3m6!1s0x53a0224f102c620b:0x1a45c0e22d40fe83!8m2!3d53.541883!4d-113.4980533!16s%2Fg%2F11f0wn0mpk!19sChIJC2IsEE8ioFMRg_5ALeLARRo?authuser=0&hl=en&g_ep=EgoyMDI2MDgyNi4wIJJjKgBIAVAD&rclk=1
Consulting Engineers Of Alberta,management consulting,Edmonton AB,+17804211852,https://www.cea.ca/,info@cea.ca,None,0,https://www.google.com/maps/place/Consulting+Engineers+Of+Alberta/data=!4m7!3m6!1s0x53a02245ebd03853:0x184b24edef82c02b!8m2!3d53.5421578!4d-113.4878996!16s%2Fg%2F1vpfj6_n!19sChIJUzjQ60UioFMRK8CC7-0kSxg?authuser=0&hl=en&g_ep=EgoyMDI2MDgyNi4wIJJjKgBIAVAD&rclk=1
Gaps AI,B2B sales consultant,Edmonton AB,+15879862650,https://gapsai.ca/,,None,0,https://www.google.com/maps/place/Gaps+AI/data=!4m7!3m6!1s0x53a020f9a915c645:0xf910eaefea5ffff7!8m2!3d53.4736785!4d-113.4695354!16s%2Fg%2F1hg4_62bz!19sChIJRcYVqfkgoFMR9_9f6u_qEPk?authuser=0&hl=en&g_ep=EgoyMDI2MDgyNi4wIJJjKgBIAVAD&rclk=1
Boost2Business Marketing,B2B sales consultant,Edmonton AB,+18662661669,https://boost2business.ca/,,None,0,https://www.google.com/maps/place/Boost2Business+Marketing/data=!4m7!3m6!1s0x53a02246016656a3:0x8b7ad4bbafa0f354!8m2!3d62.6573279!4d-95.989235!16s%2Fg%2F1hhh5c3sz!19sChIJo1ZmAUYioFMRVPOgr7vUeos?authuser=0&hl=en&g_ep=EgoyMDI2MDgyNi4wIJJjKgBIAVAD&rclk=1
"Sandler Edmonton by Ayon Sales and Consulting Services, Inc.",B2B sales consultant,Edmonton AB,+17804494906,https://go.sandler.com/ayon,,None,0,"https://www.google.com/maps/place/Sandler+Edmonton+by+Ayon+Sales+and+Consulting+Services,+Inc./data=!4m7!3m6!1s0x53a017d73de149ed:0xa34e273a72e88b01!8m2!3d53.5381025!4d-113.3266322!16s%2Fg%2F1tj57g9c!19sChIJ7UnhPdcXoFMRAYvocjonTqM?authuser=0&hl=en&g_ep=EgoyMDI2MDgyNi4wIJJjKgBIAVAD&rclk=1"
Lift Interactive,B2B sales consultant,Edmonton AB,+17804261176,https://liftinteractive.com/,hello@liftinteractive.com,None,0,https://www.google.com/maps/place/Lift+Interactive/data=!4m7!3m6!1s0x53a0220fb647bc83:0xacab77358bbf6fab!8m2!3d53.5158205!4d-113.4903359!16s%2Fg%2F1tg9h73f!19sChIJg7xHtg8ioFMRq2-_izV3q6w?authuser=0&hl=en&g_ep=EgoyMDI2MDgyNi4wIJJjKgBIAVAD&rclk=1
12 Creative,B2B sales consultant,Edmonton AB,+17802440882,http://www.12creative.co/,contact@12creative.co,None,0,https://www.google.com/maps/place/12+Creative/data=!4m7!3m6!1s0x53a0224865cd1a3d:0x8c87779125015f11!8m2!3d53.5495868!4d-113.5327607!16s%2Fg%2F11bv6pw904!19sChIJPRrNZUgioFMREV8BJZF3h4w?authuser=0&hl=en&g_ep=EgoyMDI2MDgyNi4wIJJjKgBIAVAD&rclk=1
The Acquisition Group,B2B sales consultant,Edmonton AB,+18668786567,https://theacquisitiongroup.com/,apply@theacquisitiongroup.com,None,0,https://www.google.com/maps/place/The+Acquisition+Group/data=!4m7!3m6!1s0x53a023f5ae4080f7:0x6ba49e4dc9e2c1d!8m2!3d53.5343463!4d-113.5095852!16s%2Fg%2F11tsk79qmk!19sChIJ94BArvUjoFMRHSye3ORJugY?authuser=0&hl=en&g_ep=EgoyMDI2MDgyNi4wIJJjKgBIAVAD&rclk=1
Adster Creative,B2B sales consultant,Edmonton AB,+17808002328,https://www.adster.ca/?utm_source=google&utm_medium=gmb&utm_campaign=profile,info@adster.ca,None,0,https://www.google.com/maps/place/Adster+Creative/data=!4m7!3m6!1s0x53a0224635a55041:0xcc7ff4b458c7d8d5!8m2!3d53.4820224!4d-113.4836518!16s%2Fg%2F1tfpzjb1!19sChIJQVClNUYioFMR1djHWLT0f8w?authuser=0&hl=en&g_ep=EgoyMDI2MDgyNi4wIJJjKgBIAVAD&rclk=1
Sunbelt Business Brokers,B2B sales consultant,Edmonton AB,+17804714988,https://sunbeltedmonton.com/,,None,0,https://www.google.com/maps/place/Sunbelt+Business+Brokers/data=!4m7!3m6!1s0x53a01f4b50a2cbdd:0xb4dd4c56cffa9519!8m2!3d53.4972016!4d-113.4915903!16s%2Fg%2F1td_gy9_!19sChIJ3cuiUEsfoFMRGZX6z1ZM3bQ?authuser=0&hl=en&g_ep=EgoyMDI2MDgyNi4wIJJjKgBIAVAD&rclk=1
Alberta Business Sales,B2B sales consultant,Edmonton AB,+17804959295,https://absales.ca/contact/edmonton/?utm_source=google&utm_medium=gmb&utm_campaign=info-link,,None,0,https://www.google.com/maps/place/Alberta+Business+Sales/data=!4m7!3m6!1s0x53a018ca867444b7:0x8c0d42ba2c65c46d!8m2!3d53.4885535!4d-113.4829954!16s%2Fg%2F1ptw7ggbl!19sChIJt0R0hsoYoFMRbcRlLLpCDYw?authuser=0&hl=en&g_ep=EgoyMDI2MDgyNi4wIJJjKgBIAVAD&rclk=1
SelexWeb – Website Design & SEO,B2B sales consultant,Edmonton AB,+17807168453,https://selexweb.ca/?utm_campaign=gbp,hello@selexweb.ca,None,0,https://www.google.com/maps/place/SelexWeb+%E2%80%93+Website+Design+%26+SEO/data=!4m7!3m6!1s0x4730bd2b44d3b235:0x175fd4b5d5a6c4bf!8m2!3d53.5425921!4d-113.4944966!16s%2Fg%2F11q2y2lkb_!19sChIJNbLTRCu9MEcRv8Sm1bXUXxc?authuser=0&hl=en&g_ep=EgoyMDI2MDgyNi4wIJJjKgBIAVAD&rclk=1
Performance Business Advisory - Selling Businesses,B2B sales consultant,Edmonton AB,+17807562990,http://www.performancebusinessadvisory.ca/,info@performancebb.ca,"OpenTable, Tock",0,https://www.google.com/maps/place/Performance+Business+Advisory+-+Selling+Businesses/data=!4m7!3m6!1s0x53a03d2a29f76b1b:0x51887a831ab9a81e!8m2!3d53.5240583!4d-113.4145198!16s%2Fg%2F1tgn9973!19sChIJG2v3KSo9oFMRHqi5GoN6iFE?authuser=0&hl=en&g_ep=EgoyMDI2MDgyNi4wIJJjKgBIAVAD&rclk=1
Express Employment Professionals and Specialized Recruiting Group,B2B sales consultant,Edmonton AB,+17804845454,https://www.expresspros.com/EdmontonAB,jobs.edmontonabeast@expresspros.com,None,0,https://www.google.com/maps/place/Express+Employment+Professionals+and+Specialized+Recruiting+Group/data=!4m7!3m6!1s0x53a021403d03f3d7:0xc8361494c89fd11a!8m2!3d53.5420304!4d-113.4988514!16s%2Fg%2F1td2z48y!19sChIJ1_MDPUAhoFMRGtGfyJQUNsg?authuser=0&hl=en&g_ep=EgoyMDI2MDgyNi4wIJJjKgBIAVAD&rclk=1
Adept Marketing Solutions Inc.,B2B sales consultant,Edmonton AB,+17806912380,http://www.adeptmarketingsolutions.com/?utm_source=Google&utm_medium=GMB&utm_campaign=site,contact@adeptmarketingsolutions.com,Tock,0,https://www.google.com/maps/place/Adept+Marketing+Solutions+Inc./data=!4m7!3m6!1s0x53a0212fb7314685:0x3b3a9f874fdf1e39!8m2!3d51.2072!4d-121.9883!16s%2Fg%2F11mpf9f1py!19sChIJhUYxty8hoFMROR7fT4efOjs?authuser=0&hl=en&g_ep=EgoyMDI2MDgyNi4wIJJjKgBIAVAD&rclk=1
Devebyte,B2B sales consultant,Edmonton AB,+17804454359,https://devebyte.com/,info@devebyte.com,None,0,https://www.google.com/maps/place/Devebyte/data=!4m7!3m6!1s0x53a01bf84b84e147:0x3995c9fe7764e56a!8m2!3d53.429432!4d-113.398547!16s%2Fg%2F11cn9m32k6!19sChIJR-GES_gboFMRauVkd_7JlTk?authuser=0&hl=en&g_ep=EgoyMDI2MDgyNi4wIJJjKgBIAVAD&rclk=1
VidaLocal Marketing,B2B sales consultant,Edmonton AB,+15874175588,https://www.vidalocal.ca/,,None,0,https://www.google.com/maps/place/VidaLocal+Marketing/data=!4m7!3m6!1s0xa51e07e6d829b30f:0xee4327dd5d14ee20!8m2!3d62.6573279!4d-95.989235!16s%2Fg%2F11vz3xyx9f!19sChIJD7Mp2OYHHqURIO4UXd0nQ-4?authuser=0&hl=en&g_ep=EgoyMDI2MDgyNi4wIJJjKgBIAVAD&rclk=1
CAYK Marketing Inc.,B2B sales consultant,Edmonton AB,+14034560072,https://www.cayk.ca/,sales@cayk.ca,None,0,https://www.google.com/maps/place/CAYK+Marketing+Inc./data=!4m7!3m6!1s0x53a02393f30a72d3:0x41ecd2ef6e5eeaec!8m2!3d53.5184503!4d-113.50573!16s%2Fg%2F11ss7cmlkr!19sChIJ03IK85MjoFMR7Opebu_S7EE?authuser=0&hl=en&g_ep=EgoyMDI2MDgyNi4wIJJjKgBIAVAD&rclk=1
Bluetrain Inc.,B2B sales consultant,Edmonton AB,+17806287414,https://www.bluetrain.ca/?utm_source=gmb&utm_medium=organic&utm_campaign=profile&utm_content=website_btnhttps://www.bluetrain.ca/,,None,0,https://www.google.com/maps/place/Bluetrain+Inc./data=!4m7!3m6!1s0x53a03d983844595b:0x9359c18d97f9d560!8m2!3d53.5464506!4d-113.3128141!16s%2Fg%2F1ptxwtkwk!19sChIJW1lEOJg9oFMRYNX5l43BWZM?authuser=0&hl=en&g_ep=EgoyMDI2MDgyNi4wIJJjKgBIAVAD&rclk=1
Lock Search Group,B2B sales consultant,Edmonton AB,+17804299044,https://www.locksearchgroup.com/offices/edmonton/,,None,0,https://www.google.com/maps/place/Lock+Search+Group/data=!4m7!3m6!1s0x53a02245ebd03853:0x691fa8095f41291e!8m2!3d53.5406308!4d-113.5040129!16s%2Fg%2F1tf818gs!19sChIJUzjQ60UioFMRHilBXwmoH2k?authuser=0&hl=en&g_ep=EgoyMDI2MDgyNi4wIJJjKgBIAVAD&rclk=1
Andy Kuiper Internet Marketing,B2B sales consultant,Edmonton AB,+17808001857,https://www.andykuiper.com/?utm_campaign=gbp&utm_medium=organic&utm_source=gmblisting,contact@andykuiper.com,None,0,https://www.google.com/maps/place/Andy+Kuiper+Internet+Marketing/data=!4m7!3m6!1s0x54867178fbd4acc3:0xb6d49432f384978!8m2!3d53.5266401!4d-113.4926628!16s%2Fg%2F12hw6x8h2!19sChIJw6zU-3hxhlQReEk4L0NJbQs?authuser=0&hl=en&g_ep=EgoyMDI2MDgyNi4wIJJjKgBIAVAD&rclk=1
Alberta Chambers Of Commerce,B2B sales consultant,Edmonton AB,+17804254180,http://www.abchamber.ca/,,None,0,https://www.google.com/maps/place/Alberta+Chambers+Of+Commerce/data=!4m7!3m6!1s0x53a0224f71b046d3:0x56797eb7048c8d6b!8m2!3d53.53439!4d-113.5099001!16s%2Fg%2F1ttpgk_1!19sChIJ00awcU8ioFMRa42MBLd-eVY?authuser=0&hl=en&g_ep=EgoyMDI2MDgyNi4wIJJjKgBIAVAD&rclk=1
Bridge Business Brokers,B2B sales consultant,Edmonton AB,+15877601200,http://bridgebusinessbrokers.ca/,,None,0,https://www.google.com/maps/place/Bridge+Business+Brokers/data=!4m7!3m6!1s0x53a01f2276be32ef:0x3f47944d5522e78a!8m2!3d53.5519172!4d-113.6289029!16s%2Fg%2F11q1vvbzkf!19sChIJ7zK-diIfoFMRiuciVU2URz8?authuser=0&hl=en&g_ep=EgoyMDI2MDgyNi4wIJJjKgBIAVAD&rclk=1
Netrocket HVAC Marketing Agency,B2B sales consultant,Edmonton AB,+19293890344,https://netrocket.pro/edmonton-digital-marketing-agency/?utm_source=google&utm_medium=gmb&utm_campaign=edmonton,contact@netrocket.pro,None,0,https://www.google.com/maps/place/Netrocket+HVAC+Marketing+Agency/data=!4m7!3m6!1s0x53a01d14e22270ff:0x8766aa53bb96a1b5!8m2!3d53.4133311!4d-113.4791419!16s%2Fg%2F11vrw_5t9k!19sChIJ_3Ai4hQdoFMRtaGWu1OqZoc?authuser=0&hl=en&g_ep=EgoyMDI2MDgyNi4wIJJjKgBIAVAD&rclk=1
Dream Engine,B2B sales consultant,Edmonton AB,+17803180589,https://mydreamengine.com/,matt@mydreamengine.com,None,0,https://www.google.com/maps/place/Dream+Engine/data=!4m7!3m6!1s0x53a0231467dd7be3:0x6b93136267530a5c!8m2!3d51.2072!4d-121.9883!16s%2Fg%2F11hmkl76yy!19sChIJ43vdZxQjoFMRXApTZ2ITk2s?authuser=0&hl=en&g_ep=EgoyMDI2MDgyNi4wIJJjKgBIAVAD&rclk=1
Emro Chartered Professional Accountant,B2B sales consultant,Edmonton AB,+15876350100,https://emroprofessionalservices.com/,,None,0,https://www.google.com/maps/place/Emro+Chartered+Professional+Accountant/data=!4m7!3m6!1s0x875b0f1c7cf97335:0xce789c87365da7ef!8m2!3d53.548113!4d-113.639214!16s%2Fg%2F11xlsvcj4f!19sChIJNXP5fBwPW4cR76ddNoeceM4?authuser=0&hl=en&g_ep=EgoyMDI2MDgyNi4wIJJjKgBIAVAD&rclk=1
MeDM,B2B sales consultant,Edmonton AB,+17802296823,https://medm.ca/,info@medm.ca,None,0,https://www.google.com/maps/place/MeDM/data=!4m7!3m6!1s0x53a0232cce9658a3:0xd84f0ec88caf103!8m2!3d53.541507!4d-113.492947!16s%2Fg%2F11wxpz8x3f!19sChIJo1iWziwjoFMRA_HKiOzwhA0?authuser=0&hl=en&g_ep=EgoyMDI2MDgyNi4wIJJjKgBIAVAD&rclk=1
XIT99 Corporation,B2B sales consultant,Edmonton AB,+17802394910,https://xit99.com/,,None,0,https://www.google.com/maps/place/XIT99+Corporation/data=!4m7!3m6!1s0x53a03d99a5adec09:0x555d1f7760c700fb!8m2!3d53.5674226!4d-113.3133241!16s%2Fg%2F11hyzzgzp1!19sChIJCeytpZk9oFMR-wDHYHcfXVU?authuser=0&hl=en&g_ep=EgoyMDI2MDgyNi4wIJJjKgBIAVAD&rclk=1
REP Media,B2B sales consultant,Edmonton AB,+17809106266,https://www.repmedia.ca/,info@repmedia.ca,None,0,https://www.google.com/maps/place/REP+Media/data=!4m7!3m6!1s0x53a0233eed677a9d:0xd55963833b026718!8m2!3d53.5672243!4d-113.5196667!16s%2Fg%2F11fr178fbn!19sChIJnXpn7T4joFMRGGcCO4NjWdU?authuser=0&hl=en&g_ep=EgoyMDI2MDgyNi4wIJJjKgBIAVAD&rclk=1
D301,B2B sales consultant,Edmonton AB,+15877412629,https://d301.com/,sales@d301.com,"OpenTable, Tock",0,https://www.google.com/maps/place/D301/data=!4m7!3m6!1s0x2c117dc7cf9101cf:0x6e0f73bda8b34c33!8m2!3d51.2072!4d-121.9883!16s%2Fg%2F11v19gw7sf!19sChIJzwGRz8d9ESwRM0yzqL1zD24?authuser=0&hl=en&g_ep=EgoyMDI2MDgyNi4wIJJjKgBIAVAD&rclk=1
Zeal Media Inc,B2B sales consultant,Edmonton AB,+18884540620,https://zealmedia.ca/city/edmonton-web-design/,sales@zealmedia.ca,None,0,https://www.google.com/maps/place/Zeal+Media+Inc/data=!4m7!3m6!1s0xbdde49a36936c37:0x11b6e5c0a8906e1e!8m2!3d53.5947987!4d-114.1307346!16s%2Fg%2F11q3dp2pzc!19sChIJN2yTNprk3QsRHm6QqMDlthE?authuser=0&hl=en&g_ep=EgoyMDI2MDgyNi4wIJJjKgBIAVAD&rclk=1
Touchdown Copywriting,B2B sales consultant,Edmonton AB,+17806954644,http://touchdowncopywriting.com/,info@tdcopy.com,None,0,https://www.google.com/maps/place/Touchdown+Copywriting/data=!4m7!3m6!1s0x53a0267c3b3f2093:0xadce079e2edcfd0f!8m2!3d14.1576412!4d-106.6918595!16s%2Fg%2F11cr__ln18!19sChIJkyA_O3wmoFMRD_3cLp4Hzq0?authuser=0&hl=en&g_ep=EgoyMDI2MDgyNi4wIJJjKgBIAVAD&rclk=1
Martial Technology Inc,B2B sales consultant,Edmonton AB,+15875571043,http://www.martialtech.ca/,support@martialtech.ca,None,0,https://www.google.com/maps/place/Martial+Technology+Inc/data=!4m7!3m6!1s0x53a02364cf2674d5:0x77678a19161cfa21!8m2!3d53.223969!4d-113.2656218!16s%2Fg%2F11jc9trpyn!19sChIJ1XQmz2QjoFMRIfocFhmKZ3c?authuser=0&hl=en&g_ep=EgoyMDI2MDgyNi4wIJJjKgBIAVAD&rclk=1
Flawless Inbound Inc,B2B sales consultant,Edmonton AB,+17806520127,http://www.flawlessinbound.ca/,,None,0,https://www.google.com/maps/place/Flawless+Inbound+Inc/data=!4m7!3m6!1s0x53a018b606d60a1d:0x614edaa06656310c!8m2!3d54.017204!4d-95.989235!16s%2Fg%2F11c1nbbmrk!19sChIJHQrWBrYYoFMRDDFWZqDaTmE?authuser=0&hl=en&g_ep=EgoyMDI2MDgyNi4wIJJjKgBIAVAD&rclk=1
We Love Data,B2B sales consultant,Edmonton AB,,http://welovedata.ca/,hello@welovedata.ca,None,0,https://www.google.com/maps/place/We+Love+Data/data=!4m7!3m6!1s0x53a01dca8611e137:0xae1482b42fa24e9f!8m2!3d53.5266401!4d-113.4926628!16s%2Fg%2F11ngtmnfx4!19sChIJN-ERhsodoFMRn06iL7SCFK4?authuser=0&hl=en&g_ep=EgoyMDI2MDgyNi4wIJJjKgBIAVAD&rclk=1
Beks Marketing Inc.,B2B sales consultant,Edmonton AB,+15877352333,http://www.beks.ca/,info@beks.ca,None,0,https://www.google.com/maps/place/Beks+Marketing+Inc./data=!4m7!3m6!1s0x53a03d9a32ede37d:0xf4889e25eafe4660!8m2!3d62.6573279!4d-95.989235!16s%2Fg%2F11c1s2fwbc!19sChIJfePtMpo9oFMRYEb-6iWeiPQ?authuser=0&hl=en&g_ep=EgoyMDI2MDgyNi4wIJJjKgBIAVAD&rclk=1
Nimble Digital,B2B marketing consultant,Edmonton AB,+17805718704,https://www.nimbledigital.com/?utm_source=google&utm_medium=organic&utm_campaign=gmb-listing,,None,0,https://www.google.com/maps/place/Nimble+Digital/data=!4m7!3m6!1s0x53a0237884590b6f:0x8e9bae2120258d0e!8m2!3d53.5158205!4d-113.4903359!16s%2Fg%2F11nxtf3s9f!19sChIJbwtZhHgjoFMRDo0lICGum44?authuser=0&hl=en&g_ep=EgoyMDI2MDgyNi4wIJJjKgBIAVAD&rclk=1
Town Media Labs,B2B marketing consultant,Edmonton AB,+14036048692,https://townmedialabs.ca/,info@townmedialabs.ca,Tock,0,https://www.google.com/maps/place/Town+Media+Labs/data=!4m7!3m6!1s0x53a023edaf8631a3:0xecfd3176e6962531!8m2!3d53.572893!4d-113.4996918!16s%2Fg%2F11lcr51ktj!19sChIJozGGr-0joFMRMSWW5nYx_ew?authuser=0&hl=en&g_ep=EgoyMDI2MDgyNi4wIJJjKgBIAVAD&rclk=1
Brandx Digital Marketing & SEO,B2B marketing consultant,Edmonton AB,+17805045588,https://brandx.ca/,bill@grabbmedia.com,Tock,0,https://www.google.com/maps/place/Brandx+Digital+Marketing+%26+SEO/data=!4m7!3m6!1s0x539ff312f6e915db:0xdee97b934ac46d55!8m2!3d53.5158823!4d-113.4904699!16s%2Fg%2F11j6g1615f!19sChIJ2xXp9hLzn1MRVW3ESpN76d4?authuser=0&hl=en&g_ep=EgoyMDI2MDgyNi4wIJJjKgBIAVAD&rclk=1
BubbleUP Marketing,B2B marketing consultant,Edmonton AB,+17808000052,https://bubbleup.ca/,info@bubbleup.ca,None,0,https://www.google.com/maps/place/BubbleUP+Marketing/data=!4m7!3m6!1s0x53a020576cb7d867:0xb1ea2b0190bf1572!8m2!3d53.562585!4d-113.5274953!16s%2Fg%2F12hlpsyv3!19sChIJZ9i3bFcgoFMRchW_kAEr6rE?authuser=0&hl=en&g_ep=EgoyMDI2MDgyNi4wIJJjKgBIAVAD&rclk=1
Evolv Digital Marketing,B2B marketing consultant,Edmonton AB,+15874135916,http://www.evolvdigitalmarketing.com/,info@evolvdigitalmarketing.com,None,0,https://www.google.com/maps/place/Evolv+Digital+Marketing/data=!4m7!3m6!1s0x53a023bce6e777d3:0x25f218069001134e!8m2!3d53.5234306!4d-113.4944271!16s%2Fg%2F11jt0qs7my!19sChIJ03fn5rwjoFMRThMBkAYY8iU?authuser=0&hl=en&g_ep=EgoyMDI2MDgyNi4wIJJjKgBIAVAD&rclk=1
Inspired Method,B2B marketing consultant,Edmonton AB,+15874893743,https://inspiredmethod.com/,info@inspiredmethod.com,None,0,https://www.google.com/maps/place/Inspired+Method/data=!4m7!3m6!1s0x53a01e7b08dd2505:0x4a03eb6716796210!8m2!3d53.5432429!4d-113.5118728!16s%2Fg%2F11gg9gz98j!19sChIJBSXdCHseoFMREGJ5FmfrA0o?authuser=0&hl=en&g_ep=EgoyMDI2MDgyNi4wIJJjKgBIAVAD&rclk=1
Wellspring Therapist Marketing,B2B marketing consultant,Edmonton AB,+17802896711,https://thewellspring.io/,patrick@thewellspring.io,Tock,0,https://www.google.com/maps/place/Wellspring+Therapist+Marketing/data=!4m7!3m6!1s0x53a0223198353c2f:0xe95382422321776a!8m2!3d53.5266401!4d-113.4926628!16s%2Fg%2F11c1xp176r!19sChIJLzw1mDEioFMRanchI0KCU-k?authuser=0&hl=en&g_ep=EgoyMDI2MDgyNi4wIJJjKgBIAVAD&rclk=1
Belle Biz Marketing,B2B marketing consultant,Edmonton AB,+15878871900,https://bellebiz.com/,contact@bellebiz.com,None,0,https://www.google.com/maps/place/Belle+Biz+Marketing/data=!4m7!3m6!1s0x53a02380668a267d:0x6058e3c4753ab851!8m2!3d53.5405774!4d-113.5041602!16s%2Fg%2F11rsr76z33!19sChIJfSaKZoAjoFMRUbg6dcTjWGA?authuser=0&hl=en&g_ep=EgoyMDI2MDgyNi4wIJJjKgBIAVAD&rclk=1
Brand Digital Marketing inc,B2B marketing consultant,Edmonton AB,+17802364855,https://www.branddigitalmarketing.ca/,info@branddigitalmarketing.ca,None,0,https://www.google.com/maps/place/Brand+Digital+Marketing+inc/data=!4m7!3m6!1s0xaa42ff05ba6eafc5:0xf1a67736f910b19d!8m2!3d53.5528555!4d-113.4734385!16s%2Fg%2F11vb81z361!19sChIJxa9uugX_QqoRnbEQ-TZ3pvE?authuser=0&hl=en&g_ep=EgoyMDI2MDgyNi4wIJJjKgBIAVAD&rclk=1
Top Draw,B2B marketing consultant,Edmonton AB,+17804299993,https://www.topdraw.com/,hello@topdraw.com,None,0,https://www.google.com/maps/place/Top+Draw/data=!4m7!3m6!1s0x53a02236c7fdd6a3:0xfe9cbb70d170dff!8m2!3d50.8383146!4d-99.3615594!16s%2Fg%2F1tdlbd6j!19sChIJo9b9xzYioFMR_w0XDbfL6Q8?authuser=0&hl=en&g_ep=EgoyMDI2MDgyNi4wIJJjKgBIAVAD&rclk=1
zag,B2B marketing consultant,Edmonton AB,+17807582924,https://atozag.ca/,info@atozag.ca,None,0,https://www.google.com/maps/place/zag/data=!4m7!3m6!1s0x53a02249e632600d:0xc53b8ba7cd8f1315!8m2!3d53.5422372!4d-113.4994583!16s%2Fg%2F1tx8sx4g!19sChIJDWAy5kkioFMRFROPzaeLO8U?authuser=0&hl=en&g_ep=EgoyMDI2MDgyNi4wIJJjKgBIAVAD&rclk=1
High Level Marketing Inc.,B2B marketing consultant,Edmonton AB,+17806677035,https://www.highlevelyeg.ca/,hello@highlevelyeg.ca,None,0,https://www.google.com/maps/place/High+Level+Marketing+Inc./data=!4m7!3m6!1s0x53a021ff134c52fd:0xab4e16d89e62b9c!8m2!3d53.1451198!4d-113.240978!16s%2Fg%2F11gfknmmv7!19sChIJ_VJME_8hoFMRnCvmiW3htAo?authuser=0&hl=en&g_ep=EgoyMDI2MDgyNi4wIJJjKgBIAVAD&rclk=1
Reach First,B2B marketing consultant,Edmonton AB,+18447773224,https://www.reachfirst.com/,info@reachfirst.com,None,0,https://www.google.com/maps/place/Reach+First/data=!4m7!3m6!1s0x53a022467663255f:0xfd03efe40091bf0d!8m2!3d53.5407184!4d-113.4905754!16s%2Fg%2F11b6zsq3f1!19sChIJXyVjdkYioFMRDb-RAOTvA_0?authuser=0&hl=en&g_ep=EgoyMDI2MDgyNi4wIJJjKgBIAVAD&rclk=1
Mediashaker Edmonton Website Design Experts,B2B marketing consultant,Edmonton AB,+17807027545,https://www.mediashaker.ca/,info@mediashaker.com,None,0,https://www.google.com/maps/place/Mediashaker+Edmonton+Website+Design+Experts/data=!4m7!3m6!1s0x53a023cae075555f:0xb1768b9871465b78!8m2!3d53.5512428!4d-113.5162033!16s%2Fg%2F1tpc7ndj!19sChIJX1V14MojoFMReFtGcZiLdrE?authuser=0&hl=en&g_ep=EgoyMDI2MDgyNi4wIJJjKgBIAVAD&rclk=1
