Name,Email,Website,Google Maps URL,Phone
Expert Enschede,enschede@expert.nl,https://www.expert.nl/winkels/enschede?utm_source=googlemybusiness&utm_campaign=GMB%20-%20Expert%20Enschede&utm_medium=organic,https://www.google.com/maps/place/Expert+Enschede/data=!4m7!3m6!1s0x47b8151106379ba3:0x23642ad87f1aaf64!8m2!3d52.2172381!4d6.9009153!16s%2Fg%2F11pcl_z61g!19sChIJo5s3BhEVuEcRZK8af9gqZCM?authuser=0&hl=nl&rclk=1,Telefoon: 053 200 8000
High Tech Factory,info@hightechfactory.novelt.com,http://hightechfactory.com/companies/,https://www.google.com/maps/place/High+Tech+Factory/data=!4m7!3m6!1s0x47b813d2e49af6d3:0x10e45548c0e31aba!8m2!3d52.2402517!4d6.8397704!16s%2Fg%2F11h4br31tw!19sChIJ0_aa5NITuEcRuhrjwEhV5BA?authuser=0&hl=nl&rclk=1,Telefoon: 053 850 6850
Uitzendbureau ASA Talent Enschede Universiteit Twente,enschede@asatalent.nl,https://asatalent.nl/vestigingen/enschede?utm_source=google&utm_medium=organic&utm_campaign=gmb-vestiging,https://www.google.com/maps/place/Uitzendbureau+ASA+Talent+Enschede+Universiteit+Twente/data=!4m7!3m6!1s0x47b813d75ac9b283:0xd3d49b1e2f0b7dcd!8m2!3d52.2435155!4d6.8513071!16s%2Fg%2F12m99n5zg!19sChIJg7LJWtcTuEcRzX0LLx6b1NM?authuser=0&hl=nl&rclk=1,Telefoon: 053 536 2088
BTC Twente (Bedrijfstechnologisch Centrum Twente),info@btc-twente.nl,https://www.btc-twente.nl/?utm_source=google&utm_medium=googlemybusiness&utm_campaign=gmb,https://www.google.com/maps/place/BTC+Twente+%28Bedrijfstechnologisch+Centrum+Twente%29/data=!4m7!3m6!1s0x47b813d1cd16d3e3:0x96e1871847009af!8m2!3d52.2360466!4d6.8447283!16s%2Fg%2F1tjy0kwb!19sChIJ49MWzdETuEcRrwlwhHEYbgk?authuser=0&hl=nl&rclk=1,Telefoon: 053 483 6355
Noordmolen Gemeente Enschede,,http://www.enschede.nl/,https://www.google.com/maps/place/Noordmolen+Gemeente+Enschede/data=!4m7!3m6!1s0x47b81540eb8f373b:0x5eda612cd0779f41!8m2!3d52.2233142!4d6.8951127!16s%2Fg%2F11fl9p7h5s!19sChIJOzeP60AVuEcRQZ930Cxh2l4?authuser=0&hl=nl&rclk=1,Telefoon: 14 053
Tourist Info Enschede,info@enschedepromotie.nl,http://www.uitinenschede.nl/,https://www.google.com/maps/place/Tourist+Info+Enschede/data=!4m7!3m6!1s0x47b81548ce4d6675:0x348d6a097672b023!8m2!3d52.2194456!4d6.8958297!16s%2Fg%2F11gk8q83fd!19sChIJdWZNzkgVuEcRI7BydglqjTQ?authuser=0&hl=nl&rclk=1,Telefoon: 053 480 1970
Werkplein Twente,info@werkpleintwente.nl,http://www.werkpleintwente.nl/,https://www.google.com/maps/place/Werkplein+Twente/data=!4m7!3m6!1s0x47b814745dd36319:0xc191c2fb9ac4a8b9!8m2!3d52.2229372!4d6.8915765!16s%2Fg%2F11btv64bzk!19sChIJGWPTXXQUuEcRuajEmvvCkcE?authuser=0&hl=nl&rclk=1,Telefoon: 088 898 9295
Hot Networkz Enschede | Promotiewerk | Bijbaan | Studentenwerk,enschede@hotnetworkz.com,https://www.werkenbijhotnetworkz.com/vestiging/enschede/,https://www.google.com/maps/place/Hot+Networkz+Enschede+%7C+Promotiewerk+%7C+Bijbaan+%7C+Studentenwerk/data=!4m7!3m6!1s0x47b8146fbb3fd617:0xe262e59994b635a1!8m2!3d52.2216486!4d6.8967428!16s%2Fg%2F11h0nfvzw!19sChIJF9Y_u28UuEcRoTW2lJnlYuI?authuser=0&hl=nl&rclk=1,Telefoon: 053 304 0027
OGD Enschede,,https://www.ogd.nl/,https://www.google.com/maps/place/OGD+Enschede/data=!4m7!3m6!1s0x47b815def183f50f:0xa3f32f172511966d!8m2!3d52.2198338!4d6.8919839!16s%2Fg%2F11vx4ldsdy!19sChIJD_WD8d4VuEcRbZYRJRcv86M?authuser=0&hl=nl&rclk=1,
Kringloopwinkel RataPlan Enschede,klantenservice@rataplan.nl,https://rataplan.nl/,https://www.google.com/maps/place/Kringloopwinkel+RataPlan+Enschede/data=!4m7!3m6!1s0x47b813006c6a9395:0x7e48e71570c7e973!8m2!3d52.2233034!4d6.8807773!16s%2Fg%2F11y4tkqvzw!19sChIJlZNqbAATuEcRc-nHcBXnSH4?authuser=0&hl=nl&rclk=1,Telefoon: 088 828 2782
Dakkapel Enschede,contact@dakkapelenschede.com,https://dakkapelenschede.com/,https://www.google.com/maps/place/Dakkapel+Enschede/data=!4m7!3m6!1s0x4e6137a10f7daff1:0xcdfadbfa246478fd!8m2!3d52.2395102!4d6.8409756!16s%2Fg%2F11wn51fxd6!19sChIJ8a99D6E3YU4R_XhkJPrb-s0?authuser=0&hl=nl&rclk=1,Telefoon: 053 369 0190
Autosoft BV,support@autosoft.eu,https://www.autosoft.eu/?utm_source=google&utm_medium=organic&utm_campaign=google_my_business,https://www.google.com/maps/place/Autosoft+BV/data=!4m7!3m6!1s0x47b813d1c92ae9f1:0x9b97ce52c8de9154!8m2!3d52.23549!4d6.8537638!16s%2Fg%2F1tfzwkym!19sChIJ8ekqydETuEcRVJHeyFLOl5s?authuser=0&hl=nl&rclk=1,Telefoon: 053 428 0098
Bizzdesign,jobs@bizzdesign.com,https://bizzdesign.com/contact-us,https://www.google.com/maps/place/Bizzdesign/data=!4m7!3m6!1s0x47b813d2e9ac978d:0x778eb62015685a9f!8m2!3d52.2374026!4d6.8422502!16s%2Fg%2F1hc11mggh!19sChIJjZes6dITuEcRn1poFSC2jnc?authuser=0&hl=nl&rclk=1,Telefoon: 053 487 8151
Uneedle Headquarters,info@uneedle.com,http://www.uneedle.com/,https://www.google.com/maps/place/Uneedle+Headquarters/data=!4m7!3m6!1s0x47b813d909c80847:0xda80bd9d1c213886!8m2!3d52.2437482!4d6.8556262!16s%2Fg%2F1pwfcfvtt!19sChIJRwjICdkTuEcRhjghHJ29gNo?authuser=0&hl=nl&rclk=1,Telefoon: 053 431 3938
Tempo-Team Enschede Uitzendbureau,,https://www.tempo-team.nl/vestigingen/2033/enschede-hoedemakerplein-2?utm_medium=organic&utm_source=GMB&utm_campaign=GMB_Enschede,https://www.google.com/maps/place/Tempo-Team+Enschede+Uitzendbureau/data=!4m7!3m6!1s0x47b8147451cf9603:0xd8ca85a1774ceb08!8m2!3d52.220979!4d6.8913556!16s%2Fg%2F1tyktg42!19sChIJA5bPUXQUuEcRCOtMd6GFytg?authuser=0&hl=nl&rclk=1,Telefoon: 053 431 5884
Ondernemersloket Enschede,,,https://www.google.com/maps/place/Ondernemersloket+Enschede/data=!4m7!3m6!1s0x47b81474de6ca96f:0x1a8dc45a85d2411d!8m2!3d52.2230026!4d6.8916517!16s%2Fg%2F11f3zs9mbj!19sChIJb6ls3nQUuEcRHUHShVrEjRo?authuser=0&hl=nl&rclk=1,Telefoon: 053 481 5150
Gemeente Enschede,,http://www.enschede.nl/,https://www.google.com/maps/place/Gemeente+Enschede/data=!4m7!3m6!1s0x47b81473ce90264d:0xd061bc18e8c49c7d!8m2!3d52.2230491!4d6.8915696!16s%2Fg%2F1thsd_kn!19sChIJTSaQznMUuEcRfZzE6Bi8YdA?authuser=0&hl=nl&rclk=1,Telefoon: 14 053
Stichting Enschede Promotie,mapdetailscom@gmail.com,https://nlviewmap.org/details/enschede-promotion-foundation-ChIJtV_,https://www.google.com/maps/place/Stichting+Enschede+Promotie/data=!4m7!3m6!1s0x47b81474fafa5fb5:0x521f8b9a4d45db4a!8m2!3d52.219446!4d6.89583!16s%2Fg%2F1tk66s3w!19sChIJtV_6-nQUuEcRSttFTZqLH1I?authuser=0&hl=nl&rclk=1,Telefoon: 053 480 1970
Euverman & Nuyts makelaars Enschede,s.daga@euvermannuyts.nl,http://www.euvermannuyts.nl/,https://www.google.com/maps/place/Euverman+%26+Nuyts+makelaars+Enschede/data=!4m7!3m6!1s0x47b81474dbc38537:0x4e4f2d121b8cb033!8m2!3d52.2233033!4d6.8915799!16s%2Fg%2F1tf7003y!19sChIJN4XD23QUuEcRM7CMGxItT04?authuser=0&hl=nl&rclk=1,Telefoon: 053 488 5995
Business Center Winterswijk,info@businesscenter-winterswijk.nl,https://businesscenter-winterswijk.nl/,https://www.google.com/maps/place/Business+Center+Winterswijk/data=!4m7!3m6!1s0x47b87ab8f296ca6d:0x880fe27e1d78f2f9!8m2!3d51.98098!4d6.70153!16s%2Fg%2F11c7sqqhp1!19sChIJbcqW8rh6uEcR-fJ4HX7iD4g?authuser=0&hl=nl&rclk=1,Telefoon: 06 57578125
WOOD AND STONES,info@woodandstones.nl,http://www.woodandstones.nl/,https://www.google.com/maps/place/WOOD+AND+STONES/data=!4m7!3m6!1s0x47b813c6497c0327:0x2e7fa1504316690f!8m2!3d52.2294223!4d6.8507172!16s%2Fg%2F1tdltbyf!19sChIJJwN8ScYTuEcRD2kWQ1Chfy4?authuser=0&hl=nl&rclk=1,Telefoon: 053 431 7776
"Regus - Enschede, Capitool",,https://www.regus.com/nl-nl/netherlands/enschede/capitool-10-5469?utm_source=google_uberall&utm_medium=places&utm_campaign=uberall&utm_content=uberall,"https://www.google.com/maps/place/Regus+-+Enschede,+Capitool/data=!4m7!3m6!1s0x47b81392d3d825d1:0x7746916e80d3c789!8m2!3d52.2395102!4d6.8409756!16s%2Fg%2F11j21465s2!19sChIJ0SXY05ITuEcRicfTgG6RRnc?authuser=0&hl=nl&rclk=1",Telefoon: 053 790 1100
Belastingdienst Enschede,,https://www.belastingdienst.nl/,https://www.google.com/maps/place/Belastingdienst+Enschede/data=!4m7!3m6!1s0x47b814755ceb1ab9:0xc0bea4dcfa116529!8m2!3d52.2234496!4d6.888818!16s%2Fg%2F11c6kn6dgc!19sChIJuRrrXHUUuEcRKWUR-tykvsA?authuser=0&hl=nl&rclk=1,Telefoon: 0800 0543
Campus CeeCee - Campus Offices,info@campusoffices.com,http://campusoffices.com/,https://www.google.com/maps/place/Campus+CeeCee+-+Campus+Offices/data=!4m7!3m6!1s0x47b813aff2fd31b7:0x7c8ee949bb2d8c9d!8m2!3d52.2329431!4d6.8900391!16s%2Fg%2F11kh5bq1gc!19sChIJtzH98q8TuEcRnYwtu0npjnw?authuser=0&hl=nl&rclk=1,Telefoon: 085 760 0935
Polaroid Film B.V.,press@polaroid.com,http://www.polaroid.com/,https://www.google.com/maps/place/Polaroid+Film+B.V./data=!4m7!3m6!1s0x47b8146d3cc099ad:0x2e1aa15947bd8b5!8m2!3d52.2233155!4d6.9019511!16s%2Fg%2F1tfmmgmv!19sChIJrZnAPG0UuEcRtdh7lBWq4QI?authuser=0&hl=nl&rclk=1,Telefoon: 053 484 8660
Thuisbezorgd Scoober Hub Enschede,press@justeattakeaway.com,http://www.justeattakeaway.com/,https://www.google.com/maps/place/Thuisbezorgd+Scoober+Hub+Enschede/data=!4m7!3m6!1s0x47b815dd7d7950d3:0x70dae8e343298839!8m2!3d52.2196334!4d6.8926501!16s%2Fg%2F11trlt6cfj!19sChIJ01B5fd0VuEcROYgpQ-Po2nA?authuser=0&hl=nl&rclk=1,
Adecco Uitzendbureau Enschede en omgeving,,https://www.adecco.com/nl-nl,https://www.google.com/maps/place/Adecco+Uitzendbureau+Enschede+en+omgeving/data=!4m7!3m6!1s0x47b814743be9f57b:0x73b2a753a8bc1464!8m2!3d52.2198978!4d6.8917317!16s%2Fg%2F1v1knyp1!19sChIJe_XpO3QUuEcRZBS8qFOnsnM?authuser=0&hl=nl&rclk=1,Telefoon: 053 430 5300
Gemeente Enschede,,http://www.enschede.nl/,https://www.google.com/maps/place/Gemeente+Enschede/data=!4m7!3m6!1s0x47b81473ce90264d:0xb4ef9cd9a34343dc!8m2!3d52.2194824!4d6.8968976!16s%2Fg%2F1219h430!19sChIJTSaQznMUuEcR3ENDo9mc77Q?authuser=0&hl=nl&rclk=1,Telefoon: 053 481 8181
ALLSAFE Mini Opslag Enschede,,https://www.allsafe.nl/opslagruimte/enschede,https://www.google.com/maps/place/ALLSAFE+Mini+Opslag+Enschede/data=!4m7!3m6!1s0x47b8139034737535:0x747c43fa91247cb6!8m2!3d52.2178664!4d6.8710737!16s%2Fg%2F11g8ctw0wp!19sChIJNXVzNJATuEcRtnwkkfpDfHQ?authuser=0&hl=nl&rclk=1,Telefoon: 053 306 0990
HouseHunting Enschede,,http://www.househunting.nl/,https://www.google.com/maps/place/HouseHunting+Enschede/data=!4m7!3m6!1s0x47b816a471d28a3b:0xe91e3b689c0cafd!8m2!3d52.2277499!4d6.8959588!16s%2Fg%2F11b6hz7z43!19sChIJO4rScaQWuEcR_crAibbjkQ4?authuser=0&hl=nl&rclk=1,Telefoon: 053 440 0280
"OF-US Enschede - kantoor, vergaderzaal & spreekruimte verhuur",assen@of-us.nl,https://of-us.nl/,"https://www.google.com/maps/place/OF-US+Enschede+-+kantoor,+vergaderzaal+%26+spreekruimte+verhuur/data=!4m7!3m6!1s0x47b81531de27a401:0x8377bd82acd7e062!8m2!3d52.2215747!4d6.8911915!16s%2Fg%2F11qs0gqn2w!19sChIJAaQn3jEVuEcRYuDXrIK9d4M?authuser=0&hl=nl&rclk=1",Telefoon: 053 792 0707
Inaday Merken en Patenten,heerenveen@inaday.eu,https://inaday.eu/?utm_source=google&utm_medium=gmb&utm_campaign=GoogleMyBusiness&utm_id=inaday,https://www.google.com/maps/place/Inaday+Merken+en+Patenten/data=!4m7!3m6!1s0x47b813f33e34c3d1:0x702fe8f7f3310658!8m2!3d52.2215748!4d6.8911925!16s%2Fg%2F1tz94tx0!19sChIJ0cM0PvMTuEcRWAYx8_foL3A?authuser=0&hl=nl&rclk=1,Telefoon: 053 820 0995
Jalco B.V.,info@jalco.nl,http://www.jalco.nl/,https://www.google.com/maps/place/Jalco+B.V./data=!4m7!3m6!1s0x47b81333324275b9:0xccf25310490b1db9!8m2!3d52.2221865!4d6.8398311!16s%2Fg%2F11h2gdk8tf!19sChIJuXVCMjMTuEcRuR0LSRBT8sw?authuser=0&hl=nl&rclk=1,Telefoon: 053 760 0600
Makelaar Enschede | Thoma Post Makelaars,enschede@thomapost.nl,https://thomapost.nl/vestiging/makelaar-enschede/?utm_source=organisch&utm_medium=gmb&utm_campaign=enschede,https://www.google.com/maps/place/Makelaar+Enschede+%7C+Thoma+Post+Makelaars/data=!4m7!3m6!1s0x47b814713921ceeb:0x73735703e847ac45!8m2!3d52.219242!4d6.8867773!16s%2Fg%2F1tg4_hnt!19sChIJ684hOXEUuEcRRaxH6ANXc3M?authuser=0&hl=nl&rclk=1,Telefoon: 053 434 0038
Spotlight Coworking,peter@spotlight.space,https://spotlight.space/,https://www.google.com/maps/place/Spotlight+Coworking/data=!4m7!3m6!1s0x47b815bf49a9dbf3:0xb65fe85fef002bb2!8m2!3d52.2224654!4d6.8999018!16s%2Fg%2F11sq4xt6sz!19sChIJ89upSb8VuEcRsisA71_oX7Y?authuser=0&hl=nl&rclk=1,Telefoon: 053 203 2332
Snelder Zijlstra Makelaars Enschede,enschede@snelderzijlstra.nl,https://snelderzijlstra.nl/,https://www.google.com/maps/place/Snelder+Zijlstra+Makelaars+Enschede/data=!4m7!3m6!1s0x47b814744f5edbd3:0x5f18268eb37d75ba!8m2!3d52.2206897!4d6.8914933!16s%2Fg%2F1tgfcfqc!19sChIJ09teT3QUuEcRunV9s44mGF8?authuser=0&hl=nl&rclk=1,Telefoon: 053 485 2222
Søstrene Grene,kontakt@sostrenegrene.com,https://sostrenegrene.com/nl/winkel/van-heekplein-enschede-s-3007?utm_campaign=gbpg&utm_source=googlebusiness&utm_medium=google,https://www.google.com/maps/place/S%C3%B8strene+Grene/data=!4m7!3m6!1s0x47b8147176546e99:0x24d525fbd44c2b65!8m2!3d52.2179544!4d6.8966111!16s%2Fg%2F11c5s4g_f7!19sChIJmW5UdnEUuEcRZStM1Psl1SQ?authuser=0&hl=nl&rclk=1,
Bruggenmors,,,https://www.google.com/maps/place/Bruggenmors/data=!4m7!3m6!1s0x47b813c53bffffff:0xcbb2a64c70d978c9!8m2!3d52.2362281!4d6.8521955!16s%2Fg%2F11txv1pxg2!19sChIJ____O8UTuEcRyXjZcEymsss?authuser=0&hl=nl&rclk=1,
Domino's Pizza Enschede West,,https://www.dominos.nl/?utm_source=google&utm_medium=local&utm_campaign=yext,https://www.google.com/maps/place/Domino%27s+Pizza+Enschede+West/data=!4m7!3m6!1s0x47b813c1aec63917:0xce714bda546aa9d9!8m2!3d52.2293144!4d6.8590034!16s%2Fg%2F11g_60jy9!19sChIJFznGrsETuEcR2alqVNpLcc4?authuser=0&hl=nl&rclk=1,Telefoon: 053 430 0081
Stadsarchief Enschede,,https://www.erfgoedenschede.nl/,https://www.google.com/maps/place/Stadsarchief+Enschede/data=!4m7!3m6!1s0x47b81473ce90264d:0x5cd3aeb8106c547a!8m2!3d52.2194824!4d6.8968976!16s%2Fg%2F1vf9bflb!19sChIJTSaQznMUuEcRelRsELiu01w?authuser=0&hl=nl&rclk=1,
MyOffice Enschede,info@my-office.nl,http://www.my-office.nl/,https://www.google.com/maps/place/MyOffice+Enschede/data=!4m7!3m6!1s0x47b81560d916f6fd:0xe6c63f6f361d2dab!8m2!3d52.2067201!4d6.891583!16s%2Fg%2F11f775qv5h!19sChIJ_fYW2WAVuEcRqy0dNm8_xuY?authuser=0&hl=nl&rclk=1,Telefoon: 038 820 0082
Streetwise Enschede,info@streetwise.nl,https://www.streetwise.nl/,https://www.google.com/maps/place/Streetwise+Enschede/data=!4m7!3m6!1s0x47b815d3f7594f0f:0x30b175325d19198c!8m2!3d52.2205032!4d6.8928261!16s%2Fg%2F11gdqtnv6y!19sChIJD09Z99MVuEcRjBkZXTJ1sTA?authuser=0&hl=nl&rclk=1,Telefoon: 020 330 7322
Wirelab Creative digital agency,hello@wirelab.nl,https://www.wirelab.nl/,https://www.google.com/maps/place/Wirelab+Creative+digital+agency/data=!4m7!3m6!1s0x47b8139258aa376f:0x966f50535512998b!8m2!3d52.2226185!4d6.8935374!16s%2Fg%2F1wbfzgzb!19sChIJbzeqWJITuEcRi5kSVVNQb5Y?authuser=0&hl=nl&rclk=1,Telefoon: 053 203 0700
The Sales Company Enschede,info@the-salescompany.nl,https://the-salescompany.nl/,https://www.google.com/maps/place/The+Sales+Company+Enschede/data=!4m7!3m6!1s0x47b8147419517fc3:0x67d51e99e037a60a!8m2!3d52.2192224!4d6.8924608!16s%2Fg%2F11clvdl9ml!19sChIJw39RGXQUuEcRCqY34Jke1Wc?authuser=0&hl=nl&rclk=1,Telefoon: 06 83171975
Kringloopwarenhuis Het Goed Enschede,,https://www.hetgoed.nl/enschede/,https://www.google.com/maps/place/Kringloopwarenhuis+Het+Goed+Enschede/data=!4m7!3m6!1s0x47b813c70700733d:0x6dbbb35c6a2f7f66!8m2!3d52.2261121!4d6.8823269!16s%2Fg%2F1vxz8pw6!19sChIJPXMAB8cTuEcRZn8valyzu20?authuser=0&hl=nl&rclk=1,
Neways Technologies Enschede,info@newayselectronics.com,https://newayselectronics.com/nl/,https://www.google.com/maps/place/Neways+Technologies+Enschede/data=!4m7!3m6!1s0x47b813d2fa555537:0xee4020470d61bd8!8m2!3d52.2402721!4d6.83998!16s%2Fg%2F11g5zyddhk!19sChIJN1VV-tITuEcR2BvWcAQC5A4?authuser=0&hl=nl&rclk=1,Telefoon: 040 267 9200
Saxion FabLab Enschede,info@fablabenschede.nl,https://fablabenschede.nl/,https://www.google.com/maps/place/Saxion+FabLab+Enschede/data=!4m7!3m6!1s0x47b8138a681664bf:0xc1271e4bcd945cd!8m2!3d52.2200385!4d6.888171!16s%2Fg%2F1q5bnd5r1!19sChIJv2QWaIoTuEcRzUXZvORxEgw?authuser=0&hl=nl&rclk=1,Telefoon: 06 39497928
Afvalbrengpunt Enschede West,info@twentemilieu.nl,https://www.twentemilieu.nl/enschede/afval/afvalbrengpunten-enschede,https://www.google.com/maps/place/Afvalbrengpunt+Enschede+West/data=!4m7!3m6!1s0x47b813c821d23f71:0x424a8f141c6d4095!8m2!3d52.2272022!4d6.8460907!16s%2Fg%2F11c2pc8r17!19sChIJcT_SIcgTuEcRlUBtHBSPSkI?authuser=0&hl=nl&rclk=1,Telefoon: 0900 8520111
Flexcraft Enschede,info@flexcraft.eu,https://flexcraft.nl/over-flexcraft/vestigingen/enschede/,https://www.google.com/maps/place/Flexcraft+Enschede/data=!4m7!3m6!1s0x47b81548b95462cf:0x267c568c6e5c1a7c!8m2!3d52.2211732!4d6.8894004!16s%2Fg%2F11qbr5c0np!19sChIJz2JUuUgVuEcRfBpcboxWfCY?authuser=0&hl=nl&rclk=1,Telefoon: 088 142 5500
Vastbouw Enschede,info@vastbouw.nl,https://www.vastbouw.nl/,https://www.google.com/maps/place/Vastbouw+Enschede/data=!4m7!3m6!1s0x47b813b9be52418b:0x48edade066a7551e!8m2!3d52.231658!4d6.8467859!16s%2Fg%2F11yn0h9pkf!19sChIJi0FSvrkTuEcRHlWnZuCt7Ug?authuser=0&hl=nl&rclk=1,Telefoon: 0548 539 999
Epos Enschede B.V.,info@eposbv.nl,http://www.eposbv.nl/,https://www.google.com/maps/place/Epos+Enschede+B.V./data=!4m7!3m6!1s0x47b813cfe59313a7:0x586608dc38f747cb!8m2!3d52.2364675!4d6.8497232!16s%2Fg%2F1tdj38s6!19sChIJpxOT5c8TuEcRy0f3ONwIZlg?authuser=0&hl=nl&rclk=1,Telefoon: 053 432 5920
Rechtbank Overijssel » Locatie Enschede,,https://www.rechtspraak.nl/Organisatie-en-contact/Organisatie/Rechtbanken/Rechtbank-Overijssel,https://www.google.com/maps/place/Rechtbank+Overijssel+%C2%BB+Locatie+Enschede/data=!4m7!3m6!1s0x47b81474af61348d:0x3c0dfd3eb97e8fa2!8m2!3d52.2235426!4d6.8944877!16s%2Fg%2F1tgmvbjj!19sChIJjTRhr3QUuEcRoo9-uT79DTw?authuser=0&hl=nl&rclk=1,Telefoon: 088 361 5555
Start People Enschede uitzendbureau,Enschede@startpeople.nl,https://startpeople.nl/vestiging/start-people-enschede-%28o2606074%29?utm_source=google&utm_medium=organic&utm_campaign=gmb-vestiging,https://www.google.com/maps/place/Start+People+Enschede+uitzendbureau/data=!4m7!3m6!1s0x47b814743826f571:0xa9b00376080109b!8m2!3d52.2227049!4d6.8929845!16s%2Fg%2F1tf420wf!19sChIJcfUmOHQUuEcRmxCAYDcAmwo?authuser=0&hl=nl&rclk=1,Telefoon: 053 481 4600
HST Groep,info@hst.nl,https://www.hst.nl/?utm_source=google-mijn-bedrijf&utm_medium=organic,https://www.google.com/maps/place/HST+Groep/data=!4m7!3m6!1s0x47b813cb9126cc7d:0xf1ecefcb8085874b!8m2!3d52.230859!4d6.838461!16s%2Fg%2F11b6d2ww1d!19sChIJfcwmkcsTuEcRS4eFgMvv7PE?authuser=0&hl=nl&rclk=1,Telefoon: 053 480 0048
Distribute,info@distribute.company,http://www.distribute.company/,https://www.google.com/maps/place/Distribute/data=!4m7!3m6!1s0x47b813d01b08ce97:0xdafd8a967c20ccdf!8m2!3d52.2352344!4d6.8545025!16s%2Fg%2F11gr123nsh!19sChIJl84IG9ATuEcR38wgfJaK_do?authuser=0&hl=nl&rclk=1,
Monta - Fulfilment Enschede,info@monta.nl,https://gomonta.com/nl/fulfilment-center/nederland/enschede/,https://www.google.com/maps/place/Monta+-+Fulfilment+Enschede/data=!4m7!3m6!1s0x47b81327ac01a4e5:0x83bdb5c544c2c40b!8m2!3d52.2280698!4d6.8389445!16s%2Fg%2F11gxjwcp5c!19sChIJ5aQBrCcTuEcRC8TCRMW1vYM?authuser=0&hl=nl&rclk=1,Telefoon: 053 430 5515
Snelder Zijlstra Makelaars Enschede,enschede@snelderzijlstra.nl,https://snelderzijlstra.nl/,https://www.google.com/maps/place/Snelder+Zijlstra+Makelaars+Enschede/data=!4m7!3m6!1s0x47b814744f5edbd3:0x5f18268eb37d75ba!8m2!3d52.22069!4d6.891493!16s%2Fg%2F1tgfcfqc!19sChIJ09teT3QUuEcRunV9s44mGF8?authuser=0&hl=nl&rclk=1,Telefoon: 053 485 2222
Cimot Enschede,info@cimotenschede.nl,https://www.cimotenschede.nl/beschermd-wonen/,https://www.google.com/maps/place/Cimot+Enschede/data=!4m7!3m6!1s0x47b8156100b5299f:0x93c4c9ea90819bfb!8m2!3d52.2229296!4d6.8916649!16s%2Fg%2F11fkkzpvnm!19sChIJnym1AGEVuEcR-5uBkOrJxJM?authuser=0&hl=nl&rclk=1,Telefoon: 053 481 5500
Tromphuis,,,https://www.google.com/maps/place/Tromphuis/data=!4m7!3m6!1s0x47b8138a2eafad87:0x3b8684e8c9fdc6c!8m2!3d52.2197265!4d6.8841088!16s%2Fg%2F11rmpq45wf!19sChIJh62vLooTuEcRbNyfjE5ouAM?authuser=0&hl=nl&rclk=1,
Nerds & Company - Maatwerk Software Oplossingen,#{$g('company.email')},https://nerds.company/?utm_source=Google+Bedrijfsprofiel&utm_medium=Google+Bedrijfsprofiel+&utm_campaign=Bedrijfsprofiel&utm_id=Bedrijfsprofiel,https://www.google.com/maps/place/Nerds+%26+Company+-+Maatwerk+Software+Oplossingen/data=!4m7!3m6!1s0x47b805078ca30871:0xb24a0b4764025fca!8m2!3d52.2391084!4d6.8447496!16s%2Fg%2F11b6d7csgg!19sChIJcQijjAcFuEcRyl8CZEcLSrI?authuser=0&hl=nl&rclk=1,Telefoon: 088 637 3700
SPACEWINNER Opslagruimte Enschede,enschede@spacewinner.nl,https://spacewinner.nl/opslagruimte/enschede,https://www.google.com/maps/place/SPACEWINNER+Opslagruimte+Enschede/data=!4m7!3m6!1s0x47b813c7c4fac361:0x7f0992fae9cddfea!8m2!3d52.2285308!4d6.8491666!16s%2Fg%2F1tg14tdd!19sChIJYcP6xMcTuEcR6t_N6fqSCX8?authuser=0&hl=nl&rclk=1,Telefoon: 053 436 7070
FlexVisie Uitzenden Enschede,info@flexvisie.nl,http://www.flexvisieuitzenden.nl/,https://www.google.com/maps/place/FlexVisie+Uitzenden+Enschede/data=!4m7!3m6!1s0x47b813d1eca26bb9:0xa714a451a9d9d3da!8m2!3d52.2355213!4d6.8457044!16s%2Fg%2F11c1s2kvy0!19sChIJuWui7NETuEcR2tPZqVGkFKc?authuser=0&hl=nl&rclk=1,Telefoon: 053 206 8350
Ignite Group Enschede,,https://ignite-group.com/nl/?utm_source=Google&utm_medium=Enschede&utm_campaign=Locatie,https://www.google.com/maps/place/Ignite+Group+Enschede/data=!4m7!3m6!1s0x47b8130251c329a1:0x8add9ded38521348!8m2!3d52.2364338!4d6.8520624!16s%2Fg%2F1tfbrz8w!19sChIJoSnDUQITuEcRSBNSOO2d3Yo?authuser=0&hl=nl&rclk=1,Telefoon: 088 202 0400
Stadscampus Connect-U,info@connect-u.nl,http://www.connect-u.nl/,https://www.google.com/maps/place/Stadscampus+Connect-U/data=!4m7!3m6!1s0x47b81476105d787b:0x90a5e9b3af55594!8m2!3d52.2186645!4d6.8880488!16s%2Fg%2F11f507qs8z!19sChIJe3hdEHYUuEcRlFX1OpteCgk?authuser=0&hl=nl&rclk=1,Telefoon: 053 203 2034
Continuum Global Solutions Enschede,,https://www.continuumgbl.com/,https://www.google.com/maps/place/Continuum+Global+Solutions+Enschede/data=!4m7!3m6!1s0x47b8133a0382777d:0xf00e37178bb35c9c!8m2!3d52.2227172!4d6.8878455!16s%2Fg%2F11h3mtkvt2!19sChIJfXeCAzoTuEcRnFyzixc3DvA?authuser=0&hl=nl&rclk=1,Telefoon: 06 18501961
Damsté,info@damste.nl,https://www.damste.nl/,https://www.google.com/maps/place/Damst%C3%A9/data=!4m7!3m6!1s0x47b813c53b3e9985:0xc5a968141c470d62!8m2!3d52.2363093!4d6.8525553!16s%2Fg%2F1tf7ln2x!19sChIJhZk-O8UTuEcRYg1HHBRoqcU?authuser=0&hl=nl&rclk=1,Telefoon: 053 484 0000
LipoCoat BV,info@lipocoat.com,http://www.lipocoat.com/,https://www.google.com/maps/place/LipoCoat+BV/data=!4m7!3m6!1s0x47b813da389afa0b:0xec7d9171b7eae412!8m2!3d52.2357426!4d6.8546024!16s%2Fg%2F11c6v3cxs8!19sChIJC_qaONoTuEcREuTqt3GRfew?authuser=0&hl=nl&rclk=1,Telefoon: 053 820 0816
Woningstichting Veste Wonen Studentenhuisvesting locatie Enschede,wonen@vestewonen.nl,https://www.veste.nl/,https://www.google.com/maps/place/Woningstichting+Veste+Wonen+Studentenhuisvesting+locatie+Enschede/data=!4m7!3m6!1s0x47b813d8239e730d:0xbf30f6eca9623bfa!8m2!3d52.2433218!4d6.8512644!16s%2Fg%2F11f3n39zz8!19sChIJDXOeI9gTuEcR-jtiqez2ML8?authuser=0&hl=nl&rclk=1,Telefoon: 053 489 2031
Schuttersveld,,,https://www.google.com/maps/place/Schuttersveld/data=!4m7!3m6!1s0x47b813f4c7036749:0xf2f9e277e065dc7c!8m2!3d52.2254159!4d6.8833863!16s%2Fg%2F11fxx4zjxk!19sChIJSWcDx_QTuEcRfNxl4Hfi-fI?authuser=0&hl=nl&rclk=1,Telefoon: 053 480 0626
Dosign Enschede | Bijbanen voor studenten in de techniek,info@dosign.com,https://www.dosign.com/nl-nl/carriere/,https://www.google.com/maps/place/Dosign+Enschede+%7C+Bijbanen+voor+studenten+in+de+techniek/data=!4m7!3m6!1s0x47b813dadd7c3b63:0xc7af64fd61e95c05!8m2!3d52.2370588!4d6.8558175!16s%2Fg%2F11cmh41pld!19sChIJYzt83doTuEcRBVzpYf1kr8c?authuser=0&hl=nl&rclk=1,Telefoon: 053 241 4141
Estadio Parkweg,info@estadio.nl,http://www.estadio.nl/,https://www.google.com/maps/place/Estadio+Parkweg/data=!4m7!3m6!1s0x47b813c7a664372b:0x377aec75db8cbadb!8m2!3d52.2207643!4d6.8692796!16s%2Fg%2F11rfrbnxxl!19sChIJKzdkpscTuEcR27qM23Xsejc?authuser=0&hl=nl&rclk=1,Telefoon: 085 760 2802
PHIX,info@phix.com,https://www.phix.com/,https://www.google.com/maps/place/PHIX/data=!4m7!3m6!1s0x47b81323d337b969:0x823cc1dd6ec3fbf6!8m2!3d52.2356401!4d6.8553525!16s%2Fg%2F11fj0x72tm!19sChIJabk30yMTuEcR9vvDbt3BPII?authuser=0&hl=nl&rclk=1,Telefoon: 088 744 9000
BOXIE24 Opslag huren Enschede | Self Storage,nl.info@boxie24.com,https://www.boxie24.com/nl-nl/opslagruimte-huren-enschede/?utm_source=google-my-business&utm_medium=organic&utm_campaign=gmb-enschede,https://www.google.com/maps/place/BOXIE24+Opslag+huren+Enschede+%7C+Self+Storage/data=!4m7!3m6!1s0x47b8135f1a6e2fa9:0x29ca8a0360fff37c!8m2!3d52.2394599!4d6.8410618!16s%2Fg%2F11rsg2_q06!19sChIJqS9uGl8TuEcRfPP_YAOKyik?authuser=0&hl=nl&rclk=1,Telefoon: 053 234 1026
boekhandel Broekhuis,info@boekhandelbroekhuis.nl,http://www.boekhandelbroekhuis.nl/?utm_source=google-mijn-bedrijf-enschede&utm_medium=organic&utm_campaign=gmb,https://www.google.com/maps/place/boekhandel+Broekhuis/data=!4m7!3m6!1s0x47b814747b822057:0x8c5ba16ced25c30!8m2!3d52.221048!4d6.8935917!16s%2Fg%2F1tgw42rt!19sChIJVyCCe3QUuEcRMFzSzha6xQg?authuser=0&hl=nl&rclk=1,Telefoon: 053 432 5210
1Twente Enschede,redactie@1twente.nl,https://1twente.nl/,https://www.google.com/maps/place/1Twente+Enschede/data=!4m7!3m6!1s0x47b81409aff2a673:0xac65af5016cdafad!8m2!3d52.2309637!4d6.895204!16s%2Fg%2F12xp_2qkf!19sChIJc6byrwkUuEcRra_NFlCvZaw?authuser=0&hl=nl&rclk=1,Telefoon: 053 432 7527
GAMMA bouwmarkt Enschede,,https://www.gamma.nl/bouwmarkten/enschede?utm_campaign=gmb&utm_medium=organic&utm_source=google,https://www.google.com/maps/place/GAMMA+bouwmarkt+Enschede/data=!4m7!3m6!1s0x47b81387f34eaba3:0x4cf9836d317853fd!8m2!3d52.212653!4d6.884871!16s%2Fg%2F1tj90mc7!19sChIJo6tO84cTuEcR_VN4MW2D-Uw?authuser=0&hl=nl&rclk=1,Telefoon: 053 432 2151
Eurofins MASER B.V.,info@me.eurofinseu.com,https://www.maserengineering.eu/,https://www.google.com/maps/place/Eurofins+MASER+B.V./data=!4m7!3m6!1s0x47b813ce563ee7b9:0xdd60924ba0e95895!8m2!3d52.2347782!4d6.8455359!16s%2Fg%2F11hcd_rf0r!19sChIJuec-Vs4TuEcRlVjpoEuSYN0?authuser=0&hl=nl&rclk=1,Telefoon: 053 480 2680
Brandwerende Deuren en Constructiefabriek Enschede VOF,info@bdc-enschede.nl,http://www.bdc-enschede.nl/,https://www.google.com/maps/place/Brandwerende+Deuren+en+Constructiefabriek+Enschede+VOF/data=!4m7!3m6!1s0x47b813bf66ed05bf:0x4bb2ee6630920b1e!8m2!3d52.2258618!4d6.856354!16s%2Fg%2F1ptw5pytr!19sChIJvwXtZr8TuEcRHguSMGbusks?authuser=0&hl=nl&rclk=1,Telefoon: 053 432 7794
Scheffer Kantoormeubelen & Projectinrichting Enschede,info@schefferkantoorinrichting.nl,https://schefferkantoorinrichting.nl/?utm_source=google&utm_medium=organic&utm_campaign=gmb,https://www.google.com/maps/place/Scheffer+Kantoormeubelen+%26+Projectinrichting+Enschede/data=!4m7!3m6!1s0x47b813d1cd16d3e3:0xe70a35e1a94e05fa!8m2!3d52.236047!4d6.844728!16s%2Fg%2F1tddr8b4!19sChIJ49MWzdETuEcR-gVOqeE1Cuc?authuser=0&hl=nl&rclk=1,Telefoon: 053 483 6310
The Vital Company,info@thevitalcompany.nl,https://thevitalcompany.nl/,https://www.google.com/maps/place/The+Vital+Company/data=!4m7!3m6!1s0x47b811f1cb5e5c45:0xaf7c2e2c8dd502b4!8m2!3d52.2206693!4d6.8886364!16s%2Fg%2F12jll9t11!19sChIJRVxey_ERuEcRtALVjSwufK8?authuser=0&hl=nl&rclk=1,Telefoon: 085 071 2669
Verhuisbedrijf Enschede,contact@verhuisbedrijfenschede.com,https://verhuisbedrijfenschede.com/,https://www.google.com/maps/place/Verhuisbedrijf+Enschede/data=!4m7!3m6!1s0x47b81387bc284795:0x14fb8ccc004301c3!8m2!3d52.2395102!4d6.8409756!16s%2Fg%2F11wp8k7rsk!19sChIJlUcovIcTuEcRwwFDAMyM-xQ?authuser=0&hl=nl&rclk=1,Telefoon: 053 369 0196
Randstad Uitzendbureau Enschede,,https://www.randstad.nl/?utm_medium=organic&utm_source=GMB&utm_campaign=GMB_Enschede,https://www.google.com/maps/place/Randstad+Uitzendbureau+Enschede/data=!4m7!3m6!1s0x47b81475a46c02f3:0x1694c89e9a06aa73!8m2!3d52.2213478!4d6.8892743!16s%2Fg%2F1tkrkwjy!19sChIJ8wJspHUUuEcRc6oGmp7IlBY?authuser=0&hl=nl&rclk=1,Telefoon: 053 483 8585
Unique,info@unique.nl,https://unique.nl/vestiging/unique-uitzendbureau-enschede-%28o2941029%29?utm_source=google&utm_medium=organic&utm_campaign=gmb-vestiging,https://www.google.com/maps/place/Unique/data=!4m7!3m6!1s0x47b814741709ae7d:0x9cf45fe7e9085a9c!8m2!3d52.222695!4d6.8931025!16s%2Fg%2F12m9bjngw!19sChIJfa4JF3QUuEcRnFoI6edf9Jw?authuser=0&hl=nl&rclk=1,Telefoon: 053 434 4300
HEMA,,https://winkels.hema.nl/nl/enschede/hema-enschede?y_source=1_MTU0NTcyNDYtNzE1LWxvY2F0aW9uLndlYnNpdGU%3D,https://www.google.com/maps/place/HEMA/data=!4m7!3m6!1s0x47b814721625ed71:0xd61162a066ed5de1!8m2!3d52.2169947!4d6.8981008!16s%2Fg%2F1tmqkw2l!19sChIJce0lFnIUuEcR4V3tZqBiEdY?authuser=0&hl=nl&rclk=1,Telefoon: 053 432 2765
Bond3D | High Performance 3D printing with PEEK Polymers,info@bond3d.com,https://www.bond3d.com/,https://www.google.com/maps/place/Bond3D+%7C+High+Performance+3D+printing+with+PEEK+Polymers/data=!4m7!3m6!1s0x47b813d1ff76f3c3:0xae10db2dc1649d53!8m2!3d52.2381244!4d6.8457871!16s%2Fg%2F11c1psxsl_!19sChIJw_N2_9ETuEcRU51kwS3bEK4?authuser=0&hl=nl&rclk=1,Telefoon: 088 266 3100
ten Donkelaar Administraties & Advies Enschede,info@banvo.nl,http://www.tendonkelaar.nl/,https://www.google.com/maps/place/ten+Donkelaar+Administraties+%26+Advies+Enschede/data=!4m7!3m6!1s0x47b813c6b1b938a3:0x5b4a6eb98e8f60e!8m2!3d52.235312!4d6.8458806!16s%2Fg%2F1vyk1l3v!19sChIJozi5scYTuEcRDvbomOumtAU?authuser=0&hl=nl&rclk=1,Telefoon: 053 430 1356
MediaMarkt Enschede,CCBenelux@mms-marketplace.com,https://www.mediamarkt.nl/nl/store/mediamarkt-enschede-863?utm_source=google%20places&utm_medium=seo-places%20link,https://www.google.com/maps/place/MediaMarkt+Enschede/data=!4m7!3m6!1s0x47b81471e4d0d229:0x4c2071f52b21bb3d!8m2!3d52.2178568!4d6.899537!16s%2Fg%2F1tg6tsm4!19sChIJKdLQ5HEUuEcRPbshK_VxIEw?authuser=0&hl=nl&rclk=1,Telefoon: 010 793 3100
Werk en Vakmanschap Enschede,enschede@werkenvakmanschap.nl,https://www.werkenvakmanschap.nl/over-ons/vestiging/enschede/,https://www.google.com/maps/place/Werk+en+Vakmanschap+Enschede/data=!4m7!3m6!1s0x47b813cfe7f984b9:0x89775afac22b8997!8m2!3d52.2363019!4d6.8470911!16s%2Fg%2F1tfp1jqm!19sChIJuYT5588TuEcRl4krwvpad4k?authuser=0&hl=nl&rclk=1,Telefoon: 053 460 8600
MSG Enschede,info@msg.eu,https://www.msg.eu/?utm_source=google-mijn-bedrijf&utm_medium=organic&utm_campaign=gmb,https://www.google.com/maps/place/MSG+Enschede/data=!4m7!3m6!1s0x47b8148770428c27:0xd8d9bd85a82cc166!8m2!3d52.2168958!4d6.8716192!16s%2Fg%2F12llldj70!19sChIJJ4xCcIcUuEcRZsEsqIW92dg?authuser=0&hl=nl&rclk=1,Telefoon: 088 434 1212
Interstellar Enschede,info@interstellar.nl,http://www.interstellar.nl/?utm_source=gmb&utm_medium=organic,https://www.google.com/maps/place/Interstellar+Enschede/data=!4m7!3m6!1s0x47b8138fe9056681:0x987903f48ef3d16b!8m2!3d52.2352829!4d6.8555063!16s%2Fg%2F11h5ljxrlr!19sChIJgWYF6Y8TuEcRa9HzjvQDeZg?authuser=0&hl=nl&rclk=1,Telefoon: 088 399 2200
"JYSK Enschede, Schuttersveld",b2b-nl@JYSK.com,https://jysk.nl/winkels/enschede/schuttersveld?utm_source=google_maps&utm_medium=organic&utm_campaign=retail_store_L607,"https://www.google.com/maps/place/JYSK+Enschede,+Schuttersveld/data=!4m7!3m6!1s0x47b817238bbfa52b:0x2556fa3e54eae1cb!8m2!3d52.2245299!4d6.8794079!16s%2Fg%2F1ptyrvf57!19sChIJK6W_iyMXuEcRy-HqVD76ViU?authuser=0&hl=nl&rclk=1",Telefoon: 053 436 6190
Buro en Zo Kantoormeubelen,verkoop@buroenzo.nl,http://www.buroenzo.nl/,https://www.google.com/maps/place/Buro+en+Zo+Kantoormeubelen/data=!4m7!3m6!1s0x47b81391b8fac223:0xd5b381b59df30a97!8m2!3d52.2188403!4d6.8715302!16s%2Fg%2F1td4cmr4!19sChIJI8L6uJETuEcRlwrznbWBs9U?authuser=0&hl=nl&rclk=1,Telefoon: 053 434 7139
Ds-huisontruimingservice,info@ds-huisontruimingservice.nl,http://www.ds-huisontruimingservice.nl/,https://www.google.com/maps/place/Ds-huisontruimingservice/data=!4m7!3m6!1s0x47b813e6b029138d:0xf22b8fc83cc52a84!8m2!3d52.2259421!4d6.847607!16s%2Fg%2F11jndwn79g!19sChIJjRMpsOYTuEcRhCrFPMiPK_I?authuser=0&hl=nl&rclk=1,Telefoon: 06 28903556
KPMG,,https://home.kpmg.com/nl/nl/home/over-ons/offices/enschede.html,https://www.google.com/maps/place/KPMG/data=!4m7!3m6!1s0x47b815f02a176e1d:0x9a0069d553f3e76d!8m2!3d52.2096729!4d6.8899858!16s%2Fg%2F11f5q9602c!19sChIJHW4XKvAVuEcRbefzU9VpAJo?authuser=0&hl=nl&rclk=1,Telefoon: 053 483 2525
Twepa,info@twepa.nl,https://www.twepa.nl/?utm_source=Google+Business&utm_medium=Website+button&utm_campaign=Google+business+website+button,https://www.google.com/maps/place/Twepa/data=!4m7!3m6!1s0x47b813912d2d0349:0x97971a304b72f0ad!8m2!3d52.218672!4d6.8656722!16s%2Fg%2F1xg5rrjy!19sChIJSQMtLZETuEcRrfBySzAal5c?authuser=0&hl=nl&rclk=1,Telefoon: 053 435 5555
Equinix Data Center (Enschede),%20press@equinix.com,https://www.equinix.com/data-centers/europe-colocation/netherlands-colocation/enschede-data-centers/en1,https://www.google.com/maps/place/Equinix+Data+Center+%28Enschede%29/data=!4m7!3m6!1s0x47b813cfe234deb5:0x85ef3f2623611c34!8m2!3d52.2369794!4d6.84964!16s%2Fg%2F1td1_bbb!19sChIJtd404s8TuEcRNBxhIyY_74U?authuser=0&hl=nl&rclk=1,Telefoon: 053 434 0570
Unamic/HCN. a Xerox company,,,https://www.google.com/maps/place/Unamic%2FHCN.+a+Xerox+company/data=!4m7!3m6!1s0x47b81475623b4ac3:0xc0b7b5c24d127d5c!8m2!3d52.2227585!4d6.887955!16s%2Fg%2F11cn3vn_zk!19sChIJw0o7YnUUuEcRXH0STcK1t8A?authuser=0&hl=nl&rclk=1,Telefoon: 013 464 9999
FlixBus Station - ENSCHEDE,,https://www.flixbus.nl/bus/enschede#stops-location,https://www.google.com/maps/place/FlixBus+Station+-+ENSCHEDE/data=!4m7!3m6!1s0x47b8150048cd7fc1:0xab9a931804f1b5e1!8m2!3d52.2220447!4d6.8902292!16s%2Fg%2F11vxwg7sn1!19sChIJwX_NSAAVuEcR4bXxBBiTmqs?authuser=0&hl=nl&rclk=1,
RWZI Enschede,info@vechtstromen.nl,http://www.vechtstromen.nl/,https://www.google.com/maps/place/RWZI+Enschede/data=!4m7!3m6!1s0x47b813cbff2b6699:0x261aa4cce80a6882!8m2!3d52.2340946!4d6.8435754!16s%2Fg%2F11cn3vj76p!19sChIJmWYr_8sTuEcRgmgK6MykGiY?authuser=0&hl=nl&rclk=1,Telefoon: 088 220 3333
L51 LentfertHouse,info@L51.nl,http://www.lentferthouse.nl/,https://www.google.com/maps/place/L51+LentfertHouse/data=!4m7!3m6!1s0x47b813b401fee185:0x4f6afbaf52725827!8m2!3d52.2222858!4d6.8396286!16s%2Fg%2F12hkwj592!19sChIJheH-AbQTuEcRJ1hyUq_7ak8?authuser=0&hl=nl&rclk=1,Telefoon: 053 760 0600
Korn Ferry,,https://www.kornferry.com/about-us/global-offices/enschede,https://www.google.com/maps/place/Korn+Ferry/data=!4m7!3m6!1s0x47b81475b1e108d1:0x1270e71e872c1cc3!8m2!3d52.221045!4d6.8903304!16s%2Fg%2F1ttdm1q4!19sChIJ0QjhsXUUuEcRwxwshx7ncBI?authuser=0&hl=nl&rclk=1,Telefoon: 053 480 2420
Ricoh Document Center Enschede,,https://www.dcenschede.nl/,https://www.google.com/maps/place/Ricoh+Document+Center+Enschede/data=!4m7!3m6!1s0x47c65143c77b29df:0xd1d784c4793e6909!8m2!3d52.220861!4d6.8894537!16s%2Fg%2F1xgrm04b!19sChIJ3yl7x0NRxkcRCWk-ecSE19E?authuser=0&hl=nl&rclk=1,Telefoon: 053 482 5757
Estadio Hoedemakerplein,info@estadio.nl,https://www.estadio.nl/,https://www.google.com/maps/place/Estadio+Hoedemakerplein/data=!4m7!3m6!1s0x47b815d7d916083d:0x154cfaec630c1f50!8m2!3d52.22105!4d6.8916007!16s%2Fg%2F11m6m5p9b0!19sChIJPQgW2dcVuEcRUB8MY-z6TBU?authuser=0&hl=nl&rclk=1,Telefoon: 085 760 2802
Concentrix Nederland B.V.,,https://concentrix.com/,https://www.google.com/maps/place/Concentrix+Nederland+B.V./data=!4m7!3m6!1s0x47b814745db7ea01:0xd98483fd9a93e613!8m2!3d52.2211201!4d6.8923786!16s%2Fg%2F1td5qbq2!19sChIJAeq3XXQUuEcRE-aTmv2DhNk?authuser=0&hl=nl&rclk=1,Telefoon: 088 932 4000
Port of Twente | Enschede,info@portoftwente.com,https://www.portoftwente.com/havenbedrijf,https://www.google.com/maps/place/Port+of+Twente+%7C+Enschede/data=!4m7!3m6!1s0x47b813f815c29cdf:0x2f85c0731cbc81e5!8m2!3d52.2282514!4d6.8452515!16s%2Fg%2F11sh49gbtc!19sChIJ35zCFfgTuEcR5YG8HHPAhS8?authuser=0&hl=nl&rclk=1,Telefoon: 0546 851 888
HoSt Group | Bioenergy Systems,info@host-bioenergy.com,https://www.host-bioenergy.com/,https://www.google.com/maps/place/HoSt+Group+%7C+Bioenergy+Systems/data=!4m7!3m6!1s0x47b813ce6119d643:0xac304c5db3c45e84!8m2!3d52.2352168!4d6.8439025!16s%2Fg%2F1tdnvztk!19sChIJQ9YZYc4TuEcRhF7Es11MMKw?authuser=0&hl=nl&rclk=1,Telefoon: 088 460 9080
Decathlon,,https://www.decathlon.nl/vc/sportwinkel-enschede?utm_source=gmb&utm_medium=local&utm_campaign=enschede,https://www.google.com/maps/place/Decathlon/data=!4m7!3m6!1s0x47b8147156e398af:0x5db5428d56dc3a80!8m2!3d52.2185928!4d6.8938614!16s%2Fg%2F11fk4kh_gl!19sChIJr5jjVnEUuEcRgDrcVo1CtV0?authuser=0&hl=nl&rclk=1,Telefoon: 085 000 3637
Q-Park Enschede,,https://www.q-park.nl/nl-nl/parkeren/enschede/enschede/?utm_campaign=localmaps&utm_medium=organic&utm_source=google,https://www.google.com/maps/place/Q-Park+Enschede/data=!4m7!3m6!1s0x47b8147154db736b:0xad057a3f66d96200!8m2!3d52.218835!4d6.89317!16s%2Fg%2F1hd_kx53z!19sChIJa3PbVHEUuEcRAGLZZj96Ba0?authuser=0&hl=nl&rclk=1,Telefoon: 088 329 5100
The Compound Company,,http://www.thecompoundcompany.com/,https://www.google.com/maps/place/The+Compound+Company/data=!4m7!3m6!1s0x47b813927e95bc97:0xcf6ca985a70d7f3a!8m2!3d52.2217103!4d6.873948!16s%2Fg%2F1tfycndj!19sChIJl7yVfpITuEcROn8Np4WpbM8?authuser=0&hl=nl&rclk=1,Telefoon: 053 482 4888
Pc Service Enschede,Info@PcServiceEnschede.nl,http://pcserviceenschede.nl/,https://www.google.com/maps/place/Pc+Service+Enschede/data=!4m7!3m6!1s0x47b813ea5b0df6f7:0xe0c77f3568adefe2!8m2!3d52.2290632!4d6.8642655!16s%2Fg%2F1tgj_qbl!19sChIJ9_YNW-oTuEcR4u-taDV_x-A?authuser=0&hl=nl&rclk=1,Telefoon: 053 744 0221
BlockX - Build Digital Companies,,,https://www.google.com/maps/place/BlockX+-+Build+Digital+Companies/data=!4m7!3m6!1s0x47b80e2df12ad205:0xfc3463c77bb8b3f3!8m2!3d52.2352829!4d6.8555063!16s%2Fg%2F11cjpx4yqb!19sChIJBdIq8S0OuEcR87O4e8djNPw?authuser=0&hl=nl&rclk=1,Telefoon: 085 303 2964
Jalco B.V.,info@jalco.nl,http://www.jalco.nl/,https://www.google.com/maps/place/Jalco+B.V./data=!4m7!3m6!1s0x47b8144598962813:0xf5fbf0f7155315c7!8m2!3d52.2185349!4d6.8367788!16s%2Fg%2F1tgp9bsv!19sChIJEyiWmEUUuEcRxxVTFffw-_U?authuser=0&hl=nl&rclk=1,Telefoon: 085 009 1124
Brugman Letselschade Advocaten Enschede,contact@advocatenkantoorbrugman.nl,https://www.brugmanletselschadeadvocaten.nl/letselschade-advocaat/locaties/enschede,https://www.google.com/maps/place/Brugman+Letselschade+Advocaten+Enschede/data=!4m7!3m6!1s0x47b813a5e983d34b:0x2c6f19d8b4f89ade!8m2!3d52.2395102!4d6.8409756!16s%2Fg%2F11ry8k9drb!19sChIJS9OD6aUTuEcR3pr4tNgZbyw?authuser=0&hl=nl&rclk=1,Telefoon: 0800 2784626
Direct Result Enschede,,http://direct-result.nl/,https://www.google.com/maps/place/Direct+Result+Enschede/data=!4m7!3m6!1s0x47b81525ddfae331:0x949ecccca6c3018d!8m2!3d52.2204162!4d6.8927182!16s%2Fg%2F11st91mmd7!19sChIJMeP63SUVuEcRjQHDpszMnpQ?authuser=0&hl=nl&rclk=1,
Carré,,,https://www.google.com/maps/place/Carr%C3%A9/data=!4m7!3m6!1s0x47b813dc9e400001:0x64e38d828c4ae02!8m2!3d52.2384511!4d6.8564875!16s%2Fg%2F11df804kzv!19sChIJAQBAntwTuEcRAq7EKNg4TgY?authuser=0&hl=nl&rclk=1,Telefoon: 053 489 2299
Dille & Kamille - Enschede,klantenservice@dille-kamille.com,https://www.dille-kamille.nl/winkels/enschede/?utm_source=googlemybusiness&utm_medium=organic&utm_campaign=enschede,https://www.google.com/maps/place/Dille+%26+Kamille+-+Enschede/data=!4m7!3m6!1s0x47b81473c1e31e45:0x697825870355ee28!8m2!3d52.2198572!4d6.8957213!16s%2Fg%2F1ptw1k5ry!19sChIJRR7jwXMUuEcRKO5VA4cleGk?authuser=0&hl=nl&rclk=1,Telefoon: 053 434 3344
The Barber Company,mapdetailscom@gmail.com,https://nlcompanies.org/details/the-barber-company-ChIJjez,https://www.google.com/maps/place/The+Barber+Company/data=!4m7!3m6!1s0x47b815352ae0ec8d:0xdd768b207f4c4bec!8m2!3d52.2236641!4d6.8916742!16s%2Fg%2F11vb5gmqrf!19sChIJjezgKjUVuEcR7EtMfyCLdt0?authuser=0&hl=nl&rclk=1,Telefoon: 06 81792272
Cushman & Wakefield,,https://www.cushmanwakefield.com/nl-nl/netherlands/offices/enschede?utm_source=google&utm_medium=organic&utm_campaign=gmb_uberall_NET008,https://www.google.com/maps/place/Cushman+%26+Wakefield/data=!4m7!3m6!1s0x47b81475f3300a6d:0x8c195253fd25769f!8m2!3d52.205664!4d6.889164!16s%2Fg%2F11b6d4d3dw!19sChIJbQow83UUuEcRn3Yl_VNSGYw?authuser=0&hl=nl&rclk=1,Telefoon: 053 430 0900
Publicvoyage,,,https://www.google.com/maps/place/Publicvoyage/data=!4m7!3m6!1s0x47b81368101b0f51:0x46d7896902de87a!8m2!3d52.2225344!4d6.8902643!16s%2Fg%2F11fl3__fsx!19sChIJUQ8bEGgTuEcReugtkJZ4bQQ?authuser=0&hl=nl&rclk=1,
Emba Enschede B.V.,,,https://www.google.com/maps/place/Emba+Enschede+B.V./data=!4m7!3m6!1s0x47b813ba00c370d7:0xa44535bf541f985!8m2!3d52.2216802!4d6.8469283!16s%2Fg%2F1wl4ppbb!19sChIJ13DDALoTuEcRhflB9VtTRAo?authuser=0&hl=nl&rclk=1,Telefoon: 06 11532500
CAPE,info@cape.nl,https://www.cape.nl/,https://www.google.com/maps/place/CAPE/data=!4m7!3m6!1s0x47b813ccad2d99a7:0xc77a3775234c95ea!8m2!3d52.2335987!4d6.8354687!16s%2Fg%2F1td6fkh4!19sChIJp5ktrcwTuEcR6pVMI3U3esc?authuser=0&hl=nl&rclk=1,
Westbound Business Travel,business@westboundtravel.nl,https://westboundbusinesstravel.nl/,https://www.google.com/maps/place/Westbound+Business+Travel/data=!4m7!3m6!1s0x47b8131225fd0797:0xe0ab42bdc2cd0e09!8m2!3d52.2371701!4d6.8559096!16s%2Fg%2F11gm8svvc2!19sChIJlwf9JRITuEcRCQ7Nwr1Cq-A?authuser=0&hl=nl&rclk=1,Telefoon: 053 700 9747
Ingenieursbureau Matrix B.V.,,https://www.matrix-ib.nl/,https://www.google.com/maps/place/Ingenieursbureau+Matrix+B.V./data=!4m7!3m6!1s0x47b813ce6cc36ab7:0x8d26c3d4bef41303!8m2!3d52.2362235!4d6.8442362!16s%2Fg%2F1tc_q2cn!19sChIJt2rDbM4TuEcRAxP0vtTDJo0?authuser=0&hl=nl&rclk=1,Telefoon: 053 433 4335
Briegel,,http://briegel.nl/,https://www.google.com/maps/place/Briegel/data=!4m7!3m6!1s0x47b813c4dd661a95:0x9deb2bc2614563b6!8m2!3d52.235562!4d6.8548293!16s%2Fg%2F11fxxlc0lb!19sChIJlRpm3cQTuEcRtmNFYcIr650?authuser=0&hl=nl&rclk=1,Telefoon: 053 820 0792
Wappler,,https://wappler.io/,https://www.google.com/maps/place/Wappler/data=!4m7!3m6!1s0x47b8138b78a86773:0x3666e13c4e870af1!8m2!3d52.2360466!4d6.8447283!16s%2Fg%2F11g_z23d1_!19sChIJc2eoeIsTuEcR8QqHTjzhZjY?authuser=0&hl=nl&rclk=1,Telefoon: 053 483 6314
Equipe Zorgbedrijven Enschede B.V.,marketing@equipezorgbedrijven.nl,http://www.velthuiskliniek.nl/,https://www.google.com/maps/place/Equipe+Zorgbedrijven+Enschede+B.V./data=!4m7!3m6!1s0x47b813d23e4be2e3:0x3a69c344a1762870!8m2!3d52.2392296!4d6.8424751!16s%2Fg%2F1tgwls0t!19sChIJ4-JLPtITuEcRcCh2oUTDaTo?authuser=0&hl=nl&rclk=1,Telefoon: 053 482 5790
SST Software | Maatwerk software (her)ontwikkeling,info@sst.nl,https://www.sst-software.nl/?utm_source=google&utm_medium=google+mijn+bedrijf,https://www.google.com/maps/place/SST+Software+%7C+Maatwerk+software+%28her%29ontwikkeling/data=!4m7!3m6!1s0x47b813c538556235:0xb90c660afd7fa63f!8m2!3d52.2359355!4d6.8531746!16s%2Fg%2F1tx4nfgb!19sChIJNWJVOMUTuEcRP6Z__QpmDLk?authuser=0&hl=nl&rclk=1,Telefoon: 053 744 0066
Humankind - Regiokantoor Enschede,info@humankind.nl,http://www.humankind.nl/,https://www.google.com/maps/place/Humankind+-+Regiokantoor+Enschede/data=!4m7!3m6!1s0x47b8131c14fcfb9f:0xbd9b2a115ed9ff8!8m2!3d52.2314339!4d6.8923538!16s%2Fg%2F11v0nwp62f!19sChIJn_v8FBwTuEcR-J_tFaGy2Qs?authuser=0&hl=nl&rclk=1,Telefoon: 053 480 0020
Dekimo Experts Enschede,info@dekimo.com,https://www.dekimo.com/solutions/consultancy/,https://www.google.com/maps/place/Dekimo+Experts+Enschede/data=!4m7!3m6!1s0x47b81310e0abe005:0x5326fb5cadcd64a0!8m2!3d52.2369043!4d6.8555734!16s%2Fg%2F11l4v_l4mb!19sChIJBeCr4BATuEcRoGTNrVz7JlM?authuser=0&hl=nl&rclk=1,Telefoon: 06 28498024
Sigmax,info@sigmax.nl,http://www.sigmax.nl/,https://www.google.com/maps/place/Sigmax/data=!4m7!3m6!1s0x47b8122d32f47ebf:0x85cc164822129e45!8m2!3d52.2379647!4d6.8410694!16s%2Fg%2F1v_vr_8t!19sChIJv370Mi0SuEcRRZ4SIkgWzIU?authuser=0&hl=nl&rclk=1,Telefoon: 053 480 3100
Inc. Group Bv,,,https://www.google.com/maps/place/Inc.+Group+Bv/data=!4m7!3m6!1s0x47b814741a8bdea3:0x7548d5f6fd27992e!8m2!3d52.2194519!4d6.8927906!16s%2Fg%2F11hzrspy_1!19sChIJo96LGnQUuEcRLpkn_fbVSHU?authuser=0&hl=nl&rclk=1,
WePublish B.V.,,https://www.wepublish.com/,https://www.google.com/maps/place/WePublish+B.V./data=!4m7!3m6!1s0x47b817985d581537:0x8f4b9984fd4fe1e0!8m2!3d52.2395102!4d6.8409756!16s%2Fg%2F11h3g9hwzg!19sChIJNxVYXZgXuEcR4OFP_YSZS48?authuser=0&hl=nl&rclk=1,Telefoon: 0541 571 680
Chair of Physics of Fluids - Max Planck Center for Complex Fluid Dynamics,poftnw@utwente.nl,http://pof.tnw.utwente.nl/,https://www.google.com/maps/place/Chair+of+Physics+of+Fluids+-+Max+Planck+Center+for+Complex+Fluid+Dynamics/data=!4m7!3m6!1s0x47b81338dde6332f:0x48bd90b40eac7aef!8m2!3d52.2368519!4d6.8597121!16s%2Fg%2F11j93_ml8s!19sChIJLzPm3TgTuEcR73qsDrSQvUg?authuser=0&hl=nl&rclk=1,
Study Association Communiqué,declarations@communique.utwente.nl,http://sacommunique.nl/,https://www.google.com/maps/place/Study+Association+Communiqu%C3%A9/data=!4m7!3m6!1s0x47b8131e33131b29:0x76328bc94c934bae!8m2!3d52.2380609!4d6.8539701!16s%2Fg%2F11j0s02vb9!19sChIJKRsTMx4TuEcRrkuTTMmLMnY?authuser=0&hl=nl&rclk=1,Telefoon: 053 489 4461
Unex B.V.,info@unex.nl,https://www.unex.nl/,https://www.google.com/maps/place/Unex+B.V./data=!4m7!3m6!1s0x47b813c0a926bd15:0xe2ecf9415e51321b!8m2!3d52.2266692!4d6.8550339!16s%2Fg%2F1tfmb9lz!19sChIJFb0mqcATuEcRGzJRXkH57OI?authuser=0&hl=nl&rclk=1,Telefoon: 053 430 0803
Linde,info@utwente.nl,http://www.utwente.nl/,https://www.google.com/maps/place/Linde/data=!4m7!3m6!1s0x47b813f5c8d672b7:0xf071eb8017af60a5!8m2!3d52.244051!4d6.8491992!16s%2Fg%2F11lcb_vq3r!19sChIJt3LWyPUTuEcRpWCvF4DrcfA?authuser=0&hl=nl&rclk=1,
Novel-T,contact@novelt.com,http://novelt.com/,https://www.google.com/maps/place/Novel-T/data=!4m7!3m6!1s0x47b813db4c887ee1:0xc191f7bdf568d6de!8m2!3d52.2374071!4d6.8548362!16s%2Fg%2F11dyl_qg9g!19sChIJ4X6ITNsTuEcR3tZo9b33kcE?authuser=0&hl=nl&rclk=1,Telefoon: 053 483 6800
GEODIS CL Netherlands B.V.,,https://geodis.com/?utm_campaign=Google%20My%20Business--LG--lpCON--ALL--ALL--CORP--NA--NA--NA--NA--NA--2021-09&utm_source=google&utm_medium=gmb&utm_content=Enschede,https://www.google.com/maps/place/GEODIS+CL+Netherlands+B.V./data=!4m7!3m6!1s0x47b812331252f25d:0x54e24ee5c8e3a0ef!8m2!3d52.234633!4d6.834726!16s%2Fg%2F1tdc8wrh!19sChIJXfJSEjMSuEcR76DjyOVO4lQ?authuser=0&hl=nl&rclk=1,Telefoon: 053 485 5555
Fortes,info@fortes.nl,https://fortesglobal.com/,https://www.google.com/maps/place/Fortes/data=!4m7!3m6!1s0x47b813ce6bcd312f:0x140efa2dc222e30!8m2!3d52.2375827!4d6.8425226!16s%2Fg%2F1tyt4f71!19sChIJLzHNa84TuEcRMC4i3KLvQAE?authuser=0&hl=nl&rclk=1,Telefoon: 033 457 0027
Binc - Enschede,info@binc.nl,https://binc.nl/?utm_source=google-mijn-bedrijf&utm_medium=organic&utm_campaign=gmb,https://www.google.com/maps/place/Binc+-+Enschede/data=!4m7!3m6!1s0x47b813ce4940dcc3:0x36cee21d27b354c7!8m2!3d52.2356925!4d6.854453!16s%2Fg%2F1th22wm8!19sChIJw9xASc4TuEcRx1SzJx3izjY?authuser=0&hl=nl&rclk=1,Telefoon: 053 433 5577
DaVinci De methode,info@davinciacademie.nl,http://demethodedavinci.nl/,https://www.google.com/maps/place/DaVinci+De+methode/data=!4m7!3m6!1s0x47b813db4c887edd:0x620a271c1ead568a!8m2!3d52.2371701!4d6.8559098!16s%2Fg%2F11c7sq9vy_!19sChIJ3X6ITNsTuEcRilatHhwnCmI?authuser=0&hl=nl&rclk=1,Telefoon: 053 483 6833
ZB Group - onderdeel van ZB Service,info@zb-group.com,http://www.zb-group.com/,https://www.google.com/maps/place/ZB+Group+-+onderdeel+van+ZB+Service/data=!4m7!3m6!1s0x47b813bf728b35c3:0x27afa0ef46d56277!8m2!3d52.2309723!4d6.8450919!16s%2Fg%2F1jglzsxk2!19sChIJwzWLcr8TuEcRd2LVRu-gryc?authuser=0&hl=nl&rclk=1,Telefoon: 053 432 5270
Indulux Smart Lighting Solutions,info@indulux.nl,http://www.indulux.nl/,https://www.google.com/maps/place/Indulux+Smart+Lighting+Solutions/data=!4m7!3m6!1s0x47b81253007d1af5:0xe6a3a9f098fc692c!8m2!3d52.2300207!4d6.8494284!16s%2Fg%2F1232kcsg5!19sChIJ9Rp9AFMSuEcRLGn8mPCpo-Y?authuser=0&hl=nl&rclk=1,Telefoon: 053 428 0065
Kennispark Ondernemers,info@kennisparkondernemers.nl,https://www.kennisparkondernemers.nl/,https://www.google.com/maps/place/Kennispark+Ondernemers/data=!4m7!3m6!1s0x47b814755fc90609:0xf45f8e9c28bb50f7!8m2!3d52.2387727!4d6.8401614!16s%2Fg%2F11hyzwspwx!19sChIJCQbJX3UUuEcR91C7KJyOX_Q?authuser=0&hl=nl&rclk=1,
"BDO Enschede, Accountants & Adviseurs",enschede@bdo.nl,https://www.bdo.nl/nl-nl/locaties/enschede,"https://www.google.com/maps/place/BDO+Enschede,+Accountants+%26+Adviseurs/data=!4m7!3m6!1s0x47b813fd56d6f07b:0x7486f77e289fded8!8m2!3d52.225411!4d6.889902!16s%2Fg%2F11kb27nkwj!19sChIJe_DWVv0TuEcR2N6fKH73hnQ?authuser=0&hl=nl&rclk=1",Telefoon: 053 303 6666
INC strategisch ontwerpbureau,bob@inc.nl,https://www.inc.nl/,https://www.google.com/maps/place/INC+strategisch+ontwerpbureau/data=!4m7!3m6!1s0x47b81745587098e3:0xd31d7b9f3cdd3419!8m2!3d52.2194226!4d6.8927765!16s%2Fg%2F1vs5vsy0!19sChIJ45hwWEUXuEcRGTTdPJ97HdM?authuser=0&hl=nl&rclk=1,Telefoon: 053 303 3079
Vesuvius,info.france@foseco.com,https://www.vesuvius.com/en/about-us/businesses.html,https://www.google.com/maps/place/Vesuvius/data=!4m7!3m6!1s0x47b8122d3319fcb1:0xf1ecdc19133e5774!8m2!3d52.2397326!4d6.8374304!16s%2Fg%2F11g6hvg9qn!19sChIJsfwZMy0SuEcRdFc-Exnc7PE?authuser=0&hl=nl&rclk=1,Telefoon: 053 751 5000
Dutch Environment Corporation B.v.,,,https://www.google.com/maps/place/Dutch+Environment+Corporation+B.v./data=!4m7!3m6!1s0x47b813ca4e482d5f:0x749bdd708679bb4a!8m2!3d52.2295162!4d6.8390823!16s%2Fg%2F11p56nn_0h!19sChIJXy1ITsoTuEcRSrt5hnDdm3Q?authuser=0&hl=nl&rclk=1,
Enschede Textielstad,info@enschedetextielstad.nl,http://www.enschedetextielstad.nl/,https://www.google.com/maps/place/Enschede+Textielstad/data=!4m7!3m6!1s0x47b8146b85c0450b:0x480b5c38067d5d3c!8m2!3d52.2285022!4d6.8516972!16s%2Fg%2F11hzrsjptf!19sChIJC0XAhWsUuEcRPF19BjhcC0g?authuser=0&hl=nl&rclk=1,Telefoon: 053 200 5540
ZuluConnect,micha.vanravenswaay@derolfgroep.nl,https://www.derolfgroep.nl/ons-aanbod/ict-diensten/zuluconnect-digitale-leeromgeving/,https://www.google.com/maps/place/ZuluConnect/data=!4m7!3m6!1s0x47b7e51b2efdde53:0x857bacedc4a2c1ac!8m2!3d52.2364196!4d6.8496202!16s%2Fg%2F11h0c0cy2t!19sChIJU979Lhvlt0cRrMGixO2se4U?authuser=0&hl=nl&rclk=1,Telefoon: 088 410 1020
OGD Enschede,,https://www.ogd.nl/,https://www.google.com/maps/place/OGD+Enschede/data=!4m7!3m6!1s0x47b815def183f50f:0xa3f32f172511966d!8m2!3d52.219834!4d6.891984!16s%2Fg%2F11vx4ldsdy!19sChIJD_WD8d4VuEcRbZYRJRcv86M?authuser=0&hl=nl&rclk=1,
Newcom Research & Consultancy B.V.,service@newcom.nl,http://www.newcom.nl/,https://www.google.com/maps/place/Newcom+Research+%26+Consultancy+B.V./data=!4m7!3m6!1s0x47b813ce6a3f0a9f:0x474aa9b866653ad5!8m2!3d52.2284008!4d6.8746016!16s%2Fg%2F1trvkhx5!19sChIJnwo_as4TuEcR1TplZripSkc?authuser=0&hl=nl&rclk=1,Telefoon: 088 770 4600
Moore MKW Enschede | Accountants en Adviseurs,enschede@moore-mkw.nl,https://moore-mkw.nl/vestiging/enschede,https://www.google.com/maps/place/Moore+MKW+Enschede+%7C+Accountants+en+Adviseurs/data=!4m7!3m6!1s0x47b813d2e069672b:0x179bed9624d01590!8m2!3d52.2400456!4d6.8416839!16s%2Fg%2F1tcz7dgm!19sChIJK2dp4NITuEcRkBXQJJbtmxc?authuser=0&hl=nl&rclk=1,Telefoon: 053 850 4900
DEMCON,info@demcon.com,https://demcon.com/,https://www.google.com/maps/place/DEMCON/data=!4m7!3m6!1s0x47b8172b8eabd9c5:0x82125e1380116a5!8m2!3d52.2378064!4d6.8453628!16s%2Fg%2F12cnwlv59!19sChIJxdmrjisXuEcRpRYBOOElIQg?authuser=0&hl=nl&rclk=1,Telefoon: 088 115 2000
Apollo Tyres Global R&D B.V.,apolloquickservice@apollotyres.com,https://corporate.apollotyres.com/,https://www.google.com/maps/place/Apollo+Tyres+Global+R%26D+B.V./data=!4m7!3m6!1s0x47b813d3b2bf9d75:0x71ec78275b1905a9!8m2!3d52.2406005!4d6.8419017!16s%2Fg%2F11cs11p7vs!19sChIJdZ2_stMTuEcRqQUZWyd47HE?authuser=0&hl=nl&rclk=1,Telefoon: 053 488 8550
Pentair Netherlands Global B.V.,,https://www.pentair.com/,https://www.google.com/maps/place/Pentair+Netherlands+Global+B.V./data=!4m7!3m6!1s0x47b81256fbd95f79:0xd78eba880aaed454!8m2!3d52.21009!4d6.8201886!16s%2Fg%2F1tht0jpq!19sChIJeV_Z-1YSuEcRVNSuCoi6jtc?authuser=0&hl=nl&rclk=1,Telefoon: 053 428 7000
Batavierenrace,nijmegen@batavierenrace.nl,http://batavierenrace.nl/,https://www.google.com/maps/place/Batavierenrace/data=!4m7!3m6!1s0x47b813d0efd02ccd:0xc2a8941c0964dba3!8m2!3d52.2432369!4d6.8520598!16s%2Fg%2F11h12v_n1b!19sChIJzSzQ79ATuEcRo9tkCRyUqMI?authuser=0&hl=nl&rclk=1,Telefoon: 053 489 3787
ME258 - Alvaro Marin,,http://alvaro-marin.com/,https://www.google.com/maps/place/ME258+-+Alvaro+Marin/data=!4m7!3m6!1s0x47b813c32d3477e3:0xd7dbb15fadf9d1b1!8m2!3d52.2367762!4d6.8597456!16s%2Fg%2F11gg9gs603!19sChIJ43c0LcMTuEcRsdH5rV-x29c?authuser=0&hl=nl&rclk=1,
KTP Group,info@ktp.nl,http://www.ktpgroup.nl/,https://www.google.com/maps/place/KTP+Group/data=!4m7!3m6!1s0x47b8147c3d4aee43:0x783b9ac057410e96!8m2!3d52.2283897!4d6.8496743!16s%2Fg%2F1tplpc_j!19sChIJQ-5KPXwUuEcRlg5BV8CaO3g?authuser=0&hl=nl&rclk=1,Telefoon: 053 711 3495
Excellent Fondsen,info@excellentfondsen.nl,http://www.excellentfondsen.nl/,https://www.google.com/maps/place/Excellent+Fondsen/data=!4m7!3m6!1s0x47b8138a293e10fb:0xc9010f89a3eb9e8d!8m2!3d52.2205357!4d6.8899129!16s%2Fg%2F11cnwft7hw!19sChIJ-xA-KYoTuEcRjZ7ro4kPAck?authuser=0&hl=nl&rclk=1,Telefoon: 085 047 1280
Qmicro B.V.,,http://www.qmicro.com/,https://www.google.com/maps/place/Qmicro+B.V./data=!4m7!3m6!1s0x47b813ce01a4fa15:0x4d423881faa27fb2!8m2!3d52.2353654!4d6.8523293!16s%2Fg%2F11d_t3x4nw!19sChIJFfqkAc4TuEcRsn-i-oE4Qk0?authuser=0&hl=nl&rclk=1,Telefoon: 088 676 0700
Solax Power Nl Company Bv,service.balkans@solaxpower.com,https://www.solaxpower.com/,https://www.google.com/maps/place/Solax+Power+Nl+Company+Bv/data=!4m7!3m6!1s0x47b813b17e4fffff:0xb866abe8a5dfa00!8m2!3d52.219512!4d6.8392221!16s%2Fg%2F11fmtmlmv1!19sChIJ__9PfrETuEcRAPpdir5qhgs?authuser=0&hl=nl&rclk=1,Telefoon: 085 273 7932
AVIA Weghorst,klantenservice@aviaweghorst.nl,http://www.aviaweghorst.nl/,https://www.google.com/maps/place/AVIA+Weghorst/data=!4m7!3m6!1s0x47b813c94bc4973f:0x185ccbaf3ab8ed09!8m2!3d52.2319944!4d6.843405!16s%2Fg%2F1tdlgc9z!19sChIJP5fES8kTuEcRCe24Oq_LXBg?authuser=0&hl=nl&rclk=1,Telefoon: 088 134 4000
Supp - samen online donaties ophalen,hallo@supp.to,https://supp.to/,https://www.google.com/maps/place/Supp+-+samen+online+donaties+ophalen/data=!4m7!3m6!1s0x47b813ce73296db9:0xacba802a4481068!8m2!3d52.236354!4d6.8438598!16s%2Fg%2F11c2nr4k96!19sChIJuW0pc84TuEcRaBBIpAKoywo?authuser=0&hl=nl&rclk=1,Telefoon: 053 740 0230
ABT B.V. Ingenieursbureau Enschede,info@abt.eu,http://www.abt.eu/,https://www.google.com/maps/place/ABT+B.V.+Ingenieursbureau+Enschede/data=!4m7!3m6!1s0x47b813b5dc7107ed:0xfea66f974af677ef!8m2!3d52.2358457!4d6.8541078!16s%2Fg%2F11rcmq0ql_!19sChIJ7Qdx3LUTuEcR73f2Spdvpv4?authuser=0&hl=nl&rclk=1,Telefoon: 026 368 3111
Incubase,contact@novelt.com,https://incubase.nl/en/,https://www.google.com/maps/place/Incubase/data=!4m7!3m6!1s0x47b813d9e2c00001:0x420ccd1fb86dd331!8m2!3d52.2431695!4d6.8521285!16s%2Fg%2F11hdrwmsb_!19sChIJAQDA4tkTuEcRMdNtuB_NDEI?authuser=0&hl=nl&rclk=1,Telefoon: 053 483 6800
Niet Normaal,info@nietnormaal.eu,http://www.nietnormaal.eu/,https://www.google.com/maps/place/Niet+Normaal/data=!4m7!3m6!1s0x47b813b318fea3b7:0x9ff7792fe607776a!8m2!3d52.2327528!4d6.8486369!16s%2Fg%2F11jm7cth5f!19sChIJt6P-GLMTuEcRancH5i95958?authuser=0&hl=nl&rclk=1,Telefoon: 06 33142413
Bulpe Fulfilment,Contact@bulpe.nl,https://bulpe.nl/,https://www.google.com/maps/place/Bulpe+Fulfilment/data=!4m7!3m6!1s0x47b813f2061f4da3:0xe985f20078dbe734!8m2!3d52.2242228!4d6.8450459!16s%2Fg%2F11sk96y8jk!19sChIJo00fBvITuEcRNOfbeADyhek?authuser=0&hl=nl&rclk=1,Telefoon: 06 12529420
Chair of Product–Market Relations,secretariat-dpm-et@utwente.nl,https://www.utwente.nl/en/et/dpm/chair/pmr/,https://www.google.com/maps/place/Chair+of+Product%E2%80%93Market+Relations/data=!4m7!3m6!1s0x47b81356d2e97e4d:0x9c3f59572f754dca!8m2!3d52.2374815!4d6.8607507!16s%2Fg%2F11vhrr1ld6!19sChIJTX7p0lYTuEcRyk11L1dZP5w?authuser=0&hl=nl&rclk=1,Telefoon: 053 489 2520
MinacNed,h.a.m.heesink@utwente.nl,https://www.minacned.nl/,https://www.google.com/maps/place/MinacNed/data=!4m7!3m6!1s0x47c645f44229311d:0xc3c9e29700cf3f98!8m2!3d52.2390945!4d6.853817!16s%2Fg%2F11fpsl9y_j!19sChIJHTEpQvRFxkcRmD_PAJfiycM?authuser=0&hl=nl&rclk=1,Telefoon: 053 489 2715
Miles Koeriers,,https://miles.delivery/?utm_source=google&utm_medium=google-mijn-bedrijf&utm_campaign=gmb,https://www.google.com/maps/place/Miles+Koeriers/data=!4m7!3m6!1s0x47b81390323f45e1:0x1544b96ef0692bbc!8m2!3d52.2349993!4d6.8537319!16s%2Fg%2F11f105b0bm!19sChIJ4UU_MpATuEcRvCtp8G65RBU?authuser=0&hl=nl&rclk=1,Telefoon: 088 434 1235
Brunel Enschede,,,https://www.google.com/maps/place/Brunel+Enschede/data=!4m7!3m6!1s0x47b813c497eac31b:0x98442f26f8914786!8m2!3d52.2369285!4d6.8544126!16s%2Fg%2F1hm2g4ckn!19sChIJG8Pql8QTuEcRhkeR-CYvRJg?authuser=0&hl=nl&rclk=1,Telefoon: 020 312 5000
UniPartners Twente,nederland@unipartners.nl,http://www.unipartners.nl/twente,https://www.google.com/maps/place/UniPartners+Twente/data=!4m7!3m6!1s0x47b813da389ae993:0x7f72988709e75d3f!8m2!3d52.2411858!4d6.8535754!16s%2Fg%2F1tkc15l4!19sChIJk-maONoTuEcRP13nCYeYcn8?authuser=0&hl=nl&rclk=1,Telefoon: 053 431 2975
Zon B.V.,info@pure-energie.nl,http://www.pure-energie.nl/,https://www.google.com/maps/place/Zon+B.V./data=!4m7!3m6!1s0x47b813c52148faa3:0x4a5488680303eb61!8m2!3d52.2365422!4d6.8510958!16s%2Fg%2F11cn3vcjyx!19sChIJo_pIIcUTuEcRYesDA2iIVEo?authuser=0&hl=nl&rclk=1,Telefoon: 053 434 1200
Keypoint Consultancy,info@keypoint.eu,http://www.keypoint.eu/,https://www.google.com/maps/place/Keypoint+Consultancy/data=!4m7!3m6!1s0x47b813d1d8066d9f:0xc1f05d0939146366!8m2!3d52.2374556!4d6.8460777!16s%2Fg%2F1tfghx6_!19sChIJn20G2NETuEcRZmMUOQld8ME?authuser=0&hl=nl&rclk=1,Telefoon: 053 482 5700
Chain-IC,info@chain-ic.com,https://www.chain-ic.com/,https://www.google.com/maps/place/Chain-IC/data=!4m7!3m6!1s0x47b813005894f0e5:0x896fd878967fe86a!8m2!3d52.2356745!4d6.8452003!16s%2Fg%2F11md2sv172!19sChIJ5fCUWAATuEcRauh_lnjYb4k?authuser=0&hl=nl&rclk=1,Telefoon: 06 20262528
Yource Enschede,service@yource.cc,https://www.yource-group.com/,https://www.google.com/maps/place/Yource+Enschede/data=!4m7!3m6!1s0x47b813cd45216107:0xce5fbb8193b13985!8m2!3d52.2391565!4d6.840621!16s%2Fg%2F11btxj81pl!19sChIJB2EhRc0TuEcRhTmxk4G7X84?authuser=0&hl=nl&rclk=1,Telefoon: 088 968 7231
Experis,PR@manpowergroup.nl,http://www.experis.nl/,https://www.google.com/maps/place/Experis/data=!4m7!3m6!1s0x47b813d2c38d7a37:0x42eba35ab64537ec!8m2!3d52.2397811!4d6.838569!16s%2Fg%2F119w8btx1!19sChIJN3qNw9ITuEcR7DdFtlqj60I?authuser=0&hl=nl&rclk=1,Telefoon: 053 880 1100
B2B de Kameleon,info@b2bdekameleon.nl,https://www.b2bdekameleon.nl/,https://www.google.com/maps/place/B2B+de+Kameleon/data=!4m7!3m6!1s0x47b8129bca98a0f1:0x394ce94919e4929c!8m2!3d52.240107!4d6.8435765!16s%2Fg%2F11c2md5jch!19sChIJ8aCYypsSuEcRnJLkGUnpTDk?authuser=0&hl=nl&rclk=1,Telefoon: 06 41117172
ADD Business Point Enschede,,,https://www.google.com/maps/place/ADD+Business+Point+Enschede/data=!4m7!3m6!1s0x47b813c4916b2cc1:0xfe518a1a762f9ee7!8m2!3d52.2255982!4d6.8835586!16s%2Fg%2F11f1vqnwg2!19sChIJwSxrkcQTuEcR554vdhqKUf4?authuser=0&hl=nl&rclk=1,Telefoon: 053 820 0936
Caps International B.V.,info@capsinternational.com,http://www.capsinternational.com/,https://www.google.com/maps/place/Caps+International+B.V./data=!4m7!3m6!1s0x47b81422d4435d9d:0x74740df1e45901a4!8m2!3d52.2117955!4d6.8197068!16s%2Fg%2F11hzxqcjvc!19sChIJnV1D1CIUuEcRpAFZ5PENdHQ?authuser=0&hl=nl&rclk=1,Telefoon: 053 434 9205
Cyient B.V.,semiconsolutions.business@cyient.com,http://www.ansem.com/,https://www.google.com/maps/place/Cyient+B.V./data=!4m7!3m6!1s0x47b8122d37690245:0x9d1db90bb95e0351!8m2!3d52.2358893!4d6.8530832!16s%2Fg%2F11c71g_v_b!19sChIJRQJpNy0SuEcRUQNeuQu5HZ0?authuser=0&hl=nl&rclk=1,Telefoon: 053 203 2500
Menzis,,,https://www.google.com/maps/place/Menzis/data=!4m7!3m6!1s0x47b8130ef36be457:0x50caec75b9771d91!8m2!3d52.2236594!4d6.8864374!16s%2Fg%2F11fd5rxsv5!19sChIJV-Rr8w4TuEcRkR13uXXsylA?authuser=0&hl=nl&rclk=1,
Leap. The Innovation Agency - Enschede,,https://www.leap.nl/?utm_source=google&utm_medium=gmb&utm_campaign=enschede,https://www.google.com/maps/place/Leap.+The+Innovation+Agency+-+Enschede/data=!4m7!3m6!1s0x47b813df5c8f3911:0x7bff3d0949d11905!8m2!3d52.2356175!4d6.8546994!16s%2Fg%2F11l7k6x801!19sChIJETmPXN8TuEcRBRnRSQk9_3s?authuser=0&hl=nl&rclk=1,Telefoon: 024 711 3349
20face,info@20face.com,http://www.20face.com/,https://www.google.com/maps/place/20face/data=!4m7!3m6!1s0x47b813c4dd661a95:0x419bdf72d66ab337!8m2!3d52.2384742!4d6.8533686!16s%2Fg%2F11ggngtyqj!19sChIJlRpm3cQTuEcRN7Nq1nLfm0E?authuser=0&hl=nl&rclk=1,Telefoon: 053 203 2003
Dustin Netherlands B.V.,klantenservice@dustin.com,https://www.dustin.nl/,https://www.google.com/maps/place/Dustin+Netherlands+B.V./data=!4m7!3m6!1s0x47b813ce190fffff:0x46d53023063aaa08!8m2!3d52.2373034!4d6.8448679!16s%2Fg%2F11fnd06vmh!19sChIJ__8PGc4TuEcRCKo6BiMw1UY?authuser=0&hl=nl&rclk=1,Telefoon: 088 828 2000
Bright Renewables,info@bright-renewables.com,https://www.bright-renewables.com/,https://www.google.com/maps/place/Bright+Renewables/data=!4m7!3m6!1s0x47b813ce6321362b:0xfac3f0ef604ea078!8m2!3d52.2351344!4d6.8439222!16s%2Fg%2F11fps4svf3!19sChIJKzYhY84TuEcReKBOYO_ww_o?authuser=0&hl=nl&rclk=1,Telefoon: 088 460 9088
Sportaal,info@sportaal.nl,http://sportaal.nl/,https://www.google.com/maps/place/Sportaal/data=!4m7!3m6!1s0x47b8147cb8145661:0xc78ba4bdb28e14f3!8m2!3d52.2242235!4d6.8869366!16s%2Fg%2F11dfh446tz!19sChIJYVYUuHwUuEcR8xSOsr2ki8c?authuser=0&hl=nl&rclk=1,Telefoon: 053 488 8900
PNO Innovation,,https://www.pnoinnovation.com/nl/,https://www.google.com/maps/place/PNO+Innovation/data=!4m7!3m6!1s0x47b80e31c5bf88dd:0xb7a977b97cd25ac1!8m2!3d52.2376821!4d6.8425856!16s%2Fg%2F1tgprpv0!19sChIJ3Yi_xTEOuEcRwVrSfLl3qbc?authuser=0&hl=nl&rclk=1,Telefoon: 088 838 1381
Trustprofile,info@trustprofile.com,http://www.trustprofile.com/,https://www.google.com/maps/place/Trustprofile/data=!4m7!3m6!1s0x69ea8de60b37516f:0x499455500dbf720a!8m2!3d52.2329445!4d6.8915223!16s%2Fg%2F11t1r0yddt!19sChIJb1E3C-aN6mkRCnK_DVBVlEk?authuser=0&hl=nl&rclk=1,
El Niño - Digital Development,info@elnino.tech,https://www.elnino.tech/,https://www.google.com/maps/place/El+Ni%C3%B1o+-+Digital+Development/data=!4m7!3m6!1s0x47b815bbbfbadd29:0x498ce88e2b97d464!8m2!3d52.2170717!4d6.8957424!16s%2Fg%2F1tcxnrm8!19sChIJKd26v7sVuEcRZNSXK47ojEk?authuser=0&hl=nl&rclk=1,Telefoon: 053 820 0285
Inertia Technology B.V.,info@inertia-technology.com,http://inertia-technology.com/,https://www.google.com/maps/place/Inertia+Technology+B.V./data=!4m7!3m6!1s0x47b813c538556235:0xe6bf574994d59f6c!8m2!3d52.2364059!4d6.8520168!16s%2Fg%2F1pzqp05wj!19sChIJNWJVOMUTuEcRbJ_VlElXv-Y?authuser=0&hl=nl&rclk=1,Telefoon: 053 711 3408
people@places Enschede Technology Base,info@people-places.nl,https://www.people-places.nl/locaties/enschede-technology-base/,https://www.google.com/maps/place/people@places+Enschede+Technology+Base/data=!4m7!3m6!1s0x47b81137740e8e41:0xa3cf4bd896b32474!8m2!3d52.2737721!4d6.8768787!16s%2Fg%2F11w21dbkh6!19sChIJQY4OdDcRuEcRdCSzlthLz6M?authuser=0&hl=nl&rclk=1,Telefoon: 088 665 4680
Anyflex,post@anyflex.nl,http://www.anyflex.nl/,https://www.google.com/maps/place/Anyflex/data=!4m7!3m6!1s0x47b8146d55f5c731:0xfdf2110a4a7c0de4!8m2!3d52.2227056!4d6.901115!16s%2Fg%2F12hkjqdx2!19sChIJMcf1VW0UuEcR5A18SgoR8v0?authuser=0&hl=nl&rclk=1,Telefoon: 053 230 5625
Chipwise.tech,info@chipwise.tech,http://www.chipwise.tech/,https://www.google.com/maps/place/Chipwise.tech/data=!4m7!3m6!1s0x47b813d9a644726d:0x911ab2f4e0a6f9cf!8m2!3d52.2447642!4d6.8553323!16s%2Fg%2F1tlqp1nx!19sChIJbXJEptkTuEcRz_mm4PSyGpE?authuser=0&hl=nl&rclk=1,Telefoon: 053 711 3618
Twente Solid State Technology B.V.,,http://www.tsst.nl/,https://www.google.com/maps/place/Twente+Solid+State+Technology+B.V./data=!4m7!3m6!1s0x47b813d1fe838697:0xe3abcad1982900e6!8m2!3d52.2377299!4d6.844441!16s%2Fg%2F11btwvs_z6!19sChIJl4aD_tETuEcR5gApmNHKq-M?authuser=0&hl=nl&rclk=1,Telefoon: 053 203 0244
Leqqr,info@leqqr.nl,http://www.leqqr.nl/,https://www.google.com/maps/place/Leqqr/data=!4m7!3m6!1s0x47b8140827e0e913:0x8cbf3f395abfc50c!8m2!3d52.2330623!4d6.8907236!16s%2Fg%2F11c1t5np7t!19sChIJE-ngJwgUuEcRDMW_Wjk_v4w?authuser=0&hl=nl&rclk=1,Telefoon: 053 744 0002
NARIS,,http://www.naris.com/,https://www.google.com/maps/place/NARIS/data=!4m7!3m6!1s0x47b813f7d16a9b4d:0x93c25cb7ef8babbc!8m2!3d52.2358143!4d6.8466904!16s%2Fg%2F11byxf2lgn!19sChIJTZtq0fcTuEcRvKuL77dcwpM?authuser=0&hl=nl&rclk=1,Telefoon: 088 430 0100
IamFluidics B.V.,,https://iamfluidics.com/technology/,https://www.google.com/maps/place/IamFluidics+B.V./data=!4m7!3m6!1s0x47b813d992e71313:0x272bfaf089b48179!8m2!3d52.2441887!4d6.8551875!16s%2Fg%2F11hzn4rz46!19sChIJExPnktkTuEcReYG0ifD6Kyc?authuser=0&hl=nl&rclk=1,Telefoon: 053 234 0044
tjecco software bv,hello@tjecco.com,https://www.tjecco.com/,https://www.google.com/maps/place/tjecco+software+bv/data=!4m7!3m6!1s0x47b80e02a0a231d5:0x1eceab48aa21faaa!8m2!3d52.2400643!4d6.8367305!16s%2Fg%2F11dzdsxnym!19sChIJ1TGioAIOuEcRqvohqkirzh4?authuser=0&hl=nl&rclk=1,Telefoon: 085 303 7000
eMagiz - Integration without boundaries,info@emagiz.com,http://www.emagiz.com/,https://www.google.com/maps/place/eMagiz+-+Integration+without+boundaries/data=!4m7!3m6!1s0x47b813ccad2d99a7:0x7de2b73929a4a4a0!8m2!3d52.2333912!4d6.8356695!16s%2Fg%2F1hc1b5j11!19sChIJp5ktrcwTuEcRoKSkKTm34n0?authuser=0&hl=nl&rclk=1,Telefoon: 088 227 3475
Sqills HQ,sales@sqills.com,http://www.sqills.com/,https://www.google.com/maps/place/Sqills+HQ/data=!4m7!3m6!1s0x47b8138aa63c50ff:0x2dd7c3d37fbc0b50!8m2!3d52.2398623!4d6.8366283!16s%2Fg%2F1x5f9fj_!19sChIJ_1A8pooTuEcRUAu8f9PD1y0?authuser=0&hl=nl&rclk=1,Telefoon: 088 774 5570
AniForm Engineering B.V.,info@aniform.com,https://aniform.com/,https://www.google.com/maps/place/AniForm+Engineering+B.V./data=!4m7!3m6!1s0x47b813d1e542eb7b:0xb623f20279b123a2!8m2!3d52.2358421!4d6.8436843!16s%2Fg%2F1q665m20q!19sChIJe-tC5dETuEcRoiOxeQLyI7Y?authuser=0&hl=nl&rclk=1,Telefoon: 085 773 3616
Sevtech,,http://www.sevtech.nl/,https://www.google.com/maps/place/Sevtech/data=!4m7!3m6!1s0x47b815671f01ba7b:0xec95adfca32333a!8m2!3d52.2221697!4d6.8981573!16s%2Fg%2F11fll5tx0v!19sChIJe7oBH2cVuEcROjMyyt9ayQ4?authuser=0&hl=nl&rclk=1,Telefoon: 06 36494043
ESS,info@ess00nl,http://www.ess.nl/,https://www.google.com/maps/place/ESS/data=!4m7!3m6!1s0x47b81409d3b42ddd:0x151629525f6107d8!8m2!3d52.2056026!4d6.8890579!16s%2Fg%2F1tdjw2qf!19sChIJ3S200wkUuEcR2AdhX1IpFhU?authuser=0&hl=nl&rclk=1,Telefoon: 053 707 4083
Softwarelab Twente,,https://softwarelabtwente.com/,https://www.google.com/maps/place/Softwarelab+Twente/data=!4m7!3m6!1s0x47b81315cbfe8c53:0x6cd074a2ff641389!8m2!3d52.2394588!4d6.8410635!16s%2Fg%2F11yywn_mtt!19sChIJU4z-yxUTuEcRiRNk_6J00Gw?authuser=0&hl=nl&rclk=1,Telefoon: 06 42707175
Telecats B.V.,,,https://www.google.com/maps/place/Telecats+B.V./data=!4m7!3m6!1s0x47b813d2b8a40403:0x7327a35e28c8fef3!8m2!3d52.2394515!4d6.8383372!16s%2Fg%2F1tdm7dc1!19sChIJAwSkuNITuEcR8_7IKF6jJ3M?authuser=0&hl=nl&rclk=1,
Moneybird,support@moneybird.com,https://www.moneybird.nl/,https://www.google.com/maps/place/Moneybird/data=!4m7!3m6!1s0x47b813c538556235:0x5ffb691ba52a94cb!8m2!3d52.2334857!4d6.8902!16s%2Fg%2F1wnbx2dp!19sChIJNWJVOMUTuEcRy5QqpRtp-18?authuser=0&hl=nl&rclk=1,
Innoworks,info@innoworks.ai,https://innoworks.ai/,https://www.google.com/maps/place/Innoworks/data=!4m7!3m6!1s0x47b81b12a6d370d9:0x44c1026f3817e0f!8m2!3d52.2210708!4d6.8913085!16s%2Fg%2F11lzmbczqs!19sChIJ2XDTphIbuEcRD36B8yYQTAQ?authuser=0&hl=nl&rclk=1,Telefoon: 085 760 0888
HorecaMasters,,https://www.horeca-masters.nl/,https://www.google.com/maps/place/HorecaMasters/data=!4m7!3m6!1s0x47b81327c1832fd1:0xf7fcba25c28b1476!8m2!3d52.2309144!4d6.8597103!16s%2Fg%2F11yb8zxr9c!19sChIJ0S-DwScTuEcRdhSLwiW6_Pc?authuser=0&hl=nl&rclk=1,
Aras Developer,hello@astroship-pro.com,https://www.arasdeveloper.com/,https://www.google.com/maps/place/Aras+Developer/data=!4m7!3m6!1s0x47b813bd87784a9d:0xc21dc06149d40a37!8m2!3d52.2286319!4d6.8489942!16s%2Fg%2F11ychgd08j!19sChIJnUp4h70TuEcRNwrUSWHAHcI?authuser=0&hl=nl&rclk=1,Telefoon: 085 060 9031
Dation,info@dation.nl,https://www.dation.nl/,https://www.google.com/maps/place/Dation/data=!4m7!3m6!1s0x47b813d1cd16d3e3:0x3b8b35f629f8e98d!8m2!3d52.221625!4d6.8910368!16s%2Fg%2F1tflr2cy!19sChIJ49MWzdETuEcRjen4KfY1izs?authuser=0&hl=nl&rclk=1,Telefoon: 085 208 5205
High Tech Systems Park,htsp@albron.nl,http://www.hightechsystemspark.com/,https://www.google.com/maps/place/High+Tech+Systems+Park/data=!4m7!3m6!1s0x47b80de4beb989ab:0x94329ba56cf4aa9c!8m2!3d52.2460799!4d6.771348!16s%2Fg%2F11fxwlhqqz!19sChIJq4m5vuQNuEcRnKr0bKWbMpQ?authuser=0&hl=nl&rclk=1,
4x32,,,https://www.google.com/maps/place/4x32/data=!4m7!3m6!1s0x47b8138c3a8f882b:0xc76d442b19eecc43!8m2!3d52.2449156!4d6.851012!16s%2Fg%2F11k2qdl684!19sChIJK4iPOowTuEcRQ8zuGStEbcc?authuser=0&hl=nl&rclk=1,Telefoon: 06 13010352
TexTown Games,hallo@textowngames.nl,http://www.textowngames.nl/,https://www.google.com/maps/place/TexTown+Games/data=!4m7!3m6!1s0x47b815aad8211e85:0x24a399629103bd3f!8m2!3d52.2186277!4d6.8877754!16s%2Fg%2F11qp0l9zw3!19sChIJhR4h2KoVuEcRP70DkWKZoyQ?authuser=0&hl=nl&rclk=1,Telefoon: 053 711 8830
Green Cloud Solutions,info@green-cloud.nl,https://www.green-cloud.nl/,https://www.google.com/maps/place/Green+Cloud+Solutions/data=!4m7!3m6!1s0x47b815b647b2c48d:0xf5eab7a222cd90bf!8m2!3d52.2267016!4d6.9001877!16s%2Fg%2F11frthvc4z!19sChIJjcSyR7YVuEcRv5DNIqK36vU?authuser=0&hl=nl&rclk=1,Telefoon: 06 25236553
Universiteit Twente,info@utwente.nl,http://www.utwente.nl/,https://www.google.com/maps/place/Universiteit+Twente/data=!4m7!3m6!1s0x47b813d992e2ab01:0x790b33d6b663608f!8m2!3d52.2396538!4d6.84979!16zL20vMHBzN2g!19sChIJAaviktkTuEcRj2BjttYzC3k?authuser=0&hl=nl&rclk=1,Telefoon: 053 489 9111
NettoMedia,,,https://www.google.com/maps/place/NettoMedia/data=!4m7!3m6!1s0x47b815e254a1249b:0x64ebfd731ca2664d!8m2!3d52.2237688!4d6.893884!16s%2Fg%2F11m1gn1sv_!19sChIJmyShVOIVuEcRTWaiHHP962Q?authuser=0&hl=nl&rclk=1,Telefoon: 06 41675707
XIP,info@xip.nl,https://www.xip.nl/,https://www.google.com/maps/place/XIP/data=!4m7!3m6!1s0x47b815c666048a8f:0x2370488c6e3a1a29!8m2!3d52.2215747!4d6.8911915!16s%2Fg%2F1hc3d28hs!19sChIJj4oEZsYVuEcRKRo6boxIcCM?authuser=0&hl=nl&rclk=1,Telefoon: 088 118 7888
Kiwi Connect B.V.,hallo@kiwiconnect.nl,http://www.kiwiconnect.nl/,https://www.google.com/maps/place/Kiwi+Connect+B.V./data=!4m7!3m6!1s0x47b815491cd1967f:0x949ab8385a843bc3!8m2!3d52.2186088!4d6.8875477!16s%2Fg%2F11xfrl20_1!19sChIJf5bRHEkVuEcRwzuEWji4mpQ?authuser=0&hl=nl&rclk=1,
Sono-Coat BV,,https://www.sonocoat.com/,https://www.google.com/maps/place/Sono-Coat+BV/data=!4m7!3m6!1s0x47b8138219e57897:0x3eb18798e9da0449!8m2!3d52.2357426!4d6.8546024!16s%2Fg%2F11x1n0h3l7!19sChIJl3jlGYITuEcRSQTa6ZiHsT4?authuser=0&hl=nl&rclk=1,Telefoon: 053 820 0812
Mochadocs,,https://www.mochadocs.com/,https://www.google.com/maps/place/Mochadocs/data=!4m7!3m6!1s0x47b81394c847c99d:0xd8ae86285cc78ace!8m2!3d52.2317481!4d6.8964727!16s%2Fg%2F1pp2vfjjc!19sChIJnclHyJQTuEcRzorHXCiGrtg?authuser=0&hl=nl&rclk=1,Telefoon: 085 400 4800
AIVHY Nederland,info@aivhy.com,https://www.aivhy.nl/,https://www.google.com/maps/place/AIVHY+Nederland/data=!4m7!3m6!1s0x47b813776f41df65:0xf5806e2396dd3cc0!8m2!3d52.2394588!4d6.8410635!16s%2Fg%2F11yyhphzt0!19sChIJZd9Bb3cTuEcRwDzdliNugPU?authuser=0&hl=nl&rclk=1,Telefoon: 053 234 0017
Salesdock,support@salesdock.nl,https://salesdock.nl/,https://www.google.com/maps/place/Salesdock/data=!4m7!3m6!1s0x47b8155f115676c5:0x1422631e51f6056c!8m2!3d52.2208604!4d6.889451!16s%2Fg%2F11j86vz46l!19sChIJxXZWEV8VuEcRbAX2UR5jIhQ?authuser=0&hl=nl&rclk=1,
dGB Earth Sciences,info@dgbes.com,https://www.dgbes.com/,https://www.google.com/maps/place/dGB+Earth+Sciences/data=!4m7!3m6!1s0x47b814743c00aa1d:0x4ca07dab599c7b1e!8m2!3d52.2198978!4d6.8917317!16s%2Fg%2F1tt0q5t_!19sChIJHaoAPHQUuEcRHnucWat9oEw?authuser=0&hl=nl&rclk=1,Telefoon: 053 431 5155
Vcare Connect,support@vcareconnect.nl,https://www.vcareconnect.nl/,https://www.google.com/maps/place/Vcare+Connect/data=!4m7!3m6!1s0x47b813ce2697756d:0x43bd46362ab30e52!8m2!3d52.2402826!4d6.8390449!16s%2Fg%2F1wl4ppbd!19sChIJbXWXJs4TuEcRUg6zKjZGvUM?authuser=0&hl=nl&rclk=1,Telefoon: 088 480 0900
Textkernel,,https://www.akyla.nl/,https://www.google.com/maps/place/Textkernel/data=!4m7!3m6!1s0x47b81475b0865999:0xe683ce62525feba8!8m2!3d52.2220194!4d6.8807806!16s%2Fg%2F1tp26b_h!19sChIJmVmGsHUUuEcRqOtfUmLOg-Y?authuser=0&hl=nl&rclk=1,Telefoon: 053 483 7538
Werkgroep OntwikkelingsTechnieken (WOT),board@wot.utwente.nl,https://www.wot.utwente.nl/,https://www.google.com/maps/place/Werkgroep+OntwikkelingsTechnieken+%28WOT%29/data=!4m7!3m6!1s0x47b813da71411935:0xf28359e629b965e1!8m2!3d52.2392105!4d6.8632119!16s%2Fg%2F1tnjhnkr!19sChIJNRlBcdoTuEcR4WW5KeZZg_I?authuser=0&hl=nl&rclk=1,Telefoon: 053 489 3191
CAD Booster,hello@cadbooster.com,https://cadbooster.com/,https://www.google.com/maps/place/CAD+Booster/data=!4m7!3m6!1s0x47b813f8a5291e7d:0x4888416122f30be3!8m2!3d52.2224674!4d6.8998437!16s%2Fg%2F11c2nxg3qk!19sChIJfR4ppfgTuEcR4wvzImFBiEg?authuser=0&hl=nl&rclk=1,Telefoon: 085 065 3776
Klantassistent.nl,info@klantassistent.nl,https://klantassistent.nl/,https://www.google.com/maps/place/Klantassistent.nl/data=!4m7!3m6!1s0x47b81527bad24155:0x5d37ff4f840b712e!8m2!3d52.2181314!4d6.8879455!16s%2Fg%2F11yc7_0pyg!19sChIJVUHSuicVuEcRLnELhE__N10?authuser=0&hl=nl&rclk=1,Telefoon: 06 13108620
Drenso: Drienerlo Engineering Solutions,bob@drenso.nl,https://www.drenso.nl/,https://www.google.com/maps/place/Drenso:+Drienerlo+Engineering+Solutions/data=!4m7!3m6!1s0x47b81398248230b9:0x108b1be1a3540456!8m2!3d52.236063!4d6.8446345!16s%2Fg%2F11fslgh6w5!19sChIJuTCCJJgTuEcRVgRUo-EbixA?authuser=0&hl=nl&rclk=1,Telefoon: 06 45719540
Limis B.V.,info@limis.nl,https://www.limis.nl/,https://www.google.com/maps/place/Limis+B.V./data=!4m7!3m6!1s0x47b813d1cd16d3e3:0x7410b17f79b97d6e!8m2!3d52.2359255!4d6.8461335!16s%2Fg%2F1td16xx7!19sChIJ49MWzdETuEcRbn25eX-xEHQ?authuser=0&hl=nl&rclk=1,Telefoon: 053 740 0750
Pacman Graphics,,,https://www.google.com/maps/place/Pacman+Graphics/data=!4m7!3m6!1s0x47b815e903bace33:0xf1bb899fab4d4d28!8m2!3d52.2283552!4d6.8917867!16s%2Fg%2F11qb69jv26!19sChIJM866A-kVuEcRKE1Nq5-Ju_E?authuser=0&hl=nl&rclk=1,Telefoon: 06 58750382
Docdynamic B.V.,info@docdynamic.nl,http://www.docdynamic.nl/,https://www.google.com/maps/place/Docdynamic+B.V./data=!4m7!3m6!1s0x47b813d2fb49cd53:0x427fd550aaf882be!8m2!3d52.2401955!4d6.8399454!16s%2Fg%2F1tkc15ll!19sChIJU81J-9ITuEcRvoL4qlDVf0I?authuser=0&hl=nl&rclk=1,
Savr,,,https://www.google.com/maps/place/Savr/data=!4m7!3m6!1s0x47b8135c7108961b:0x65932eb745a68b65!8m2!3d52.2433332!4d6.8519248!16s%2Fg%2F11sc7jcfy4!19sChIJG5YIcVwTuEcRZYumRbcuk2U?authuser=0&hl=nl&rclk=1,Telefoon: 06 16103885
SequriX,sales@sequrix.com,https://www.sequrix.com/,https://www.google.com/maps/place/SequriX/data=!4m7!3m6!1s0x47b8122d32403b0f:0x6cec80af58398842!8m2!3d52.237978!4d6.841095!16s%2Fg%2F11b5yr68_x!19sChIJDztAMi0SuEcRQog5WK-A7Gw?authuser=0&hl=nl&rclk=1,Telefoon: 053 480 3123
RealiseWeb,,,https://www.google.com/maps/place/RealiseWeb/data=!4m7!3m6!1s0x47b813d1336029b1:0x20c17d3c39bc0264!8m2!3d52.2427787!4d6.8469695!16s%2Fg%2F11cn3vf0ph!19sChIJsSlgM9ETuEcRZAK8OTx9wSA?authuser=0&hl=nl&rclk=1,Telefoon: 0318 501 700
Stratech,info@stratech.nl,https://www.stratech.nl/,https://www.google.com/maps/place/Stratech/data=!4m7!3m6!1s0x47b813d2cb3801e9:0xb4c667dfc3521e0f!8m2!3d52.2396803!4d6.8372625!16s%2Fg%2F1tfft03f!19sChIJ6QE4y9ITuEcRDx5Sw99nxrQ?authuser=0&hl=nl&rclk=1,Telefoon: 053 480 4080
Lionware,,,https://www.google.com/maps/place/Lionware/data=!4m7!3m6!1s0x47b813feaae828a7:0x4eb1e8e7f6ae811e!8m2!3d52.2395102!4d6.8409756!16s%2Fg%2F1tzvvmr7!19sChIJpyjoqv4TuEcRHoGu9ufosU4?authuser=0&hl=nl&rclk=1,Telefoon: 06 57319478
Open Social,sales@getopensocial.com,https://www.getopensocial.com/,https://www.google.com/maps/place/Open+Social/data=!4m7!3m6!1s0x47b814083273594b:0xbe6b16c732b4c8b7!8m2!3d52.2184498!4d6.8877289!16s%2Fg%2F1vb9c3y8!19sChIJS1lzMggUuEcRt8i0MscWa74?authuser=0&hl=nl&rclk=1,Telefoon: 053 711 3691
paq,,,https://www.google.com/maps/place/paq/data=!4m7!3m6!1s0x47b813fa5c297591:0xdc4f12d107b73a03!8m2!3d52.2352564!4d6.8526524!16s%2Fg%2F11j73t8cxb!19sChIJkXUpXPoTuEcRAzq3B9EST9w?authuser=0&hl=nl&rclk=1,Telefoon: 053 808 0229
AimsTec,info@aimstec.com,http://www.aimstec.com/,https://www.google.com/maps/place/AimsTec/data=!4m7!3m6!1s0x47b813d115e1c227:0x97dd84cc780af454!8m2!3d52.2414994!4d6.8466416!16s%2Fg%2F1tdnvztm!19sChIJJ8LhFdETuEcRVPQKeMyE3Zc?authuser=0&hl=nl&rclk=1,Telefoon: 053 433 0686
MoveLab Studio,,https://movelab.studio/,https://www.google.com/maps/place/MoveLab+Studio/data=!4m7!3m6!1s0x47b813da140b08fb:0xf13ea7f998625288!8m2!3d52.2336424!4d6.8902183!16s%2Fg%2F11rfmzznq2!19sChIJ-wgLFNoTuEcRiFJimPmnPvE?authuser=0&hl=nl&rclk=1,
Appthis Group Bv,,,https://www.google.com/maps/place/Appthis+Group+Bv/data=!4m7!3m6!1s0x47b81408263fffff:0xcdb90907cc242ee3!8m2!3d52.2330623!4d6.8907236!16s%2Fg%2F11qnk842_v!19sChIJ__8_JggUuEcR4y4kzAcJuc0?authuser=0&hl=nl&rclk=1,Telefoon: 06 27466922
TRIMM | Full-Service Digital Agency,info@trimm.nl,https://www.trimm.nl/,https://www.google.com/maps/place/TRIMM+%7C+Full-Service+Digital+Agency/data=!4m7!3m6!1s0x47b814082f882fc9:0x8274d01b9c21508d!8m2!3d52.233005!4d6.89092!16s%2Fg%2F1tmgbj16!19sChIJyS-ILwgUuEcRjVAhnBvQdII?authuser=0&hl=nl&rclk=1,Telefoon: 053 480 0480
Syando IT,,,https://www.google.com/maps/place/Syando+IT/data=!4m7!3m6!1s0x47b81477fecb02d3:0x7ef6bf31a5d86904!8m2!3d52.220444!4d6.891437!16s%2Fg%2F11g9q6vwr_!19sChIJ0wLL_ncUuEcRBGnYpTG_9n4?authuser=0&hl=nl&rclk=1,Telefoon: 085 060 6261
Synopsys Software Netherlands B.V.,,https://www.synopsys.com/,https://www.google.com/maps/place/Synopsys+Software+Netherlands+B.V./data=!4m7!3m6!1s0x47b813d1cd16d3e3:0x79b49e58d97716dc!8m2!3d52.236047!4d6.844728!16s%2Fg%2F1thcrdyc!19sChIJ49MWzdETuEcR3BZ32VietHk?authuser=0&hl=nl&rclk=1,Telefoon: 053 711 4300
IntelliCrew,info@intellicrew.com,https://www.intellicrew.com/,https://www.google.com/maps/place/IntelliCrew/data=!4m7!3m6!1s0x47b813cedb1751df:0x2d0bbd0df95305f8!8m2!3d52.2329431!4d6.8900382!16s%2Fg%2F11nmrqgwst!19sChIJ31EX284TuEcR-AVT-Q29Cy0?authuser=0&hl=nl&rclk=1,
XStheCloud BV,info@xsthecloud.nl,http://www.xsthecloud.nl/,https://www.google.com/maps/place/XStheCloud+BV/data=!4m7!3m6!1s0x47b813f4c806020f:0x1db933caf1a845c4!8m2!3d52.2204577!4d6.8894181!16s%2Fg%2F1hhp2qp6_!19sChIJDwIGyPQTuEcRxEWo8cozuR0?authuser=0&hl=nl&rclk=1,Telefoon: 06 38308161
Dvelop IT Services,info@dvelop.nl,https://www.dvelop.nl/,https://www.google.com/maps/place/Dvelop+IT+Services/data=!4m7!3m6!1s0x47b813f667c64ddd:0xab505441b9473cab!8m2!3d52.2310454!4d6.8872494!16s%2Fg%2F1ptvt8m33!19sChIJ3U3GZ_YTuEcRqzxHuUFUUKs?authuser=0&hl=nl&rclk=1,Telefoon: 06 42624598
ProfitBird BV,,http://www.profitbird.com/,https://www.google.com/maps/place/ProfitBird+BV/data=!4m7!3m6!1s0x47b813915bdc0ca7:0x2d88153b0831c0dd!8m2!3d52.2370042!4d6.855896!16s%2Fg%2F11j65nz284!19sChIJpwzcW5ETuEcR3cAxCDsViC0?authuser=0&hl=nl&rclk=1,
Technology Base,info@technologybase.nl,http://www.technologybase.nl/,https://www.google.com/maps/place/Technology+Base/data=!4m7!3m6!1s0x47b8113e22c15b9f:0xbedf8e7544a08c94!8m2!3d52.2802543!4d6.8893699!16s%2Fg%2F11gbfs189c!19sChIJn1vBIj4RuEcRlIygRHWO374?authuser=0&hl=nl&rclk=1,Telefoon: 053 480 0090
Combidesk - Koppelt Jouw Software,,https://nl.combidesk.com/,https://www.google.com/maps/place/Combidesk+-+Koppelt+Jouw+Software/data=!4m7!3m6!1s0x47b814660c4c2e05:0x4c7627ac11d1b6b9!8m2!3d52.2368976!4d6.854628!16s%2Fg%2F1ptynnt7r!19sChIJBS5MDGYUuEcRubbREawndkw?authuser=0&hl=nl&rclk=1,
:murb:,,http://www.murb.nl/,https://www.google.com/maps/place/:murb:/data=!4m7!3m6!1s0x47b816a7e125e983:0xaaed480b1990b9e2!8m2!3d52.2159365!4d6.8864812!16s%2Fg%2F1wf20y58!19sChIJg-kl4acWuEcR4rmQGQtI7ao?authuser=0&hl=nl&rclk=1,Telefoon: 053 711 3416
Productbird,team@productbird.ai,https://productbird.ai/,https://www.google.com/maps/place/Productbird/data=!4m7!3m6!1s0x47b815d040c195f1:0x6a9e999d708f6484!8m2!3d52.220619!4d6.8914981!16s%2Fg%2F11xm9bf3rd!19sChIJ8ZXBQNAVuEcRhGSPcJ2Znmo?authuser=0&hl=nl&rclk=1,Telefoon: 053 203 2168
ActFact B.V. Cloud Business Software,info@actfact.com,https://www.actfact.com/,https://www.google.com/maps/place/ActFact+B.V.+Cloud+Business+Software/data=!4m7!3m6!1s0x47b8139315a2df0f:0xecab028e34e751ec!8m2!3d52.23313!4d6.8913601!16s%2Fg%2F1tdd8y44!19sChIJD9-iFZMTuEcR7FHnNI4Cq-w?authuser=0&hl=nl&rclk=1,Telefoon: 053 432 2022
DocSys,info@docsys.nl,https://www.docsys.nl/,https://www.google.com/maps/place/DocSys/data=!4m7!3m6!1s0x47b813cfca48aa63:0x72dd8a26140fb072!8m2!3d52.2237651!4d6.8879744!16s%2Fg%2F1td16xx6!19sChIJY6pIys8TuEcRcrAPFCaK3XI?authuser=0&hl=nl&rclk=1,Telefoon: 053 789 0987
Mansoft,henri@mansoft.nl,http://www.mansoft.nl/,https://www.google.com/maps/place/Mansoft/data=!4m7!3m6!1s0x47b813c69ae43f81:0x5e166415ed349b1e!8m2!3d52.2316321!4d6.8527373!16s%2Fg%2F1tgyvsjq!19sChIJgT_kmsYTuEcRHps07RVkFl4?authuser=0&hl=nl&rclk=1,Telefoon: 053 432 4281
OVSoftware B.V.,info@ovsoftware.com,http://www.ovsoftware.nl/,https://www.google.com/maps/place/OVSoftware+B.V./data=!4m7!3m6!1s0x47b8171630616041:0xf6823fcaab5c57a3!8m2!3d52.2401771!4d6.8397035!16s%2Fg%2F1tgtdks0!19sChIJQWBhMBYXuEcRo1dcq8o_gvY?authuser=0&hl=nl&rclk=1,Telefoon: 053 303 3600
Cofano Software Solutions,info@cofano.nl,https://www.cofano.nl/,https://www.google.com/maps/place/Cofano+Software+Solutions/data=!4m7!3m6!1s0x47b8139296d1aa15:0x849d6c99c37a288f!8m2!3d52.2392927!4d6.8425095!16s%2Fg%2F11g6txwl82!19sChIJFarRlpITuEcRjyh6w5lsnYQ?authuser=0&hl=nl&rclk=1,Telefoon: 085 444 4531
Vactise,info@vactise.nl,https://www.vactise.nl/,https://www.google.com/maps/place/Vactise/data=!4m7!3m6!1s0x88aa621ea14f0319:0xc2cb5aa3836ed946!8m2!3d52.2431274!4d6.8524966!16s%2Fg%2F11kqn0qqzz!19sChIJGQNPoR5iqogRRtlug6Nay8I?authuser=0&hl=nl&rclk=1,Telefoon: 053 203 2343
ReadID by Signicat,readid@signicat.com,https://www.signicat.com/products/identity-proofing/readid,https://www.google.com/maps/place/ReadID+by+Signicat/data=!4m7!3m6!1s0x47b8158cb6d03b81:0xcfa52d95d789fdab!8m2!3d52.2186733!4d6.8879126!16s%2Fg%2F11q3__0jyy!19sChIJgTvQtowVuEcRq_2J15Utpc8?authuser=0&hl=nl&rclk=1,Telefoon: 053 487 8178
Datacadabra B.V.,,http://www.datacadabra.nl/,https://www.google.com/maps/place/Datacadabra+B.V./data=!4m7!3m6!1s0x47b813dadd7c3b63:0xa533f3ec446c4fd7!8m2!3d52.235562!4d6.8548293!16s%2Fg%2F11cn3w0yvm!19sChIJYzt83doTuEcR109sROzzM6U?authuser=0&hl=nl&rclk=1,Telefoon: 053 820 0791
Controllab Products B.V.,info@controllab.nl,http://www.controllab.nl/,https://www.google.com/maps/place/Controllab+Products+B.V./data=!4m7!3m6!1s0x47b813d1cd16d3e3:0x2fcd69cdbf35aa8!8m2!3d52.2373813!4d6.8548221!16s%2Fg%2F12ltj6dh_!19sChIJ49MWzdETuEcRqFrz25zW_AI?authuser=0&hl=nl&rclk=1,Telefoon: 085 773 1872
Ecare,info@ecare.nl,http://www.ecare.nl/,https://www.google.com/maps/place/Ecare/data=!4m7!3m6!1s0x47b811e21171bb6b:0x380d536ce5ad20ac!8m2!3d52.2388909!4d6.841829!16s%2Fg%2F1hbpwqnw9!19sChIJa7txEeIRuEcRrCCt5WxTDTg?authuser=0&hl=nl&rclk=1,Telefoon: 053 475 7000
Score Agency,info@scoreagency.nl,https://www.scoreagency.nl/,https://www.google.com/maps/place/Score+Agency/data=!4m7!3m6!1s0x47b80e181bf42cf9:0x9c48255657d71adc!8m2!3d52.2217111!4d6.8993965!16s%2Fg%2F12hk3k87k!19sChIJ-Sz0GxgOuEcR3BrXV1YlSJw?authuser=0&hl=nl&rclk=1,Telefoon: 053 870 0020
Extendas B.V.,inf%6f@extendas.c%6fm,https://www.extendas.com/,https://www.google.com/maps/place/Extendas+B.V./data=!4m7!3m6!1s0x47b811e5888cffff:0x6ebe040cb9d3f50e!8m2!3d52.2374079!4d6.8463787!16s%2Fg%2F11h50kywd6!19sChIJ__-MiOURuEcRDvXTuQwEvm4?authuser=0&hl=nl&rclk=1,Telefoon: 088 398 3632
Mebura,,,https://www.google.com/maps/place/Mebura/data=!4m7!3m6!1s0x47b8159fb21777c3:0xbf64fc864cbc7387!8m2!3d52.2290684!4d6.8894121!16s%2Fg%2F11hyk3d_xg!19sChIJw3cXsp8VuEcRh3O8TIb8ZL8?authuser=0&hl=nl&rclk=1,Telefoon: 06 14108033
WAME,info@wame.nl,http://www.wame.nl/,https://www.google.com/maps/place/WAME/data=!4m7!3m6!1s0x47b81474d4bcf787:0x42219c59201acedc!8m2!3d52.2352829!4d6.8555064!16s%2Fg%2F1tf7003x!19sChIJh_e81HQUuEcR3M4aIFmcIUI?authuser=0&hl=nl&rclk=1,Telefoon: 053 711 4001
Baseflow,hello@baseflow.com,https://baseflow.com/,https://www.google.com/maps/place/Baseflow/data=!4m7!3m6!1s0x47b815f27ae95a9f:0x46fd4e32bed6a54!8m2!3d52.2165157!4d6.9459706!16s%2Fg%2F11g0ll74hl!19sChIJn1rpevIVuEcRVGrtK-PUbwQ?authuser=0&hl=nl&rclk=1,Telefoon: 053 203 2429
Curious Inc.,,https://www.curious-inc.com/,https://www.google.com/maps/place/Curious+Inc./data=!4m7!3m6!1s0x47b811e32bf3bafb:0x72caa042dca9e31c!8m2!3d52.2215726!4d6.8911244!16s%2Fg%2F11hd900xqw!19sChIJ-7rzK-MRuEcRHOOp3EKgynI?authuser=0&hl=nl&rclk=1,Telefoon: 085 208 5205
Cottonwood Technology Fund,info@cottonwood.vc,https://www.cottonwood.vc/,https://www.google.com/maps/place/Cottonwood+Technology+Fund/data=!4m7!3m6!1s0x47b813e88c94c4b9:0x68dbdcb0e614a9a4!8m2!3d52.2355805!4d6.854786!16s%2Fg%2F11s03k1bfz!19sChIJucSUjOgTuEcRpKkU5rDc22g?authuser=0&hl=nl&rclk=1,Telefoon: 053 820 0818
Logic4 BV,info@logic4.nl,https://www.logic4.nl/,https://www.google.com/maps/place/Logic4+BV/data=!4m7!3m6!1s0x47b813f4c83207fd:0xfe1ba9d6049e42bb!8m2!3d52.2202459!4d6.8915054!16s%2Fg%2F1tfwjfmq!19sChIJ_QcyyPQTuEcRu0KeBNapG_4?authuser=0&hl=nl&rclk=1,Telefoon: 053 436 1408
Infantum Gastouderbureau software,,http://www.infantum.nl/,https://www.google.com/maps/place/Infantum+Gastouderbureau+software/data=!4m7!3m6!1s0x47b813cff1472ab9:0xbf1b6117ecb88094!8m2!3d52.2364522!4d6.8496018!16s%2Fg%2F11c58qk38g!19sChIJuSpH8c8TuEcRlIC47BdhG78?authuser=0&hl=nl&rclk=1,Telefoon: 088 012 4400
Theoden B.V.,info@softwerk.digital,https://softwerk.digital/,https://www.google.com/maps/place/Theoden+B.V./data=!4m7!3m6!1s0x47b81345ff2d3f5b:0x5337138fb370561!8m2!3d52.2283459!4d6.848634!16s%2Fg%2F11vkr398nn!19sChIJWz8t_0UTuEcRYQU3-zhxMwU?authuser=0&hl=nl&rclk=1,Telefoon: 085 060 9031
Total Reality - XR Solutions,info@totalreality.nl,https://www.totalreality.nl/,https://www.google.com/maps/place/Total+Reality+-+XR+Solutions/data=!4m7!3m6!1s0x47b815ed51076c31:0x4ff7ddd29975bbd5!8m2!3d52.2401054!4d6.8370421!16s%2Fg%2F11gsmkq_mr!19sChIJMWwHUe0VuEcR1bt1mdLd908?authuser=0&hl=nl&rclk=1,Telefoon: 085 620 0441
replayit,,https://www.replayit.app/,https://www.google.com/maps/place/replayit/data=!4m7!3m6!1s0x47b813565b5bebab:0x78134c0c7e67f3f5!8m2!3d52.2433218!4d6.848248!16s%2Fg%2F11vhwgkw8k!19sChIJq-tbW1YTuEcR9fNnfgxME3g?authuser=0&hl=nl&rclk=1,
Exxellence Solutions B.V.,,http://exxellence.nl/,https://www.google.com/maps/place/Exxellence+Solutions+B.V./data=!4m7!3m6!1s0x47b813dadd7c3b63:0xdf9aeae71eb46e91!8m2!3d52.2384809!4d6.8533664!16s%2Fg%2F11cn3w5mwp!19sChIJYzt83doTuEcRkW60Hufqmt8?authuser=0&hl=nl&rclk=1,Telefoon: 053 483 6826
Innovadis,info@innovadis.com,https://innovadis.com/,https://www.google.com/maps/place/Innovadis/data=!4m7!3m6!1s0x47b8122d30d434ab:0x5ebabf00efff1855!8m2!3d52.2329431!4d6.8900372!16s%2Fg%2F1td379tk!19sChIJqzTUMC0SuEcRVRj_7wC_ul4?authuser=0&hl=nl&rclk=1,Telefoon: 053 850 7500
Exocortex,,,https://www.google.com/maps/place/Exocortex/data=!4m7!3m6!1s0x47c78b34d17d3297:0x8c709b26fe04fcc3!8m2!3d52.23717!4d6.85591!16s%2Fg%2F11gv07xcr2!19sChIJlzJ90TSLx0cRw_wE_iabcIw?authuser=0&hl=nl&rclk=1,Telefoon: 088 134 7300
ODS2,info@ods2.com,http://www.ods2.com/,https://www.google.com/maps/place/ODS2/data=!4m7!3m6!1s0x47b815b46c6cf53b:0x55335c48d29fec00!8m2!3d52.2355162!4d6.8519326!16s%2Fg%2F1td64d1d!19sChIJO_VsbLQVuEcRAOyf0khcM1U?authuser=0&hl=nl&rclk=1,Telefoon: 053 461 8692
TSE,,http://www.odontium.nl/,https://www.google.com/maps/place/TSE/data=!4m7!3m6!1s0x47b8147a373dfe57:0xbae9beb5b23d56e1!8m2!3d52.2113633!4d6.8932291!16s%2Fg%2F11j4t6jp71!19sChIJV_49N3oUuEcR4VY9srW-6bo?authuser=0&hl=nl&rclk=1,Telefoon: 053 477 7786
TriboForm Engineering,,http://www.triboform.com/,https://www.google.com/maps/place/TriboForm+Engineering/data=!4m7!3m6!1s0x47c7df2047469b73:0x32be3be47069b7f4!8m2!3d52.2384809!4d6.8533664!16s%2Fg%2F1hc1vbt68!19sChIJc5tGRyDfx0cR9LdpcOQ7vjI?authuser=0&hl=nl&rclk=1,Telefoon: 088 008 5500
DISH,support-nld%40dish.co,https://www.dish.digital/en/about-us,https://www.google.com/maps/place/DISH/data=!4m7!3m6!1s0x47b8130fe80e3647:0x59764f6591fa525!8m2!3d52.2405462!4d6.8417585!16s%2Fg%2F11vyslpt_9!19sChIJRzYO6A8TuEcRJaUfWfZklwU?authuser=0&hl=nl&rclk=1,
MetaChef,info@metachef.nl,https://www.metachef.nl/,https://www.google.com/maps/place/MetaChef/data=!4m7!3m6!1s0x47b81408e0b957a1:0xf5442c17e670bbe1!8m2!3d52.2329027!4d6.8967207!16s%2Fg%2F11h_0vn12r!19sChIJoVe54AgUuEcR4btw5hcsRPU?authuser=0&hl=nl&rclk=1,Telefoon: 053 303 5210
Booking Experts B.V.,,https://www.bookingexperts.com/nl/?utm_source=gmb&utm_medium=click&utm_campaign=brand,https://www.google.com/maps/place/Booking+Experts+B.V./data=!4m7!3m6!1s0x47b8147950ad89f9:0x958c2c08f900892!8m2!3d52.2393726!4d6.8366961!16s%2Fg%2F11b70d0hh8!19sChIJ-YmtUHkUuEcRkgiQj8DCWAk?authuser=0&hl=nl&rclk=1,Telefoon: 088 116 8901
YesHugo rittenregistratie,support@yeshugo.com,http://www.yeshugo.com/,https://www.google.com/maps/place/YesHugo+rittenregistratie/data=!4m7!3m6!1s0x47b8119171bfbf4f:0xa70fd66462b6f64f!8m2!3d52.2215726!4d6.8911244!16s%2Fg%2F11h5ncd5h2!19sChIJT7-_cZERuEcRT_a2YmTWD6c?authuser=0&hl=nl&rclk=1,Telefoon: 085 208 5202
Innico,info@innico.nl,https://www.innico.nl/,https://www.google.com/maps/place/Innico/data=!4m7!3m6!1s0x47b813adda41754d:0x677a023e5bf5a860!8m2!3d52.2431274!4d6.8524966!16s%2Fg%2F11w23h4fr5!19sChIJTXVB2q0TuEcRYKj1Wz4Cemc?authuser=0&hl=nl&rclk=1,
Micronit B.V.,,http://www.micronit.com/,https://www.google.com/maps/place/Micronit+B.V./data=!4m7!3m6!1s0x47b813d2fb7b22d9:0x7f1cbc1e78b87154!8m2!3d52.2403889!4d6.8400513!16s%2Fg%2F1wnf03wg!19sChIJ2SJ7-9ITuEcRVHG4eB68HH8?authuser=0&hl=nl&rclk=1,Telefoon: 053 850 6850
Workfloor BV,info@workfloor.com,https://www.workfloor.com/,https://www.google.com/maps/place/Workfloor+BV/data=!4m7!3m6!1s0x47b8146f5fe088bd:0xb426c0d4cc5a6724!8m2!3d52.2364338!4d6.8520624!16s%2Fg%2F11btrrfxsn!19sChIJvYjgX28UuEcRJGdazNTAJrQ?authuser=0&hl=nl&rclk=1,Telefoon: 06 12532669
Future Factory,info@futurefactorytwente.nl,http://futurefactorytwente.nl/,https://www.google.com/maps/place/Future+Factory/data=!4m7!3m6!1s0x47b8136a5a34de27:0xb99c0f675976d5b0!8m2!3d52.2364597!4d6.8449192!16s%2Fg%2F11mv0dtvkd!19sChIJJ940WmoTuEcRsNV2WWcPnLk?authuser=0&hl=nl&rclk=1,
"Stichting Estinea, locatie Nachtegaalstraat",intake@estinea.nl,http://www.estinea.nl/,"https://www.google.com/maps/place/Stichting+Estinea,+locatie+Nachtegaalstraat/data=!4m7!3m6!1s0x47b8155d1bd61755:0x4e7bc5c4cba461bc!8m2!3d52.2318278!4d6.8935044!16s%2Fg%2F11fnszr3hb!19sChIJVRfWG10VuEcRvGGky8TFe04?authuser=0&hl=nl&rclk=1",
GrensFrequentie,info@grensfrequentie.nl,https://www.grensfrequentie.nl/,https://www.google.com/maps/place/GrensFrequentie/data=!4m7!3m6!1s0x47b815453cd6f663:0x10d6bbafeb890ead!8m2!3d52.2224465!4d6.8948169!16s%2Fg%2F11w2mzz2_f!19sChIJY_bWPEUVuEcRrQ6J66-71hA?authuser=0&hl=nl&rclk=1,
Workspace4U,,http://workspace4u.nl/,https://www.google.com/maps/place/Workspace4U/data=!4m7!3m6!1s0x47b8146d36a97b5b:0xe973436d8bc83441!8m2!3d52.2231972!4d6.9037456!16s%2Fg%2F11c6cqn5nb!19sChIJW3upNm0UuEcRQTTIi21Dc-k?authuser=0&hl=nl&rclk=1,Telefoon: 053 800 1009
Happy Workspace,wendy@wendydewit.nl,https://www.wendydewit.nl/happy-workspace/,https://www.google.com/maps/place/Happy+Workspace/data=!4m7!3m6!1s0x47b815de0e95a3e7:0xba18269be1e5e17a!8m2!3d52.2134747!4d6.9001925!16s%2Fg%2F11g3ydnmrm!19sChIJ56OVDt4VuEcReuHl4ZsmGLo?authuser=0&hl=nl&rclk=1,Telefoon: 06 13552202
