Event Name,Organizer,Date,Email,Eventbrite URL,Category
De Nationale ThuisBatterijen Roadshow — Tynaarlo,"Gezamenlijke Expertise, Lokaal Georganiseerd",2026-03-26,,https://www.eventbrite.nl/e/tickets-de-nationale-thuisbatterijen-roadshow-tynaarlo-1915754696869,Markt
Mooi Achterhoek x Kenniscafé: Damaris Matthijsen van Economy Transformers,"Op vrijdag 3 april vindt een bijzondere bijeenkomst plaats, georganiseerd door 2 organisaties die elkaar gevonden hebben in het verlangen naar een mooie, eerlijke en gezonde wereld, en een spreker die weet dat er manieren zijn om aan dat toekomstbeeld te werken. Wees welkom in de Koppelkerk bij de lezing van Damaris Matthijsen, uitgenodigd door mooi Achterhoek, waarbij ze vertelt over haar perspectief op een liefdevolle samenleving die we van binnenuit te creëren hebben met elkaar.",2026-04-03,,https://www.eventbrite.nl/e/tickets-mooi-achterhoek-x-kenniscafe-damaris-matthijsen-van-economy-transformers-1984627799172,Markt
Kookvakantie  - aug,K.eetmee,2026-08-24,,https://www.eventbrite.nl/e/tickets-kookvakantie-aug-1985502572643,Koken
Girls Night IJburg (14-21),Girls Forward,2026-03-26,,https://www.eventbrite.com/e/girls-night-ijburg-14-21-tickets-1980363352096,Koken
NK Haverpap,Haverpap commissie,2026-06-20,,https://www.eventbrite.com/e/tickets-nk-haverpap-1984877033639,Koken
Singles speeddate Groningen | 30-45 jaar,About Love,2026-03-27,,https://www.eventbrite.nl/e/singles-speeddate-groningen-30-45-jaar-tickets-1979219972216,Koken
Bakken van een Feesttaart (12-),Stichting LOEK@YOU,2026-04-08,,https://www.eventbrite.nl/e/bakken-van-een-feesttaart-12--tickets-1985438648444,Koken
Get your hands dirrrty! Lunch & Kokedama workshop @ Little World Kitchen,Plantasia Green Design,2026-03-29,,https://www.eventbrite.nl/e/get-your-hands-dirrrty-lunch-kokedama-workshop-little-world-kitchen-tickets-1984386867539,Koken
Teken- en schilderles jeugd,Stichting !Triggr - Volksuniversiteit Ter Aar,2026-05-11,,https://www.eventbrite.nl/e/tickets-teken-en-schilderles-jeugd-1975288568281,Koken
Di 21 apr- Oya haken  | volw/16+,Ontmoetingshuis Veenendaal-Oost,2026-04-21,,https://www.eventbrite.nl/e/tickets-di-21-apr-oya-haken-volw16-1982272431203,Koken
MOES Buurttafel,MOES Arnhem,2026-03-27,,https://www.eventbrite.nl/e/moes-buurttafel-tickets-1984157043128,Koken
Alumnibijeenkomst Fryske Alumni Sirkel | 14 april 2026,"Rijksuniversiteit Groningen, alumnirelaties",2026-04-14,,https://www.eventbrite.nl/e/alumnibijeenkomst-fryske-alumni-sirkel-14-april-2026-tickets-1983944535512,Koken
Snuffelmarkt / Collectible beurs,Epic4Events NL,2026-03-28,,https://www.eventbrite.nl/e/snuffelmarkt-collectible-beurs-tickets-1982420396772,Koken
Broekies Deventer en Enschede,Boekhandel Broekhuis,2026-04-17,,https://www.eventbrite.nl/e/broekies-deventer-en-enschede-tickets-1982277585620,Koken
Masterclass literaire gesprekken,ONA Amsterdam,2026-03-25,,https://www.eventbrite.nl/e/masterclass-literaire-gesprekken-tickets-1382768641229,Koken
A Very Open Mic - English StandUp Comedy Show (#27),Stand Up Nijmegen,2026-04-21,,https://www.eventbrite.nl/e/a-very-open-mic-english-standup-comedy-show-27-tickets-1978825476268,Koken
Kleurrijke kanjers en verrassende verhalen,Bibliotheek Veldhoven,2026-04-01,,https://www.eventbrite.nl/e/tickets-kleurrijke-kanjers-en-verrassende-verhalen-1974613549281,Koken
Kopstoot Kompanen - Borrel 32,De Kopstoot Kompanen,2026-04-18,,https://www.eventbrite.nl/e/tickets-kopstoot-kompanen-borrel-32-1982966913418,Koken
When We Met Events -  The AI Matchmaking Experience,When We Met Events,2026-03-26,,https://www.eventbrite.com/e/when-we-met-events-the-ai-matchmaking-experience-tickets-1982526561313,Koken
"KONINGSDAG : ""KONING STEIJN 2026",Cafe Steijn,2026-04-27,,https://www.eventbrite.nl/e/koningsdag-koning-steijn-2026-tickets-1983670626242,Koken
Koningsdag Vleuten 2026,Oranjestichting Vleuten,2026-04-27,,https://www.eventbrite.nl/e/registratie-koningsdag-vleuten-2026-1984124323262,Koken
Stabat Mater voor Fluitorkest,Flutopia,2026-04-12,,https://www.eventbrite.nl/e/stabat-mater-voor-fluitorkest-tickets-1983775752678,Koken
Mannenpraatsessie: Ontdekken van mijn eigen kracht,Stichting Black Men Talk,2026-03-25,,https://www.eventbrite.nl/e/tickets-mannenpraatsessie-ontdekken-van-mijn-eigen-kracht-1980281090048,Koken
O&M | Play & Slay: Blow-out edition,New Flag Benelux,2026-04-14,,https://www.eventbrite.nl/e/tickets-om-play-slay-blow-out-edition-1980709052094,Koken
ChildKing (20:00),DAT!school,2026-03-27,,https://www.eventbrite.nl/e/childking-2000-tickets-1981942207495,Koken
GEDACHTEGANGEN #5,Het clubhuis,2026-06-17,,https://www.eventbrite.nl/e/gedachtegangen-5-tickets-1985047605825,Koken
Scala Presents: Stand-Up Comedy with Mohna Joshi,Scala | Foodbar & Theater,2026-04-03,,https://www.eventbrite.nl/e/scala-presents-stand-up-comedy-with-mohna-joshi-tickets-1983538115900,Koken
Koningsnacht,De Uitspanning,2026-04-26,,https://www.eventbrite.nl/e/tickets-koningsnacht-1985716692080,Koken
Schilder je eigen Sterrennacht – Van Gogh Workshop,Van Gogh Workshops,2026-04-04,,https://www.eventbrite.com/e/schilder-je-eigen-sterrennacht-van-gogh-workshop-tickets-1983612270699,Koken
Photo Cafe met Bart Ros,Apeldoorn Photo,2026-04-08,,https://www.eventbrite.nl/e/photo-cafe-met-bart-ros-tickets-1983990240216,Koken
Wijnproeverij Nederland en België,De Wijnkoning,2026-03-27,,https://www.eventbrite.nl/e/tickets-wijnproeverij-nederland-en-belgie-1647956374879,Koken
Kleien - workshop,Sip and Make,2026-04-08,,https://www.eventbrite.nl/e/kleien-workshop-tickets-1983439804849,Koken
MH Books Event,Miranda Hillers,2026-05-09,,https://www.eventbrite.nl/e/tickets-mh-books-event-1441567460079,Koken
Samen lunchen na onze (frisbee)wandeling,JEPP International,2026-04-12,,https://www.eventbrite.nl/e/samen-lunchen-na-onze-frisbeewandeling-tickets-1983192411890,Koken
GO AI GRONINGEN,GOAI,2026-04-11,,https://www.eventbrite.nl/e/tickets-go-ai-groningen-1982889664364,Koken
Professional training: Starten met systemisch leiderschap,The School of Life Amsterdam,2026-06-02,,https://www.eventbrite.nl/e/tickets-professional-training-starten-met-systemisch-leiderschap-1529161195299,Koken
Toekomst Textiel: House of Design,Fibershed Nederland,2026-03-25,,https://www.eventbrite.nl/e/toekomst-textiel-house-of-design-tickets-1983260363134,Koken
Castingfoto's STENT Casting,STENT Producties,2026-08-23,,https://www.eventbrite.nl/e/tickets-castingfotos-stent-casting-1983939811382,Koken
Week van de psychiatrie 2026 WENSEN EN GRENZEN,Herstelacademie Delft,2026-03-29,,https://www.eventbrite.com/e/tickets-week-van-de-psychiatrie-2026-wensen-en-grenzen-1982423583303,Koken
The Wheelbarrowband,Het Oude Gemaal,2026-04-12,,https://www.eventbrite.nl/e/tickets-the-wheelbarrowband-1529931930589,Koken
Kunsttour Central Post,Wederopbouw Museum,2026-03-28,,https://www.eventbrite.nl/e/kunsttour-central-post-tickets-1980644552173,Koken
ROCK meets POP Swingpaleis Klasse Tilburg  11 apr 2026,Swingpaleis de Muziekfreaks,2026-04-11,,https://www.eventbrite.nl/e/tickets-rock-meets-pop-swingpaleis-klasse-tilburg-11-apr-2026-1303338383189,Koken
West best Talkshow -  28 maart -  2026 - Cliffordstudio,Cliffordstudio,2026-03-28,,https://www.eventbrite.nl/e/west-best-talkshow-28-maart-2026-cliffordstudio-tickets-1983253858679,Koken
KEK Nieuwe Ambassadeurs Event!,Klimaat en Energie Koepel,2026-04-24,,https://www.eventbrite.com/e/tickets-kek-nieuwe-ambassadeurs-event-1982194710739,Koken
Rondje Rijnhaven/Kaap - Ontdek Rotterdam Anders,Ontdek Rotterdam Anders,2026-03-29,,https://www.eventbrite.nl/e/rondje-rijnhavenkaap-ontdek-rotterdam-anders-tickets-1980621758998,Koken
Koning Willem wil 'm (4+) - Harro van Lien,Theater aan het Kanaal,2026-04-19,,https://www.eventbrite.nl/e/koning-willem-wil-m-4-harro-van-lien-tickets-1984968530308,Koken
AI Essentials for non-IT Professionals,The Cultivators,2026-04-24,,https://www.eventbrite.nl/e/tickets-ai-essentials-for-non-it-professionals-1984493127365,Koken
Waar ga ik heen? - Marlou Fernanda,Bijlmerbios,2026-03-27,,https://www.eventbrite.nl/e/tickets-waar-ga-ik-heen-marlou-fernanda-1984035064286,Koken
"Elza Heinsberga, Kookhyun Nam en Jeongguk Lee",Huis Kernhem,2026-05-17,,https://www.eventbrite.nl/e/tickets-elza-heinsberga-kookhyun-nam-en-jeongguk-lee-1983446558048,Koken
Wachten op A.N.N.A.  - door Planktaal/Triekeltrak,Studio Oensel,2026-04-10,,https://www.eventbrite.nl/e/tickets-wachten-op-anna-door-planktaaltriekeltrak-1981705543627,Koken
Schermtijd (try-out),Spreken voor publiek,2026-04-15,,https://www.eventbrite.nl/e/schermtijd-try-out-tickets-1984296622614,Koken
schilder het strand en de vuurtoren van Breskens,de Kunstfluisteraar,2026-06-05,,https://www.eventbrite.com/e/tickets-schilder-het-strand-en-de-vuurtoren-van-breskens-1977716407012,Koken
Ontwikkeltrauma herkennen in je praktijk; Een lezing voor zorgprofessionals,"Carine Godri, GZ-psycholoog en Mindfulness trainer",2026-03-28,,https://www.eventbrite.nl/e/ontwikkeltrauma-herkennen-in-je-praktijk-een-lezing-voor-zorgprofessionals-tickets-1983148306971,Koken
Toto tribute by  a Tribute to Toto,Muziektheater Beusichem,2026-03-28,,https://www.eventbrite.nl/e/tickets-toto-tribute-by-a-tribute-to-toto-1848197902679,Koken
LAMPY Schulung DE @HQ,Highlite International,2026-04-15,,https://www.eventbrite.co.uk/e/lampy-schulung-de-hq-tickets-1976870146825,Koken
Mixed Media Art Class,Nancy Remy | Nancy's Art Spot,2026-03-25,,https://www.eventbrite.be/e/mixed-media-art-class-tickets-1977498581490,Koken
Koningsdag in het Park 2026,Oranje Comité Nuenen,2026-04-27,,https://www.eventbrite.nl/e/tickets-koningsdag-in-het-park-2026-1345180052749,Koken
Smaakt Naar Meer,NextGen Events,2026-04-02,,https://www.eventbrite.nl/e/tickets-smaakt-naar-meer-1983677397495,Koken
Kledingbank Haarlem - Voorjaarseditie 11 april  2026,Shelter Haarlem,2026-04-11,,https://www.eventbrite.nl/e/tickets-kledingbank-haarlem-voorjaarseditie-11-april-2026-1978254233666,Koken
Wealth and Wisdom,Screaming Goats Innovations,2026-03-27,,https://www.eventbrite.co.uk/e/wealth-and-wisdom-tickets-1984130127623,Koken
Maandvdfilosofie: denkochtend over 'denken',De Spiegel - filosofische praktijk Deventer,2026-04-17,,https://www.eventbrite.nl/e/registratie-maandvdfilosofie-denkochtend-over-denken-1983452341346,Koken
Always Forever Wedding Event - Komaen,Always Forever,2026-04-19,,https://www.eventbrite.com/e/tickets-always-forever-wedding-event-komaen-1982227151771,Koken
The Music of the Lord of the Rings. Tribute to Howard Shore,RED EVENTS EU LIMITED,2026-04-18,,https://www.eventbrite.co.uk/e/the-music-of-the-lord-of-the-rings-tribute-to-howard-shore-tickets-1983517876363,Koken
Wellness event –  Gezichtsmassage en scrubsessie,Athena Ossendrecht,2026-04-04,,https://www.eventbrite.be/e/tickets-wellness-event-gezichtsmassage-en-scrubsessie-1983439621300,Koken
Open Coffee Amersfoort (apr) - netwerkcafé voor ondernemers,Joyce Hardeman,2026-04-15,,https://www.eventbrite.nl/e/tickets-open-coffee-amersfoort-apr-netwerkcafe-voor-ondernemers-1979470892726,Koken
"Licht, Panta Rhei Vocaal samen met Esther Bertholet en Marieke Blocks",Panta Rhei Vocaal,2026-03-29,,https://www.eventbrite.nl/e/tickets-licht-panta-rhei-vocaal-samen-met-esther-bertholet-en-marieke-blocks-1983250668136,Koken
Arnhem Bruncht,Arnhem Tipt,2026-04-12,,https://www.eventbrite.com/e/arnhem-bruncht-tickets-1983677349351,Koken
Shakti- She Heals| Lancering,Artie Lachman & Lu Schwengle,2026-03-28,,https://www.eventbrite.com/e/tickets-shakti-she-heals-lancering-1981603277747,Koken
Warfare Worship & Prayer Night,TvOM,2026-04-17,,https://www.eventbrite.nl/e/tickets-warfare-worship-prayer-night-1983159854510,Koken
Workshop Zelf zaaien is zo veel leuker,Velt Bergeijk-Eersel,2026-03-30,,https://www.eventbrite.nl/e/workshop-zelf-zaaien-is-zo-veel-leuker-tickets-1972634990358,Koken
Een systemische kijk op je blauwdruk,Blauwe Oase,2026-04-11,,https://www.eventbrite.nl/e/tickets-een-systemische-kijk-op-je-blauwdruk-1979225174777,Koken
F n’ F (Face and Fingers) by Moe Satt,COKO SPACE,2026-03-26,,https://www.eventbrite.nl/e/f-n-f-face-and-fingers-by-moe-satt-tickets-1983377786350,Koken
Second Tent Event,Second Tent Event,2026-04-12,,https://www.eventbrite.nl/e/registratie-second-tent-event-1871698844629,Koken
ADHD bij volwassenen,Medilex,2026-04-21,,https://www.eventbrite.nl/e/adhd-bij-volwassenen-tickets-1982186478115,Koken
Cooking Grammar Chapter 1 |  “For the Love of Olive Oil”,Terri Salminen,2026-05-11,,https://www.eventbrite.nl/e/cooking-grammar-chapter-1-for-the-love-of-olive-oil-tickets-1982206939315,Cooking
Cook & Connect – Italian Cuisine Curated  Experience for Singles,The Social Edit,2026-04-24,,https://www.eventbrite.com/e/cook-connect-italian-cuisine-curated-experience-for-singles-tickets-1984964867352,Cooking
Master Japanese Ramen in  Amsterdam -Japanese Cooking Class,Wa Table Amsterdam,2026-03-26,,https://www.eventbrite.nl/e/master-japanese-ramen-in-amsterdam-japanese-cooking-class-tickets-1982342981220,Cooking
Amsterdam Kimchi Workshop -   Saturday 11th April 2026 @ 4pm cooking class,"Dream Workshops Amsterdam - Origami,Decoden,Kimchi",2026-04-11,,https://www.eventbrite.nl/e/amsterdam-kimchi-workshop-saturday-11th-april-2026-4pm-cooking-class-tickets-1982271601722,Cooking
Authentic Pasta Workshop in Amsterdam: Pasta is always a good idea!,Micaela (The Balanced Plate),2026-04-17,,https://www.eventbrite.nl/e/tickets-authentic-pasta-workshop-in-amsterdam-pasta-is-always-a-good-idea-1983865108945,Cooking
blooming Paaspreuvenement 2026,blooming hotel,2026-04-05,,https://www.eventbrite.nl/e/tickets-blooming-paaspreuvenement-2026-1981578731328,Cooking
"Bite Into Portugal: Bifanas, Good Vibes, and Great Company in Amsterdam!",Definitely tuga events,2026-03-28,,https://www.eventbrite.nl/e/bite-into-portugal-bifanas-good-vibes-and-great-company-in-amsterdam-tickets-1984410253487,Cooking
Classic Bites in Amsterdam - Food Tour in Amsterdam | Cozymeal™,Cozymeal,2026-03-28,,https://www.eventbrite.com/e/classic-bites-in-amsterdam-food-tour-in-amsterdam-cozymealtm-tickets-1979176212329,Cooking
Salentein Grill Days 2026,Landgoed de Salentein,2026-06-07,,https://www.eventbrite.nl/e/salentein-grill-days-2026-tickets-1983793059443,Cooking
"Pasta Workshop – Week van de Circulaire Economie 2026 - 27 March, BlueCity",Sean Patrick,2026-03-27,,https://www.eventbrite.nl/e/tickets-pasta-workshop-week-van-de-circulaire-economie-2026-27-march-bluecity-1983440840948,Cooking
Kimchi Made By You in Oud-Zuilen,KHOM by Kwon,2026-04-25,,https://www.eventbrite.nl/e/tickets-kimchi-made-by-you-in-oud-zuilen-1979160686892,Cooking
(un)folding,red.,2026-04-11,,https://www.eventbrite.nl/e/unfolding-tickets-1985122144773,Cooking
Dumpling Party and Workshop,Wendelicious,2026-04-18,,https://www.eventbrite.nl/e/dumpling-party-and-workshop-tickets-1984423574330,Cooking
14.4.26 Tuesday - Ravioli & Tortelli ‘Pasta ripiena' - Workshop,La Bottega by Chiara's Food,2026-04-14,,https://www.eventbrite.co.uk/e/14426-tuesday-ravioli-tortelli-pasta-ripiena-workshop-tickets-1984629321726,Cooking
Carb Diem: Seize Your Sun-Day | Fresh Pasta Making & Dinner Experience,ALI E RADICI,2026-03-29,,https://www.eventbrite.com/e/carb-diem-seize-your-sun-day-fresh-pasta-making-dinner-experience-tickets-1984953412089,Cooking
Cici’s Kitchen grand opening,Maciré Cissé,2026-03-28,,https://www.eventbrite.nl/e/cicis-kitchen-grand-opening-tickets-1967209518626,Cooking
Spring Kimchi Workshop with Little Kimchi Project,The Mingle Table,2026-04-04,,https://www.eventbrite.nl/e/spring-kimchi-workshop-with-little-kimchi-project-tickets-1985326849049,Cooking
Dinner Club at Your Daily DOMUS,Your Daily DOMUS,2026-03-27,,https://www.eventbrite.nl/e/dinner-club-at-your-daily-domus-registration-1985269337029,Cooking
Coffee Tasting Workshop - Leiden,Wakuli,2026-04-24,,https://www.eventbrite.nl/e/coffee-tasting-workshop-leiden-tickets-1981106924140,Cooking
Austrian Kaiserschmarrn Cooking Class,The Social Hub - Delft,2026-04-30,,https://www.eventbrite.co.uk/e/austrian-kaiserschmarrn-cooking-class-tickets-1985718364081,Cooking
Artsy lunch,flock & doodle,2026-03-26,,https://www.eventbrite.nl/e/artsy-lunch-tickets-1984900666325,Cooking
Sip and Make: Clay (food),The Social Hub - Eindhoven,2026-05-20,,https://www.eventbrite.co.uk/e/sip-and-make-clay-food-tickets-1985139110518,Cooking
"Half-Day Women’s Retreat: Cycle, Nutrition, Vision Boarding & Meditation",The Mind Gym,2026-04-18,,https://www.eventbrite.com/e/tickets-half-day-womens-retreat-cycle-nutrition-vision-boarding-meditation-1985452868978,Cooking
"Safe Food, Smart Future: European Innovations for a Changing World",EUFIC - the European Food Information Council,2026-06-10,,https://www.eventbrite.co.uk/e/safe-food-smart-future-european-innovations-for-a-changing-world-tickets-1981857066837,Cooking
Food Festival Culinair Aalsmeer 2026,Culinair Aalsmeer,2026-05-30,,https://www.eventbrite.nl/e/food-festival-culinair-aalsmeer-2026-tickets-1981949325786,Food And Drink
Expedition BlueCity + GIY Tempeh Workshop,BlueCity,2026-03-25,,https://www.eventbrite.nl/e/expedition-bluecity-giy-tempeh-workshop-tickets-1982434287319,Food And Drink
Wijnfestival  |   Schoonhoven,Wijnfestival Schoonhoven,2026-04-18,,https://www.eventbrite.nl/e/wijnfestival-schoonhoven-tickets-1980310042646,Food And Drink
Overzichtsproeverij Good Grapes - Wijnklaar voor het voorjaar!,Good Grapes,2026-03-28,,https://www.eventbrite.nl/e/tickets-overzichtsproeverij-good-grapes-wijnklaar-voor-het-voorjaar-1982512708880,Food And Drink
African Food Festival 2026,Stichting Unity in Diversity Rotterdam,2026-07-18,,https://www.eventbrite.nl/e/african-food-festival-2026-tickets-1978579915790,Food And Drink
Pot Still Festival 2026,Van Wees Holland B.V.,2026-10-02,,https://www.eventbrite.ie/e/tickets-pot-still-festival-2026-1978379563531,Food And Drink
EAT LOVE - PLAYGROUND LUNCH,Food Design Playground,2026-03-29,,https://www.eventbrite.nl/e/eat-love-playground-lunch-tickets-1836853531359,Food And Drink
CEIBA: The Royal Dining Experience,Events by Slordig,2026-05-21,,https://www.eventbrite.com/e/ceiba-the-royal-dining-experience-tickets-1981633817091,Food And Drink
Crooked Spider Beerfestival 2026,Crooked Spider Brewing B.V.,2026-09-05,,https://www.eventbrite.com.au/e/tickets-crooked-spider-beerfestival-2026-1673242596649,Food And Drink
Let’s Glow Up TOGETHER [Friday Night Drinks Expat Meetup],Golden Heart Expat Community,2026-03-27,,https://www.eventbrite.nl/e/lets-glow-up-together-friday-night-drinks-expat-meetup-tickets-1983994522023,Food And Drink
Ritmo Fusion Cabana at the Beach,Na Brasa,2026-03-28,,https://www.eventbrite.nl/e/ritmo-fusion-cabana-at-the-beach-tickets-1984427335580,Food And Drink
Gtf,Raffa,2026-04-13,,https://www.eventbrite.it/e/gtf-tickets-1803603640039,Food And Drink
City Centre Bar Crawl Amsterdam,Ultimate Party  Amsterdam,2026-03-26,,https://www.eventbrite.nl/e/city-centre-bar-crawl-amsterdam-tickets-1982768793837,Food And Drink
Pasta Workshop in Strijp-S & Aperitivo,La Bottega By Squisito,2026-03-27,,https://www.eventbrite.nl/e/pasta-workshop-in-strijp-s-aperitivo-tickets-1980908781490,Food And Drink
Whisky by the Sea 2026 *middag editie*,Slijterij Bie de Bolle / S de Zwart,2026-10-31,,https://www.eventbrite.nl/e/whisky-by-the-sea-2026-middag-editie-tickets-1963602925208,Food And Drink
100 Cities Project: Vallejo | Dinner with New Friends,Ermantourage Europe & US,2026-04-15,,https://www.eventbrite.com/e/100-cities-project-vallejo-dinner-with-new-friends-tickets-1967782214575,Food And Drink
International Pub quiz @Coco's,AIC - Amsterdam International Commnunity - Expats,2026-03-24,,https://www.eventbrite.nl/e/international-pub-quiz-cocos-tickets-1984133198809,Food And Drink
High Tea Vrijheidsmaaltijd,Akoesticum,2026-04-17,,https://www.eventbrite.nl/e/tickets-high-tea-vrijheidsmaaltijd-1984373192637,Food And Drink
Biertest Drachten,Brouwerij Koningshert,2026-09-12,,https://www.eventbrite.nl/e/registratie-biertest-drachten-1984151684099,Food And Drink
MIDLIFE MADNESS 24.05.26,Midlife Madness Group,2026-05-24,,https://www.eventbrite.nl/e/tickets-midlife-madness-240526-1807205613639,Food And Drink
Books & Wine: A Taste salon #3,The Book Photographer,2026-06-07,,https://www.eventbrite.nl/e/books-wine-a-taste-salon-3-tickets-1983196764910,Food And Drink
Winemakers dinner 2026,Winkel van Sinkel,2026-05-21,,https://www.eventbrite.com/e/tickets-winemakers-dinner-2026-1932070879009,Food And Drink
Match On Deck (35 - 50 jaar editie),Match On Deck,2026-06-13,,https://www.eventbrite.nl/e/tickets-match-on-deck-35-50-jaar-editie-1983770110803,Food And Drink
NST Stamppot buffet,Papaver improvisatietheater,2026-04-04,,https://www.eventbrite.nl/e/nst-stamppot-buffet-tickets-1984411448060,Food And Drink
DAMCHI X SUBCULT : KIMCHI MAKING WORKSHOP,DAMCHI KIMCHI,2026-03-29,,https://www.eventbrite.com/e/damchi-x-subcult-kimchi-making-workshop-tickets-1985064775179,Food And Drink
Easter Brunch,Hard Rock Cafe Amsterdam,2026-04-04,,https://www.eventbrite.com/e/easter-brunch-tickets-1985517294677,Food And Drink
Proeven in de Mauritskazerne I 360°-video Tasting Experience in Ede,Mauritskazerne,2026-03-27,,https://www.eventbrite.nl/e/tickets-proeven-in-de-mauritskazerne-i-360-video-tasting-experience-in-ede-1983243398392,Food And Drink
Fermentation Workshop - Last Winter Roots and Early Spring Beauties,Jar48,2026-03-31,,https://www.eventbrite.nl/e/fermentation-workshop-last-winter-roots-and-early-spring-beauties-tickets-1985161698078,Food And Drink
Live Cheese Making Dinner Amsterdam | 16 Seats · €69,PASTA PARADIJS ITALIAN SARDINIAN ESSENCE,2026-03-29,,https://www.eventbrite.nl/e/tickets-live-cheese-making-dinner-amsterdam-16-seats-69-1985635374858,Food And Drink
Amsterdam SurpriseNight Experience,Amsterdam Nightlife,2026-03-24,,https://www.eventbrite.co.uk/e/tickets-amsterdam-surprisenight-experience-1982347888899,Food And Drink
Amsterdam: Ludwig's Red Light Pub Crawl with VIP Club Entry,Ludwig's Original Tours,2026-03-24,,https://www.eventbrite.nl/e/amsterdam-ludwigs-red-light-pub-crawl-with-vip-club-entry-tickets-1085297787899,Food And Drink
SIPS & TILES - A Mahjong Cocktail Night,Jiada Mahjong,2026-03-29,,https://www.eventbrite.nl/e/tickets-sips-tiles-a-mahjong-cocktail-night-1984715669996,Food And Drink
Maak je eigen whiskyproeverij!,The Scotch Malt Whisky Society,2026-04-09,,https://www.eventbrite.ie/e/maak-je-eigen-whiskyproeverij-tickets-1985434088806,Food And Drink
Oasis x Vondelgym Pasta-Party,Oasis Rotterdam,2026-04-11,,https://www.eventbrite.com/e/tickets-oasis-x-vondelgym-pasta-party-1985361924962,Food And Drink
Amsterdam: Hash-Making evenement with History and Tips,Dima,2026-04-15,,https://www.eventbrite.com/e/amsterdam-hash-making-evenement-with-history-and-tips-tickets-1984628114114,Food And Drink
The Dog Petit Déjeuner  Fête: De Hondenbakkerij x Louise Petit Déjeuner,De Hondenbakkerij,2026-04-17,,https://www.eventbrite.com/e/the-dog-petit-dejeuner-fete-de-hondenbakkerij-x-louise-petit-dejeuner-tickets-1984956708950,Food And Drink
Discover Tea & Chocolate Pairing Amsterdam,Ning Hills Tea,2026-04-18,,https://www.eventbrite.co.uk/e/tickets-discover-tea-chocolate-pairing-amsterdam-1984542449890,Food And Drink
Batard x Karakter Wijnimport Voorjaarsproeverij,Karakter Wijnimport,2026-04-21,,https://www.eventbrite.nl/e/tickets-batard-x-karakter-wijnimport-voorjaarsproeverij-1985049533591,Food And Drink
Tussen de wijnranken,MA05 Events & Rentals,2026-05-14,,https://www.eventbrite.com/e/tickets-tussen-de-wijnranken-1984553719598,Food And Drink
10th Dutch Craftbeer Festival,Craft District Enschede,2026-05-16,,https://www.eventbrite.nl/e/10th-dutch-craftbeer-festival-tickets-1985018679305,Food And Drink
Beer and Food Festival 2026,Tafelronde 140 Alblasserwaard,2026-06-13,,https://www.eventbrite.nl/e/tickets-beer-and-food-festival-2026-1984288320783,Food And Drink
Sake for Wine Lovers #4— Aged Sake,Kazumi Uejo (Grape and Rice),2026-05-30,,https://www.eventbrite.nl/e/sake-for-wine-lovers-4-aged-sake-tickets-1985628412032,Food And Drink
Netwerkontbijt Hotel De Keizerskroon,Stichting Topvolleybal Dynamo,2026-04-23,,https://www.eventbrite.nl/e/netwerkontbijt-hotel-de-keizerskroon-tickets-1982951776142,Food And Drink
Maak kennis met de beste Setúbal wijnen,Pitch PR,2026-04-13,,https://www.eventbrite.nl/e/maak-kennis-met-de-beste-setubal-wijnen-tickets-1982426719684,Food And Drink
Boba Meetup Groningen,Taiwan Culture Association Netherlands,2026-03-29,,https://www.eventbrite.nl/e/boba-meetup-groningen-tickets-1983727401057,Food And Drink
Dood uit de Pot,Dood uit de Pot,2026-04-08,,https://www.eventbrite.com/e/dood-uit-de-pot-tickets-1981927114351,Food And Drink
The Big Plant Pop-up - Rotterdam,Plants For All,2026-04-10,,https://www.eventbrite.co.uk/e/billets-the-big-plant-pop-up-rotterdam-1983872612388,Food And Drink
ILW Diner: AI en de creativiteit van de ondernemer,ILW Parkmanagement Lage Weide,2026-04-13,,https://www.eventbrite.nl/e/ilw-diner-ai-en-de-creativiteit-van-de-ondernemer-tickets-1984298976655,Food And Drink
SAS Borrel 2026,Jachthaven Strijensas,2026-05-09,,https://www.eventbrite.com/e/sas-borrel-2026-tickets-1982959087009,Food And Drink
Running dinner,ROC midden nederland,2026-06-12,,https://www.eventbrite.nl/e/running-dinner-tickets-1752776474619,Food And Drink
Arabic Cafe - لمة عربية,TheShadow,2026-03-29,,https://www.eventbrite.nl/e/arabic-cafe--tickets-1982698041214,Food And Drink
Running Dinner,ROC,2026-06-12,,https://www.eventbrite.nl/e/tickets-running-dinner-1752776243929,Food And Drink
Uniek kijkje bij Food Rescue Center van InstockMarket,InstockMarket | B Corp,2026-03-26,,https://www.eventbrite.nl/e/uniek-kijkje-bij-food-rescue-center-van-instockmarket-tickets-1982958156225,Food And Drink
"3-Day Battlefield Tour: Arnhem, Oosterbeek, Crossroads & Nijmegen/Groesbeek",Trails of History,2026-04-10,,https://www.eventbrite.com/e/3-day-battlefield-tour-arnhem-oosterbeek-crossroads-nijmegengroesbeek-tickets-1974707084046,Markt
INNOVATE AI MEETUP 2026 - XL EDITION,INNOVATE,2026-04-07,,https://www.eventbrite.nl/e/tickets-innovate-ai-meetup-2026-xl-edition-1981929859562,Markt
Netwerk Event Reizen naar het Midden-Oosten (Oman en de VAE),Businessclub De Reisprof,2026-06-10,,https://www.eventbrite.nl/e/netwerk-event-reizen-naar-het-midden-oosten-oman-en-de-vae-tickets-1465624806249,Markt
Collage Workshop Past-Present-Future,Cassandra van Tuijn Art,2026-05-17,,https://www.eventbrite.nl/e/collage-workshop-past-present-future-tickets-1984322060700,Markt
Onzekere wethouders en stuurloze professionals? Tussen vrijheid en controle,Vereniging voor Bestuurskunde,2026-04-09,,https://www.eventbrite.nl/e/onzekere-wethouders-en-stuurloze-professionals-tussen-vrijheid-en-controle-tickets-1977027340997,Markt
Workshop: Weet wat je waard bent!,Stichting Cultuur Verbindt Roosendaal,2026-04-16,,https://www.eventbrite.nl/e/workshop-weet-wat-je-waard-bent-tickets-1985376574780,Markt
MSP Mentor & Friends - Optimaliseer jouw MSP,MSP Mentor,2026-04-22,,https://www.eventbrite.nl/e/tickets-msp-mentor-friends-optimaliseer-jouw-msp-1981412905338,Markt
Comedy Onder de Toren - Café Vrienden van Vroeger,Bartholdy Comedy,2026-04-09,,https://www.eventbrite.com/e/comedy-onder-de-toren-cafe-vrienden-van-vroeger-tickets-1984687089511,Markt
OPSN Walstroom Festival,Serge Vavier,2026-05-21,,https://www.eventbrite.nl/e/registratie-opsn-walstroom-festival-1979851552289,Markt
BusinessClass Nieuwe verdienmodellen,HAN Centrum voor Ondernemerschap,2026-03-25,,https://www.eventbrite.nl/e/tickets-businessclass-nieuwe-verdienmodellen-1980939770178,Markt
Haarlem Culinair: Business Bites Borrel,BeterBusiness,2026-08-07,,https://www.eventbrite.nl/e/haarlem-culinair-business-bites-borrel-tickets-1975995670242,Markt
OneGov AI Hackathon Series - Editie #2,GovTech NL,2026-06-04,,https://www.eventbrite.nl/e/tickets-onegov-ai-hackathon-series-editie-2-1982765124863,Markt
Gezondheidsmarkt Gouda,Vork Communicatie,2026-04-04,,https://www.eventbrite.nl/e/gezondheidsmarkt-gouda-tickets-1982429872113,Markt
Missions Festival 2026,YWAM Heidebeek,2026-05-14,,https://www.eventbrite.nl/e/tickets-missions-festival-2026-1977485714003,Markt
De Nationale ThuisBatterijen Roadshow — Tynaarlo,Green Involvement,2026-03-26,,https://www.eventbrite.nl/e/tickets-de-nationale-thuisbatterijen-roadshow-tynaarlo-1915754696869,Markt
Toetsen met Schoolwerk- Middelburg,Amac Onderwijs,2026-05-13,,https://www.eventbrite.nl/e/tickets-toetsen-met-schoolwerk-middelburg-1981995345432,Markt
Bedrijfsbezoek Henk Pen,VNO-NCW Midden,2026-03-26,,https://www.eventbrite.nl/e/bedrijfsbezoek-henk-pen-tickets-1981691905836,Markt
De Nationale ThuisBatterijen Roadshow — Alkmaar,Sunconnect,2026-03-26,,https://www.eventbrite.nl/e/tickets-de-nationale-thuisbatterijen-roadshow-alkmaar-1924376825889,Markt
Board game evening | Welcome to Sittard-Geleen,Buddy System Sittard-Geleen,2026-04-28,,https://www.eventbrite.nl/e/board-game-evening-welcome-to-sittard-geleen-tickets-1974764214926,Markt
Netwerk Coffee Meet Up,Lifestyle Business Club,2026-03-26,,https://www.eventbrite.nl/e/netwerk-coffee-meet-up-tickets-1984960523359,Markt
Wouw's Got Talent!,Oranjecomité Wouw,2026-04-25,,https://www.eventbrite.nl/e/wouws-got-talent-tickets-1984611596710,Markt
TikTok for Brands,10XCREW Agency,2026-06-03,,https://www.eventbrite.nl/e/tiktok-for-brands-registration-1984474486610,Markt
De Nationale ThuisBatterijen Roadshow — Denekamp,Schulte Energie & Techniek,2026-04-02,,https://www.eventbrite.nl/e/tickets-de-nationale-thuisbatterijen-roadshow-denekamp-1983880984429,Markt
De Nationale ThuisBatterijen Roadshow — Scherpenzeel,MVE Elektrotechniek,2026-04-29,,https://www.eventbrite.nl/e/tickets-de-nationale-thuisbatterijen-roadshow-scherpenzeel-1980713427180,Markt
De Nationale ThuisBatterijen Roadshow — Schimmert,New Energy Systems,2026-04-08,,https://www.eventbrite.nl/e/tickets-de-nationale-thuisbatterijen-roadshow-schimmert-1983882723631,Markt
Vintage & Designer Pop Up Haarlem (RSVP verplicht),Tramp The Label,2026-04-18,,https://www.eventbrite.com/e/tickets-vintage-designer-pop-up-haarlem-rsvp-verplicht-1985282810328,Markt
Borderline Banter – Pop-Up English Comedy Night in Maastricht!,Borderline Banter,2026-03-29,,https://www.eventbrite.nl/e/borderline-banter-pop-up-english-comedy-night-in-maastricht-tickets-1984179751048,Markt
Vrijheidscollege Laila Frank,Vrijheidscolleges,2026-04-08,,https://www.eventbrite.nl/e/vrijheidscollege-laila-frank-tickets-1985578262032,Markt
Kunstmarkt Noord @ NDSM Theater,Lisa van Oosten en Lana van Beelen,2026-03-28,,https://www.eventbrite.com/e/tickets-kunstmarkt-noord-ndsm-theater-1985512037954,Markt
Waterconferentie 2026,Watergilde Gouda,2026-11-19,,https://www.eventbrite.nl/e/tickets-waterconferentie-2026-1963469802033,Markt
MAAKAVOND 26 MAART,Jong Belegen,2026-03-26,,https://www.eventbrite.com/e/maakavond-26-maart-tickets-1984754776966,Markt
Textieldruk Pro Event 2026,Transferpersshop.nl,2026-06-04,,https://www.eventbrite.nl/e/tickets-textieldruk-pro-event-2026-1985790221007,Markt
Masterclass: Feedback van Investeerders in Groene Chemie en Circulariteit,Business Angels Connect,2026-04-16,,https://www.eventbrite.nl/e/tickets-masterclass-feedback-van-investeerders-in-groene-chemie-en-circulariteit-1985045755290,Markt
Matchmaking Event 2026 - De Rotterdamse Uitdaging,Rotterdamse Uitdaging,2026-05-27,,https://www.eventbrite.nl/e/tickets-matchmaking-event-2026-de-rotterdamse-uitdaging-1984613278741,Markt
De Nationale ThuisBatterijen Roadshow — Wijk Bij Duurstede,Volt4U,2026-04-15,,https://www.eventbrite.nl/e/tickets-de-nationale-thuisbatterijen-roadshow-wijk-bij-duurstede-1985064124232,Markt
De Nationale ThuisBatterijen Roadshow — Valkenswaard,PureSolar,2026-04-14,,https://www.eventbrite.nl/e/tickets-de-nationale-thuisbatterijen-roadshow-valkenswaard-1984782245124,Markt
"CONCERT: Santa Monica High School Choir (from California, USA)",Witte Travel  & Tours,2026-04-06,,https://www.eventbrite.com/e/concert-santa-monica-high-school-choir-from-california-usa-tickets-1985281199510,Markt
Mooi Achterhoek x Kenniscafé: Damaris Matthijsen van Economy Transformers,Koppelkerk - vrijplaats voor kunst & cultuur,2026-04-03,,https://www.eventbrite.nl/e/tickets-mooi-achterhoek-x-kenniscafe-damaris-matthijsen-van-economy-transformers-1984627799172,Markt
National Sketch Day Gouda- 18 april 2026 - USk NL,Urban Sketchers Nederland,2026-04-18,,https://www.eventbrite.nl/e/registratie-national-sketch-day-gouda-18-april-2026-usk-nl-1984866336644,Markt
AoT April,Astronomy On Tap,2026-04-20,,https://www.eventbrite.com/e/aot-april-tickets-1985428116944,Markt
-1 Séances #1: Desire&Technology Reading Group,Nieuwe Instituut,2026-04-09,,https://www.eventbrite.nl/e/-1-seances-1-desiretechnology-reading-group-tickets-1985124192899,Markt
119th Global Conference on International Business and Marketing (GCIBM),Global Conference Alliance Inc.,2026-07-14,,https://www.eventbrite.ca/e/119th-global-conference-on-international-business-and-marketing-gcibm-tickets-1981090959389,Market
Asian Market 3.0,K4PROJECTS,2026-03-28,,https://www.eventbrite.com/e/asian-market-30-tickets-1780268032609,Market
"International Business Conference, Amsterdam, Netherlands 2026",BGM Ministries Ltd,2026-05-19,,https://www.eventbrite.co.uk/e/international-business-conference-amsterdam-netherlands-2026-tickets-1972902242717,Market
"The Apex Global Franchise Expo in Amsterdam, Netherlands",Apex Events,2026-06-11,,https://www.eventbrite.com/e/tickets-the-apex-global-franchise-expo-in-amsterdam-netherlands-1977301271330,Market
Filmklassieker! A  BRIDGE TOO FAR. Slag om Arnhem. Aanvang 19:00!,Culturele commissie,2026-04-10,,https://www.eventbrite.nl/e/tickets-filmklassieker-a-bridge-too-far-slag-om-arnhem-aanvang-1900-1982615692908,Market
Lente Polyfonie: Easter Concert,Makivka,2026-04-06,,https://www.eventbrite.nl/e/lente-polyfonie-easter-concert-tickets-1984405894449,Market
15th European Electricity Price Forecasting and Modelling 2026,Prospero Events Group,2026-05-28,,https://www.eventbrite.co.uk/e/15th-european-electricity-price-forecasting-and-modelling-2026-tickets-1977587666947,Market
Private Executive Dinner Europe by London Business Network–16 Jun 2026,London Business Network,2026-06-16,,https://www.eventbrite.co.uk/e/private-executive-dinner-europe-by-london-business-network16-jun-2026-tickets-1983418073851,Market
Master AI Entrepreneurship - From A to Z Masterclass,Blueqix,2026-03-25,,https://www.eventbrite.com/e/master-ai-entrepreneurship-from-a-to-z-masterclass-tickets-1981491070131,Market
Geluid Muziek Festival,Amsterdam Music Tour,2026-03-27,,https://www.eventbrite.nl/e/tickets-geluid-muziek-festival-1982361766407,Market
2nd Annual Biogas & Biomethane World Summit,Leadvent,2026-05-27,,https://www.eventbrite.co.uk/e/2nd-annual-biogas-biomethane-world-summit-tickets-1801945971909,Market
Beyond the Vibecoding - From Idea to product in one day,Weird Wentures,2026-05-02,,https://www.eventbrite.de/e/beyond-the-vibecoding-from-idea-to-product-in-one-day-tickets-1983534790955,Market
ACT Corporate Net Zero Action Forum,ACT Group,2026-04-23,,https://www.eventbrite.nl/e/act-corporate-net-zero-action-forum-registration-1405518857739,Market
AI Implementation in Business | Amsterdam,Rapid Skill Up,2026-03-26,,https://www.eventbrite.com.au/e/ai-implementation-in-business-amsterdam-tickets-1024551550267,Market
Sales Sessions NL / 02 April 2026,Sales Sessions NL,2026-04-02,,https://www.eventbrite.nl/e/sales-sessions-nl-02-april-2026-tickets-1979867684541,Market
European New Power Summit 2026  - 30% early bird tickets now available,Arnhem Electricity Week,2026-05-21,,https://www.eventbrite.nl/e/european-new-power-summit-2026-30-early-bird-tickets-now-available-tickets-1383578272859,Market
Connecting NL to Global Demand,Fiber Carrier Association,2026-04-09,,https://www.eventbrite.nl/e/connecting-nl-to-global-demand-tickets-1985383977923,Market
Certified Training | Professional Scrum Product Owner - Advanced (PSPO-A),AgileVisor B.V.,2026-04-01,,https://www.eventbrite.nl/e/certified-training-professional-scrum-product-owner-advanced-pspo-a-tickets-1977169333701,Market
Marketing Sessions NL / 16 April 2026,Marketing Sessions NL,2026-04-16,,https://www.eventbrite.nl/e/marketing-sessions-nl-16-april-2026-tickets-1979868463872,Market
"Master the Art of Buying, Selling & Scaling Startups Successfully!",Quantumgine,2026-03-24,,https://www.eventbrite.com/e/master-the-art-of-buying-selling-scaling-startups-successfully-tickets-1977176925408,Market
"Startup Mentorship Program — Build, Fund & Scale",Lakshman Singh,2026-04-08,,https://www.eventbrite.com/e/startup-mentorship-program-build-fund-scale-tickets-1983973365744,Market
TAtech Europe 2026,TAtech,2026-09-08,,https://www.eventbrite.com/e/tatech-europe-2026-tickets-1982450060497,Market
OPEN DAY - LEARN A LANGUAGE WITH US!,TAALHUIS AMSTERDAM,2026-03-28,,https://www.eventbrite.nl/e/open-day-learn-a-language-with-us-tickets-1982278600656,Market
Resale is coming… Ready or not?,The Fashion People,2026-03-25,,https://www.eventbrite.com/e/resale-is-coming-ready-or-not-tickets-1983448970263,Market
AI4ALL Rotterdam Meetup Resilient by Design: Cruising Through Every Stage,AI 4 ALL,2026-05-20,,https://www.eventbrite.nl/e/ai4all-rotterdam-meetup-resilient-by-design-cruising-through-every-stage-tickets-1985578506764,Market
Lexpo'26,Asfour,2026-06-08,,https://www.eventbrite.nl/e/lexpo26-tickets-1671425281009,Market
International Product Owner Day 2026,Rabobank,2026-05-11,,https://www.eventbrite.nl/e/international-product-owner-day-2026-tickets-1981846869336,Market
"DigiMarCon Europe 2026 - Digital Marketing, Media & Advertising Conference",DigiMarCon - Digital Marketing Conferences,2026-09-17,,https://www.eventbrite.com/e/digimarcon-europe-2026-digital-marketing-media-advertising-conference-registration-997385064577,Market
Spatial Computing in Industrial Manufacturing,High Tech Campus Eindhoven,2026-04-16,,https://www.eventbrite.nl/e/spatial-computing-in-industrial-manufacturing-tickets-1983244753445,Market
Harness the Power of AI in GxP - Europe,Knowledge Exchange Network,2026-11-19,,https://www.eventbrite.com/e/harness-the-power-of-ai-in-gxp-europe-tickets-1978448399421,Market
De Tuinen Van - YARD SALE,De Tuinen Van,2026-04-04,,https://www.eventbrite.nl/e/de-tuinen-van-yard-sale-tickets-1752962230219,Market
HealthX - Amsterdam (Healthcare Careers) - Employer Ticket - 5/9,HealthX,2026-05-09,,https://www.eventbrite.com/e/healthx-amsterdam-healthcare-careers-employer-ticket-59-tickets-1980232935015,Market
Collectors Network - Rotterdam '26,Collectors-Network Rotterdam,2026-10-10,,https://www.eventbrite.nl/e/collectors-network-rotterdam-26-tickets-1984988716686,Market
Harvest 043: Artist & Designers. Meet The Makers,The Social Hub - Maastricht,2026-03-28,,https://www.eventbrite.co.uk/e/harvest-043-artist-designers-meet-the-makers-tickets-1985675804785,Market
Term Life Insurance - All you need to know about protecting your loved ones,Expat Mortgages,2026-04-09,,https://www.eventbrite.nl/e/term-life-insurance-all-you-need-to-know-about-protecting-your-loved-ones-tickets-1985709061256,Market
Traders Blueprint community event,Traders Blueprint,2026-03-28,,https://www.eventbrite.com/e/tickets-traders-blueprint-community-event-1984137920933,Market
How to Increase the Value of Your Property in the Netherlands,Pure flow studio,2026-03-28,,https://www.eventbrite.nl/e/how-to-increase-the-value-of-your-property-in-the-netherlands-tickets-1984931997036,Market
International Conference on Economics and Business Management (ICEBM),"International Academy of Science, Technology, Engineering and Management",2026-08-10,,https://www.eventbrite.com/e/international-conference-on-economics-and-business-management-icebm-tickets-1982668161844,Market
FLAVORS ACROSS OCEANS: Recipes & Stories from the Indonesian Diaspora,Pat Tanumihardja,2026-03-31,,https://www.eventbrite.com/e/flavors-across-oceans-recipes-stories-from-the-indonesian-diaspora-tickets-1985338575122,Market
Money20/20 Europe 2026 Delegation,Copenhagen Fintech,2026-06-02,,https://www.eventbrite.dk/e/money2020-europe-2026-delegation-tickets-1981932594743,Market
Business Opportunity Meeting Rotterdam,Tawfeeq,2026-03-24,,https://www.eventbrite.nl/e/business-opportunity-meeting-rotterdam-tickets-1985511508370,Market
Proefdiervrij Event 2026: Order out of Chaos,Stichting Proefdiervrij,2026-04-24,,https://www.eventbrite.nl/e/proefdiervrij-event-2026-order-out-of-chaos-tickets-1984545811946,Market
Cloud Communications European Summit,Cloud Communications Alliance,2026-06-03,,https://www.eventbrite.com/e/cloud-communications-european-summit-registration-1983481561745,Market
Cruise 2 Dam 2026,Dem Boyz Ent,2026-11-14,,https://www.eventbrite.co.uk/e/cruise-2-dam-2026-tickets-1981518854234,Market
The Global  EPC  Project Management Forum Amsterdam Netherland 25-26-27 Nov,Oilpro,2026-11-25,,https://www.eventbrite.com/e/the-global-epc-project-management-forum-amsterdam-netherland-25-26-27-nov-tickets-1976565037234,Market
Nail Your Dutch Interview,Empowerment Foundation,2026-03-24,,https://www.eventbrite.com/e/nail-your-dutch-interview-tickets-1984456045452,Market
