Name,Instagram URL,Snippet,Keyword,Source
"Micks@home • thuiskok on Instagram: ""Als verrassing wegens een ...",https://www.instagram.com/micksathome,"28 likes, 2 comments - micksathome on January 27, 2022: ""Als verrassing wegens een verjaardag ben ik 1,5 week geleden ingehuurd bij een gezellig stel in Amsterdam. Ze wilden graag een veganistisch 3-gangen menu eten. Als voorgerecht begonnen ze met een 'steak' tartare van tomaat.",thuiskok,DuckDuckGo
"TOKO MAY | AMSTERDAM on Instagram: ""Vandaag maar eens aan de bami ...",https://www.instagram.com/tokomayamsterdam,"148 Likes, 12 Comments - TOKO MAY | AMSTERDAM 🍴 (@tokomayamsterdam) on Instagram: ""Vandaag maar eens aan de bami hier thuis! 🍜 . #thuiskok #weekmenu #bami #javaansebami #bamigoreng…""",thuiskok,DuckDuckGo
"Godenspijs luxury catering, events and private dining - Instagram",https://www.instagram.com/godenspijsamsterdam,"28 likes, 1 comments - godenspijsamsterdam on October 31, 2022: ""Bief en capes #privatechef #privatejets #privateship #privechef #thuiskok #amsterdam #culinair #finedining #21diner #bbq #wagyu #godenspijs #"".",thuiskok,DuckDuckGo
"Willem van Gelder | Thuiskok on Instagram: ""Souvenir/ kunst uit ...",https://www.instagram.com/willemvangelder,"12 likes, 0 comments - Willem van Gelder | Thuiskok (@willemvangelder) on Instagram: ""Souvenir/ kunst uit Amsterdam van streetart kunstenaar @beazarility. Hester heeft er dit op bedac...""",thuiskok,DuckDuckGo
"Becky Angel... Kok on Instagram: ""U kunt nog bestellen via Whatsapp op ...",https://www.instagram.com/lovebeckyslife,"1 likes, 0 comments - lovebeckyslife on October 9, 2022: ""U kunt nog bestellen via Whatsapp op nummer 06-85633977 #thuiskok #hachee #hobbykok #vondelpark #amsterdam"".",thuiskok,DuckDuckGo
Restaurant Floreyn | Packing day one: ... - Instagram,https://www.instagram.com/reel/CJLdxFdFGGK,"36 likes, 0 comments - restaurantfloreyn on December 24, 2020: ""Packing day one: Overal . . . . #kerst2020 #togo #amsterdam #depijp #finedining #thuiskok #thuiskoken #takeaway #supportyourlocal #DIT #staysafe #thuisuiteten #foiegras #gaultetmillau #gaultmillaunederland #vegetarisch #pescatarian #kerst #kerstvierjethuis"".",thuiskok,DuckDuckGo
Chef4you.net,https://www.instagram.com/chef4you2026,"127 Followers, 207 Following, 3 Posts - Chef4you.net (@chef4you2026) on Instagram: ""Private Chef | Amsterdam Custom menus for every occasion www.chef4you.net Taste on request""",private chef,DuckDuckGo
Pau Fortuny,https://www.instagram.com/chef.pau.amsterdam,"30 Followers, 2 Following, 12 Posts - Pau Fortuny (@chef.pau.amsterdam) on Instagram: ""🇪🇸 Spanish Private Chef in Amsterdam 🥘 Authentic Paella & Rice Specialist 🍷 Private Dining Experiences 📩 Bookings via DM""",private chef,DuckDuckGo
Adrienne Eisma,https://www.instagram.com/chef.adrienne,"1,758 Followers, 491 Following, 762 Posts - Adrienne Eisma (@chef.adrienne) on Instagram: ""Private dining Amsterdam Private chef in - St. Barth Bermuda - Laguna Beach - Aspen - Cordevalle SF - Potsdam""",private chef,DuckDuckGo
Unknown,https://www.instagram.com/reel/CbCakleImpu,"19 likes, 4 comments - chefliviumoroiu on March 13, 2022: ""Another great evening in Amsterdam cooking for a lovely couple ! 🙏 ️ @chefstbl @time.for.a.cake Sometimes, the best place for the perfect lunch or dinner is your own location. The right ambiance in a trusted environment with your personal touch. My Private Chef service provides you with a professional culinary experience at your ...",private chef,DuckDuckGo
Chef Youssef Amsterdam - Instagram,https://www.instagram.com/popular/chef-youssef-amsterdam,"This isn't your typical omakase. Think cozy, casual, with your own personal chef at your table preparing every dish in front of you. Add a sake tasting (starting with bubbles!) and you've got a night that's both intimate and unforgettable. 📍De Pijp, Amsterdam Lida €59 pp for 16 courses | Sake tasting optional @omakaseamsterdam #amsterdamfood #amsterdamrestaurants #omakase #depijp # ...",personal chef,DuckDuckGo
Penny Lanes Omakase Date,https://www.instagram.com/popular/penny-lanes-omakase-date,"This isn't your typical omakase. Think cozy, casual, with your own personal chef at your table preparing every dish in front of you. Add a sake tasting (starting with bubbles!) and you've got a night that's both intimate and unforgettable. 📍De Pijp, Amsterdam Lida €59 pp for 16 courses | Sake tasting optional @omakaseamsterdam #amsterdamfood #amsterdamrestaurants #omakase #depijp # ...",personal chef,DuckDuckGo
Instagram,https://www.bing.com/images/search,"Instagram https://www.instagram.com › rainaamsterdam Raina (@rainaamsterdam) • Instagram photos and videos 20K Followers, 25 Following, 23 Posts - Raina (@rainaamsterdam) on Instagram: ""Experience the authentic flavors of India in Amsterdam, curated with Raina's …",Indian thuiskok,Bing
