Business Name,State,City,Phone,Website,Email,Google Reviews,Google Maps URL,Status
Revolution Air,TX,Houston,+1 713-213-4966,http://www.revairtx.com/,service@revairtx.com,124,https://www.google.com/maps/place/Revolution+Air/data=!4m7!3m6!1s0x8640c710f8f97a2b:0x4b54a69645e2ec28!8m2!3d29.8021813!4d-95.4233225!16s%2Fg%2F11dy1gvh3n!19sChIJK3r5-BDHQIYRKOziRZamVEs?authuser=0&hl=en&rclk=1,Single Location
"Heights A/C & Heating, LLC.",TX,Houston,+1 832-729-0017,http://www.heightsacandheating.com/,info@mysite.com,70,"https://www.google.com/maps/place/Heights+A%2FC+%26+Heating,+LLC./data=!4m7!3m6!1s0x8640c77cbef22343:0x549a650b025e554e!8m2!3d29.8339515!4d-95.4346126!16s%2Fg%2F11cs4gk9zn!19sChIJQyPyvnzHQIYRTlVeAgtlmlQ?authuser=0&hl=en&rclk=1",Single Location
Ace Comfort Air Conditioning & Heating,TX,Houston,+1 281-658-5141,http://www.acecomfort-tx.com/,service@acecomfort-tx.com,215,https://www.google.com/maps/place/Ace+Comfort+Air+Conditioning+%26+Heating/data=!4m7!3m6!1s0x4f92696cded9f175:0xc9ae35805f8c328f!8m2!3d29.8096381!4d-95.3636446!16s%2Fg%2F11tdgh2z3f!19sChIJdfHZ3mxpkk8RjzKMX4A1rsk?authuser=0&hl=en&rclk=1,Single Location
"Bayou City Aire, LLC",TX,Houston,+1 713-568-9437,http://www.bayoucityac.com/,info@bayoucityac.com,75,"https://www.google.com/maps/place/Bayou+City+Aire,+LLC/data=!4m7!3m6!1s0x8640b8eba3caf80b:0x66c0161a66f9841!8m2!3d29.8147425!4d-95.3838166!16s%2Fg%2F1thp8cb7!19sChIJC_jKo-u4QIYRQZhvpmEBbAY?authuser=0&hl=en&rclk=1",Single Location
Baker-Jones Co. Inc,TX,Houston,+1 713-529-3418,http://baker-jones.com/,info@mysite.com,245,https://www.google.com/maps/place/Baker-Jones+Co.+Inc/data=!4m7!3m6!1s0x8640bf7112955d49:0x830db26f493f4f25!8m2!3d29.6973266!4d-95.3569617!16s%2Fg%2F1v8y4dml!19sChIJSV2VEnG_QIYRJU8_SW-yDYM?authuser=0&hl=en&rclk=1,Single Location
Houston HVAC,TX,Houston,+1 346-772-7120,http://www.callhoustonhvac.com/,%20ronhvac@protonmail.com,40,https://www.google.com/maps/place/Houston+HVAC/data=!4m7!3m6!1s0x2594b6871e12ac3d:0xef70c84108303f7e!8m2!3d29.7220723!4d-95.2906253!16s%2Fg%2F11sjh1ph0v!19sChIJPawSHoe2lCURfj8wCEHIcO8?authuser=0&hl=en&rclk=1,Single Location
75 Degree AC- Houston,TX,Houston,+1 713-598-2737,https://75degreeac.com/?utm_source=google-gbp&utm_medium=organic&utm_campaign=75degreeac-houston,info@75degreeac.com,258,https://www.google.com/maps/place/75+Degree+AC-+Houston/data=!4m7!3m6!1s0x8640c668d5afffff:0xd5c7e9b53695698c!8m2!3d29.8199977!4d-95.4604187!16s%2Fg%2F11sh5x8lcj!19sChIJ__-v1WjGQIYRjGmVNrXpx9U?authuser=0&hl=en&rclk=1,Single Location
Luke's Plumbing & Air Conditioning,TX,Houston,+1 713-701-7245,https://calllukes.com/?utm_source=google&utm_medium=gbp,info@calllukes.com,322,https://www.google.com/maps/place/Luke%27s+Plumbing+%26+Air+Conditioning/data=!4m7!3m6!1s0x8640c5e03374b243:0x1c18f669c9148b2!8m2!3d29.8189452!4d-95.4409482!16s%2Fg%2F1thnp4nw!19sChIJQ7J0M-DFQIYRskiRnGaPwQE?authuser=0&hl=en&rclk=1,Single Location
Airflow AC & Heating,TX,Houston,+1 713-930-3065,https://www.airflow247.com/,airflowair247@gmail.com,57,https://www.google.com/maps/place/Airflow+AC+%26+Heating/data=!4m7!3m6!1s0x8640c68cbe9814bf:0x6631c3c2092a5fe3!8m2!3d29.8415815!4d-95.4394141!16s%2Fg%2F12lk6qgj6!19sChIJvxSYvozGQIYR418qCcLDMWY?authuser=0&hl=en&rclk=1,Single Location
Cool Master Air-conditioning & Heating LLC,TX,Houston,+1 281-868-8824,https://cool-master.us/,info@cool-master.us,112,https://www.google.com/maps/place/Cool+Master+Air-conditioning+%26+Heating+LLC/data=!4m7!3m6!1s0x8640c954b3a18045:0x84e73022ddeb6864!8m2!3d29.8650101!4d-95.4946622!16s%2Fg%2F11l5tpxkzv!19sChIJRYChs1TJQIYRZGjr3SIw54Q?authuser=0&hl=en&rclk=1,Single Location
Premier Air Conditioning & Heating,TX,Houston,+1 713-682-0888,http://www.premieracandheat.com/,premierac@sbcglobal.net,64,https://www.google.com/maps/place/Premier+Air+Conditioning+%26+Heating/data=!4m7!3m6!1s0x8640c6553d92be07:0xe5144b423984e927!8m2!3d29.8180316!4d-95.4371709!16s%2Fg%2F1vf9crmk!19sChIJB76SPVXGQIYRJ-mEOUJLFOU?authuser=0&hl=en&rclk=1,Single Location
Texas Heating & Air Solutions LLC,TX,Houston,+1 346-201-8166,http://texasheatingandairsolutionsllc.com/,webrequests@texasheatingandairsolutionsllc.com,57,https://www.google.com/maps/place/Texas+Heating+%26+Air+Solutions+LLC/data=!4m7!3m6!1s0x6682b9ace11fc639:0x2c1c8ef70eba0f0a!8m2!3d29.9277164!4d-95.5588633!16s%2Fg%2F11r_d900fg!19sChIJOcYf4ay5gmYRCg-6DveOHCw?authuser=0&hl=en&rclk=1,Single Location
Above and Beyond A/C and Heat,TX,San Antonio,+1 210-794-9895,https://www.sanantonioheatingcooling.com/,info@abovebeyondair.com,176,https://www.google.com/maps/place/Above+and+Beyond+A%2FC+and+Heat/data=!4m7!3m6!1s0xab821da85ba281e7:0x8b9a331027b8b3b4!8m2!3d29.591917!4d-98.470716!16s%2Fg%2F11rgbyngyq!19sChIJ54GiW6gdgqsRtLO4JxAzmos?authuser=0&hl=en&rclk=1,Single Location
Air Dynamics Mechanical,TX,San Antonio,+1 210-852-3535,http://www.airdynamicsmech.com/,office@airdynamicsmech.com,229,https://www.google.com/maps/place/Air+Dynamics+Mechanical/data=!4m7!3m6!1s0x865c8a8d4a9a0651:0x84e18db81498a18f!8m2!3d29.5272225!4d-98.4580614!16s%2Fg%2F11c2nsy1rg!19sChIJUQaaSo2KXIYRj6GYFLiN4YQ?authuser=0&hl=en&rclk=1,Single Location
All About Air Conditioning & Heating LLC,TX,San Antonio,+1 210-274-1088,https://allaboutacandheating.com/,samantha@allaboutacandheating.com,329,https://www.google.com/maps/place/All+About+Air+Conditioning+%26+Heating+LLC/data=!4m7!3m6!1s0x865c5f18fca31e57:0xc09b1c3445754333!8m2!3d29.4476612!4d-98.529949!16s%2Fg%2F11pcr31k45!19sChIJVx6j_BhfXIYRM0N1RTQcm8A?authuser=0&hl=en&rclk=1,Single Location
Waymaker A/C and Heating,TX,San Antonio,+1 210-550-8308,https://waymakerac.com/,info@waymakerac.com,92,https://www.google.com/maps/place/Waymaker+A%2FC+and+Heating/data=!4m7!3m6!1s0x837a75b07e0d7599:0x5576341e872bf072!8m2!3d29.583948!4d-98.3084406!16s%2Fg%2F11ycjstq3x!19sChIJmXUNfrB1eoMRcvArhx40dlU?authuser=0&hl=en&rclk=1,Single Location
Clean Air Heating & Air Conditioning,TX,San Antonio,+1 210-370-7333,https://www.cleanairac.com/,support@cleanairac.com,56,https://www.google.com/maps/place/Clean+Air+Heating+%26+Air+Conditioning/data=!4m7!3m6!1s0x865c8a4aed66809f:0xe210d30cbf4f37d0!8m2!3d29.445137!4d-98.493747!16s%2Fg%2F1264lv8tt!19sChIJn4Bm7UqKXIYR0DdPvwzTEOI?authuser=0&hl=en&rclk=1,Single Location
Gillette AC Co.,TX,San Antonio,+1 210-735-9235,https://gillette-ac.com/,gillette@gillette-ac.com,38,https://www.google.com/maps/place/Gillette+AC+Co./data=!4m7!3m6!1s0x865c5f09d829e453:0x5cd8d67eb20cd9e7!8m2!3d29.4688944!4d-98.5139354!16s%2Fg%2F1trvlv_m!19sChIJU-Qp2AlfXIYR59kMsn7W2Fw?authuser=0&hl=en&rclk=1,Single Location
"Jade Air, LLC",TX,Dallas,+1 214-923-7904,http://jadeair.net/,gilbert@jadeair.net,160,"https://www.google.com/maps/place/Jade+Air,+LLC/data=!4m7!3m6!1s0x864e9eb260468d63:0x4f5c708ce6a7239e!8m2!3d32.8060326!4d-96.8231834!16s%2Fg%2F1tnct9j6!19sChIJY41GYLKeToYRniOn5oxwXE8?authuser=0&hl=en&rclk=1",Single Location
Metro Air Conditioning Heating & Services,TX,Dallas,+1 214-304-7658,https://www.metroacs.com/,info@metroacs.com,385,https://www.google.com/maps/place/Metro+Air+Conditioning+Heating+%26+Services/data=!4m7!3m6!1s0x864e99e35d32d35b:0xbcd618064b160cf2!8m2!3d32.7201503!4d-96.8240343!16s%2Fg%2F1tf2y66m!19sChIJW9MyXeOZToYR8gwWSwYY1rw?authuser=0&hl=en&rclk=1,Single Location
Dallas Heating and Air Conditioning,TX,Dallas,+1 972-423-0012,http://www.dallasheatingac.com/,service@dallasheatingac.com,227,https://www.google.com/maps/place/Dallas+Heating+and+Air+Conditioning/data=!4m7!3m6!1s0x864c21ef5655b577:0x63a4a927593817cf!8m2!3d32.9483505!4d-96.82413!16s%2Fg%2F11lgsmlmw1!19sChIJd7VVVu8hTIYRzxc4WSeppGM?authuser=0&hl=en&rclk=1,Single Location
Cozy - D Heating & A/C LLC,TX,Dallas,+1 972-291-8002,http://www.cozydair.com/,info@yourcompany.com,498,https://www.google.com/maps/place/Cozy+-+D+Heating+%26+A%2FC+LLC/data=!4m7!3m6!1s0x864e8e0eba296d35:0x8e571cf0bae48614!8m2!3d32.6705078!4d-96.8235617!16s%2Fg%2F1wd3wg6x!19sChIJNW0pug6OToYRFIbkuvAcV44?authuser=0&hl=en&rclk=1,Single Location
Sala Air Conditioning,TX,Dallas,+1 214-742-7252,https://salaair.com/,sales@salaair.com,169,https://www.google.com/maps/place/Sala+Air+Conditioning/data=!4m7!3m6!1s0x864e9bd9688d4c6f:0xaf27fe7b88885b48!8m2!3d32.6853134!4d-96.8946788!16s%2Fg%2F1tcts22s!19sChIJb0yNaNmbToYRSFuIiHv-J68?authuser=0&hl=en&rclk=1,Single Location
Berry Best Cooling & Heating,TX,Dallas,+1 972-928-9482,https://www.callberrybest.com/,comfort@berrybestservices.com,116,https://www.google.com/maps/place/Berry+Best+Cooling+%26+Heating/data=!4m7!3m6!1s0xa41fa2f839fb8c69:0x69a97b7f03aa06a7!8m2!3d32.7867085!4d-96.7779356!16s%2Fg%2F11srhj80tg!19sChIJaYz7OfiiH6QRpwaqA397qWk?authuser=0&hl=en&rclk=1,Single Location
Proactive Air Conditioning,TX,Dallas,+1 469-921-1136,https://proactiveairconditioning.com/,info@proactiveairconditioning.com,100,https://www.google.com/maps/place/Proactive+Air+Conditioning/data=!4m7!3m6!1s0x864e9f774dd3d52f:0xed5e912e51ae568a!8m2!3d32.840028!4d-96.7747586!16s%2Fg%2F11vhgdkw39!19sChIJL9XTTXefToYRilauUS6RXu0?authuser=0&hl=en&rclk=1,Single Location
Delta Air Conditioning,TX,Dallas,+1 214-206-8800,https://www.deltaairpro.com/,setx@deltaairpro.com,21,https://www.google.com/maps/place/Delta+Air+Conditioning/data=!4m7!3m6!1s0x470bb7579ba44301:0x213699d17b102fa3!8m2!3d32.818504!4d-96.7320961!16s%2Fg%2F11nj940whm!19sChIJAUOkm1e3C0cRoy8Qe9GZNiE?authuser=0&hl=en&rclk=1,Single Location
Wheelhouse Air & Heat,TX,Dallas,+1 214-330-5500,http://callwheelhouse.com/,callwheelhouse@gmail.com,52,https://www.google.com/maps/place/Wheelhouse+Air+%26+Heat/data=!4m7!3m6!1s0x65f810ff9d504e5f:0x1e6ddbb67ae931b1!8m2!3d31.4298044!4d-97.4445716!16s%2Fg%2F11z7jrr6cm!19sChIJX05Qnf8Q-GURsTHperbbbR4?authuser=0&hl=en&rclk=1,Single Location
Stork's Heating and Air,TX,Dallas,+1 972-299-3444,https://storkheatingandair.com/,info@storkheatingandair.com,44,https://www.google.com/maps/place/Stork%27s+Heating+and+Air/data=!4m7!3m6!1s0x864ea1095fc0ba49:0x8eadec0291505d0!8m2!3d32.896095!4d-96.703658!16s%2Fg%2F11nj1hl15w!19sChIJSbrAXwmhToYR0AUVKcDe6gg?authuser=0&hl=en&rclk=1,Single Location
Alpine Heating & Air Conditioning,TX,Austin,+1 512-759-4247,https://www.austinalpine.com/,info@austinalpine.com,60,https://www.google.com/maps/place/Alpine+Heating+%26+Air+Conditioning/data=!4m7!3m6!1s0x8644cb9622becf43:0xdb75f99757ea2077!8m2!3d30.3447804!4d-97.68545!16s%2Fg%2F11bbrjc3d0!19sChIJQ8--IpbLRIYRdyDqV5f5dds?authuser=0&hl=en&rclk=1,Single Location
RedHome HVAC Services,TX,Austin,+1 512-402-7277,https://redhome.io/,info@redhome.io,207,https://www.google.com/maps/place/RedHome+HVAC+Services/data=!4m7!3m6!1s0x645fc6677c5bb9d1:0x3c3788b206cae6f6!8m2!3d30.264926!4d-97.7282024!16s%2Fg%2F11pldtvs7w!19sChIJ0blbfGfGX2QR9ubKBrKINzw?authuser=0&hl=en&rclk=1,Single Location
Gold Eagle Services,TX,Austin,+1 512-489-4653,https://goldeagleservices.com/?utm_source=google&utm_medium=organic&utm_campaign=gbp,marketing@goldeagleservices.com,409,https://www.google.com/maps/place/Gold+Eagle+Services/data=!4m7!3m6!1s0x865b4a560dd9455d:0xe671d252154d91f4!8m2!3d30.2639746!4d-97.7440671!16s%2Fg%2F11f01qw_dg!19sChIJXUXZDVZKW4YR9JFNFVLSceY?authuser=0&hl=en&rclk=1,Single Location
Climate Masters Heating & Air Conditioning,TX,Austin,+1 737-310-3444,https://digitalyayaswebdesigns.lovable.app/,digitalyaya.usa@gmail.com,112,https://www.google.com/maps/place/Climate+Masters+Heating+%26+Air+Conditioning/data=!4m7!3m6!1s0x8644cbf36ca2e5f3:0x827ff969ca827017!8m2!3d30.336409!4d-97.7572653!16s%2Fg%2F11y50fds12!19sChIJ8-WibPPLRIYRF3CCymn5f4I?authuser=0&hl=en&rclk=1,Single Location
Air Runs Services LLC,TX,Austin,+1 512-394-9087,https://www.airruns.com/,info@airrunsservices.com,206,https://www.google.com/maps/place/Air+Runs+Services+LLC/data=!4m7!3m6!1s0x865b492cace35dbb:0x8d37019b1e30967c!8m2!3d30.2585311!4d-97.7290429!16s%2Fg%2F11vdjv19md!19sChIJu13jrCxJW4YRfJYwHpsBN40?authuser=0&hl=en&rclk=1,Single Location
Texan Heating & Air,TX,Fort Worth,+1 817-734-3073,https://www.texanhvac.com/,service@texanhvac.com,402,https://www.google.com/maps/place/Texan+Heating+%26+Air/data=!4m7!3m6!1s0x864e75f23bc43b19:0xedc2ae4109290a81!8m2!3d32.7333777!4d-97.4067697!16s%2Fg%2F11fmc1x8ng!19sChIJGTvEO_J1ToYRgQopCUGuwu0?authuser=0&hl=en&rclk=1,Single Location
Webb Air Heating & Cooling,TX,Fort Worth,+1 817-535-0881,https://webbair.com/?utm_source=google&utm_medium=organic&utm_campaign=gbp,info@webbair.com,466,https://www.google.com/maps/place/Webb+Air+Heating+%26+Cooling/data=!4m7!3m6!1s0x864e70e4a80d9489:0x2e2ae0ff5bac8b15!8m2!3d32.7430466!4d-97.3026286!16s%2Fg%2F1td59059!19sChIJiZQNqORwToYRFYusW__gKi4?authuser=0&hl=en&rclk=1,Single Location
AC Repair Fort Worth,TX,Fort Worth,+1 817-647-9901,https://acrepairforthworth.com/,bdeal883@gmail.com,32,https://www.google.com/maps/place/AC+Repair+Fort+Worth/data=!4m7!3m6!1s0x864e6565250e4dd1:0x4dfc142c971bc20b!8m2!3d32.6618494!4d-97.263244!16s%2Fg%2F11zb19c12d!19sChIJ0U0OJWVlToYRC8IblywU_E0?authuser=0&hl=en&rclk=1,Single Location
"A/C Service & Repairs, LLC",TX,Fort Worth,+1 817-737-8423,https://acserviceandrepairs.com/?utm_source=GBP&utm_medium=organic,russ@acserviceandrepairs.com,76,"https://www.google.com/maps/place/A%2FC+Service+%26+Repairs,+LLC/data=!4m7!3m6!1s0x864e73061f041a4b:0x91007c07ef2ce4a8!8m2!3d32.7257663!4d-97.4941117!16s%2Fg%2F11c4b4b7c_!19sChIJSxoEHwZzToYRqOQs7wd8AJE?authuser=0&hl=en&rclk=1",Single Location
"3 Kings A/C, LLC",TX,Fort Worth,+1 817-666-0628,http://3kingsairconditioning.com/,service@3kingsairconditioning.com,65,"https://www.google.com/maps/place/3+Kings+A%2FC,+LLC/data=!4m7!3m6!1s0x864e717e25dc17b7:0xead6fee97bc4fdab!8m2!3d32.7196175!4d-97.3185765!16s%2Fg%2F11q3b_myxr!19sChIJtxfcJX5xToYRq_3Ee-n-1uo?authuser=0&hl=en&rclk=1",Single Location
All Weather Air DFW,TX,Fort Worth,+1 817-720-8202,https://allweatherairdfw.com/,allweatherairdfw@gmail.com,40,https://www.google.com/maps/place/All+Weather+Air+DFW/data=!4m7!3m6!1s0x864e733fb52e09d5:0xb6168e9ddc1d42f1!8m2!3d32.7240857!4d-97.4253798!16s%2Fg%2F11nq07ccq8!19sChIJ1QkutT9zToYR8UId3J2OFrY?authuser=0&hl=en&rclk=1,Single Location
Grant Air Conditioning,TX,Fort Worth,+1 817-332-7979,http://www.grantac.com/,service@grantac.com,42,https://www.google.com/maps/place/Grant+Air+Conditioning/data=!4m7!3m6!1s0x864e72332991fd3b:0xc02bb01ea6765bbf!8m2!3d32.7637414!4d-97.3993471!16s%2Fg%2F1vtqwhwq!19sChIJO_2RKTNyToYRv1t2ph6wK8A?authuser=0&hl=en&rclk=1,Single Location
Empire Refrigeration,TX,El Paso,+1 915-787-0747,https://www.weneedair.com/?utm_source=gmb&utm_medium=organic&utm_campaign=elpaso,contact@weneedair.com,312,https://www.google.com/maps/place/Empire+Refrigeration/data=!4m7!3m6!1s0x86e74463fd6685b7:0xb4a3b5ecd950c753!8m2!3d31.7387222!4d-106.3179135!16s%2Fg%2F11b5r8g10v!19sChIJt4Vm_WNE54YRU8dQ2ey1o7Q?authuser=0&hl=en&rclk=1,Single Location
Diaz Services,TX,El Paso,+1 915-822-0039,https://www.diazservicesep.com/,inquiry@diazservices.onmicrosoft.com,213,https://www.google.com/maps/place/Diaz+Services/data=!4m7!3m6!1s0x86e75a5bc2e877b7:0x6a3ff3fa9d0d28b0!8m2!3d31.7770983!4d-106.4517664!16s%2Fg%2F11cmc_vbq4!19sChIJt3fowlta54YRsCgNnfrzP2o?authuser=0&hl=en&rclk=1,Single Location
Strauss Heating and Air Conditioning Inc.,TX,El Paso,+1 915-383-2177,https://strausshvac.com/,clientsupport@handyui.com,144,https://www.google.com/maps/place/Strauss+Heating+and+Air+Conditioning+Inc./data=!4m7!3m6!1s0x86e7513111925be9:0xb9fab2dd6c7bd1e3!8m2!3d31.8705627!4d-106.4325254!16s%2Fg%2F1td1kfh2!19sChIJ6VuSETFR54YR49F7bN2y-rk?authuser=0&hl=en&rclk=1,Single Location
TOTAL AIR,TX,El Paso,+1 915-585-0909,https://www.totalairep.com/,totalairsales@gmail.com,301,https://www.google.com/maps/place/TOTAL+AIR/data=!4m7!3m6!1s0x86ddf9caa8f8b7eb:0x3857dcece53435bb!8m2!3d31.8363152!4d-106.5740188!16s%2Fg%2F1td1kff1!19sChIJ67f4qMr53YYRuzU05ezcVzg?authuser=0&hl=en&rclk=1,Single Location
Hercules Industries,TX,El Paso,+1 915-778-9377,https://www.herculesindustries.com/,info@hercmail.com,308,https://www.google.com/maps/place/Hercules+Industries/data=!4m7!3m6!1s0x86e75bcceef102df:0x5970b023b898eb21!8m2!3d31.7734037!4d-106.4249457!16s%2Fg%2F1tj74133!19sChIJ3wLx7sxb54YRIeuYuCOwcFk?authuser=0&hl=en&rclk=1,Single Location
Gonzalez Heating & Cooling,TX,El Paso,+1 915-345-1282,http://www.gonzalezair.com/,contact@gonzalezair.com,83,https://www.google.com/maps/place/Gonzalez+Heating+%26+Cooling/data=!4m7!3m6!1s0x86e75a3334295c47:0xcb9519b470bdc9ab!8m2!3d31.7529874!4d-106.3839103!16s%2Fg%2F1w0j01cj!19sChIJR1wpNDNa54YRq8m9cLQZlcs?authuser=0&hl=en&rclk=1,Single Location
"Mountain Star Heating & Cooling, LLC",TX,El Paso,+1 915-562-0033,http://www.mtnstarhvac.com/,mtstar@att.net,41,"https://www.google.com/maps/place/Mountain+Star+Heating+%26+Cooling,+LLC/data=!4m7!3m6!1s0x86e759dd1dbf3633:0x8b902986d0305ecd!8m2!3d31.8046359!4d-106.4671031!16s%2Fg%2F1tlw9j66!19sChIJMza_Hd1Z54YRzV4w0IYpkIs?authuser=0&hl=en&rclk=1",Single Location
LEED Home and Business Solutions,TX,El Paso,+1 915-731-0333,http://www.leednow.com/,info@konta.com,127,https://www.google.com/maps/place/LEED+Home+and+Business+Solutions/data=!4m7!3m6!1s0x86e75b53d380ddd1:0x25b384480e66369!8m2!3d31.7719923!4d-106.4231499!16s%2Fg%2F11y3mnkk_9!19sChIJ0d2A01Nb54YRaWPmgEQ4WwI?authuser=0&hl=en&rclk=1,Single Location
"Hightower Service, Inc.",TX,Arlington,+1 817-274-1854,https://hightowerservice.com/,careers@hightowerservice.com,443,"https://www.google.com/maps/place/Hightower+Service,+Inc./data=!4m7!3m6!1s0x864e7d74a1342fc7:0x2584d95f5658f63!8m2!3d32.7366079!4d-97.1133938!16s%2Fg%2F1tht1w2z!19sChIJxy80oXR9ToYRY49l9ZVNWAI?authuser=0&hl=en&rclk=1",Single Location
NewRise Heating & Cooling,TX,Arlington,+1 469-579-9110,https://newrisehvac.com/,support@newrisehvac.com,417,https://www.google.com/maps/place/NewRise+Heating+%26+Cooling/data=!4m7!3m6!1s0x864e627a0b040001:0x9b1cc88e4d685264!8m2!3d32.6247887!4d-97.1271442!16s%2Fg%2F11f5rhm4y9!19sChIJAQAEC3piToYRZFJoTY7IHJs?authuser=0&hl=en&rclk=1,Single Location
Stay Kool A/C & Heating,TX,Arlington,+1 817-422-9448,http://staykoolac.com/,staycoolacdfw@yahoo.com,144,https://www.google.com/maps/place/Stay+Kool+A%2FC+%26+Heating/data=!4m7!3m6!1s0x864e87fe98a141fd:0x584ad2dc084651db!8m2!3d32.626148!4d-97.1308357!16s%2Fg%2F1262ppt9s!19sChIJ_UGhmP6HToYR21FGCNzSSlg?authuser=0&hl=en&rclk=1,Single Location
Texas HVAC Repair,TX,Arlington,+1 817-260-0888,https://www.txhvacrepair.com/,info@txhvacrepair.com,318,https://www.google.com/maps/place/Texas+HVAC+Repair/data=!4m7!3m6!1s0x864e6511c1828337:0x4ebb5356622cf219!8m2!3d32.869404!4d-97.172005!16s%2Fg%2F11j58bsdcg!19sChIJN4OCwRFlToYRGfIsYlZTu04?authuser=0&hl=en&rclk=1,Single Location
Peace Heating and Air,TX,Arlington,+1 817-883-6508,https://www.peaceheatingandair.com/,info@peaceheatingandair.com,173,https://www.google.com/maps/place/Peace+Heating+and+Air/data=!4m7!3m6!1s0x22b38173b7dda573:0xd8bf428c8a4d7db9!8m2!3d32.6317538!4d-97.1431265!16s%2Fg%2F11qb5pv9t6!19sChIJc6Xdt3OBsyIRuX1NioxCv9g?authuser=0&hl=en&rclk=1,Single Location
HVAC HEROES DFW,TX,Arlington,+1 832-564-7722,https://hvacheroestx.com/,triston@hvacheroestx.com,186,https://www.google.com/maps/place/HVAC+HEROES+DFW/data=!4m7!3m6!1s0x28fe576f431e34c1:0xbe52e1203453c466!8m2!3d32.7367456!4d-97.0979997!16s%2Fg%2F11vszgv2lb!19sChIJwTQeQ29X_igRZsRTNCDhUr4?authuser=0&hl=en&rclk=1,Single Location
Tropic Air & Heat,TX,Arlington,+1 817-467-9465,http://tropicairheat.com/,office@tropicairheat.com,52,https://www.google.com/maps/place/Tropic+Air+%26+Heat/data=!4m7!3m6!1s0x864e6369e415e909:0x5762212b0baa77f5!8m2!3d32.698463!4d-97.125801!16s%2Fg%2F1v5fs9lf!19sChIJCekV5GljToYR9XeqCyshYlc?authuser=0&hl=en&rclk=1,Single Location
Optimum Air Co.,TX,Arlington,+1 682-323-5027,http://www.optimumairco.com/,service@optimumairco.com,43,https://www.google.com/maps/place/Optimum+Air+Co./data=!4m7!3m6!1s0x864e62ceab84af87:0x19dd18cf54457cfa!8m2!3d32.6907968!4d-97.120019!16s%2Fg%2F11h1b8zvd!19sChIJh6-Eq85iToYR-nxFVM8Y3Rk?authuser=0&hl=en&rclk=1,Single Location
Birdwell A/C and Heating,TX,Corpus Christi,+1 361-452-2018,https://birdwellacandheating.com/,birdwellair@gmail.com,278,https://www.google.com/maps/place/Birdwell+A%2FC+and+Heating/data=!4m7!3m6!1s0x8668f5f3c82db37f:0x375d64fcb4de1193!8m2!3d27.7474563!4d-97.4217855!16s%2Fg%2F11fk1rdhwk!19sChIJf7MtyPP1aIYRkxHetPxkXTc?authuser=0&hl=en&rclk=1,Single Location
Keep it Cool Air Conditioning & Heating,TX,Corpus Christi,+1 361-850-7845,https://keepitcooltx.com/,keepitcoolac@sbcglobal.net,276,https://www.google.com/maps/place/Keep+it+Cool+Air+Conditioning+%26+Heating/data=!4m7!3m6!1s0x8668f56674815d4f:0xa89625f895cc5fc2!8m2!3d27.7164092!4d-97.4115214!16s%2Fg%2F1tk6wbjj!19sChIJT12BdGb1aIYRwl_Mlfgllqg?authuser=0&hl=en&rclk=1,Single Location
Precision Air,TX,Corpus Christi,+1 361-800-2465,https://www.precisionaircc.com/,info@precisionaircc.com,179,https://www.google.com/maps/place/Precision+Air/data=!4m7!3m6!1s0x8668f56f81f22075:0x7a9cd08772b9c409!8m2!3d27.7931438!4d-97.4033489!16s%2Fg%2F11mjm5dpzx!19sChIJdSDygW_1aIYRCcS5cofQnHo?authuser=0&hl=en&rclk=1,Single Location
Swift Air,TX,Corpus Christi,+1 361-882-2111,https://www.swiftaircc.com/,service@swiftaircc.com,294,https://www.google.com/maps/place/Swift+Air/data=!4m7!3m6!1s0x86685f06dd65b1d7:0xb4a4b9104af5a614!8m2!3d27.796264!4d-97.413338!16s%2Fg%2F11p3g6164k!19sChIJ17Fl3QZfaIYRFKb1ShC5pLQ?authuser=0&hl=en&rclk=1,Single Location
Alpha A/C & Heating,TX,Corpus Christi,+1 361-854-1822,https://www.alpha-aircompany.com/,services@alpha-aircompany.com,190,https://www.google.com/maps/place/Alpha+A%2FC+%26+Heating/data=!4m7!3m6!1s0x8668f59f3ed1b525:0xb7c87707b0f42ab1!8m2!3d27.7060369!4d-97.3905328!16s%2Fg%2F1td4vq3f!19sChIJJbXRPp_1aIYRsSr0sAd3yLc?authuser=0&hl=en&rclk=1,Single Location
South Texas Comfort Control L.L.C,TX,Corpus Christi,+1 361-691-6171,https://stccaire.com/?utm_source=gbp,office@stccaire.com,178,https://www.google.com/maps/place/South+Texas+Comfort+Control+L.L.C/data=!4m7!3m6!1s0x86685fa5697cc7b5:0x97457a2ad86857e5!8m2!3d27.6720151!4d-97.2814086!16s%2Fg%2F11rdy2wpf0!19sChIJtcd8aaVfaIYR5Vdo2Cp6RZc?authuser=0&hl=en&rclk=1,Single Location
"Ramco Mechanical, Inc.",TX,Corpus Christi,+1 361-356-6002,https://ramcomechanical.com/,ramcomechanical4@gmail.com,322,"https://www.google.com/maps/place/Ramco+Mechanical,+Inc./data=!4m7!3m6!1s0x86685ff56ef9f8eb:0x4e1ed9ca048e7d0b!8m2!3d27.7825186!4d-97.4439957!16s%2Fg%2F11h31x2gq4!19sChIJ6_j5bvVfaIYRC32OBMrZHk4?authuser=0&hl=en&rclk=1",Single Location
ABSOLUTE AIR CONDITIONING,TX,Corpus Christi,+1 361-852-5152,http://www.absoluteairecctx.com/,absoluteair@hotmail.com,58,https://www.google.com/maps/place/ABSOLUTE+AIR+CONDITIONING/data=!4m7!3m6!1s0x86688ab1c25264e9:0xa1f09ab8dc333a08!8m2!3d27.7120532!4d-97.444926!16s%2Fg%2F126243p46!19sChIJ6WRSwrGKaIYRCDoz3Lia8KE?authuser=0&hl=en&rclk=1,Single Location
Indoor Air Specialties,TX,Corpus Christi,+1 361-815-0661,https://indoorairspecialties.com/,greggacguy@icloud.com,149,https://www.google.com/maps/place/Indoor+Air+Specialties/data=!4m7!3m6!1s0x8668f5563ef92623:0x8a2097106f8b74ce!8m2!3d27.7174081!4d-97.3822829!16s%2Fg%2F1tyt5slv!19sChIJIyb5Plb1aIYRznSLbxCXIIo?authuser=0&hl=en&rclk=1,Single Location
Henderson AC,TX,Corpus Christi,+1 361-985-0616,https://www.henderson-acservice.com/,hendersonac.ted@gmail.com,34,https://www.google.com/maps/place/Henderson+AC/data=!4m7!3m6!1s0x8668f608a08e05dd:0x5a1e25f97a2327b0!8m2!3d27.8251882!4d-97.4564928!16s%2Fg%2F1tcvv8vv!19sChIJ3QWOoAj2aIYRsCcjevklHlo?authuser=0&hl=en&rclk=1,Single Location
Dziadek A/C & Refrigeration LLC.,TX,Corpus Christi,+1 361-991-6912,http://dziadekhvac.com/,service@dziadekac.com,21,https://www.google.com/maps/place/Dziadek+A%2FC+%26+Refrigeration+LLC./data=!4m7!3m6!1s0x8668f5c8613b1513:0x3ea3256d50d04754!8m2!3d27.6926136!4d-97.3710874!16s%2Fg%2F1tf71c5l!19sChIJExU7Ycj1aIYRVEfQUG0loz4?authuser=0&hl=en&rclk=1,Single Location
Hesse AC and Heat,TX,Plano,+1 214-505-5483,http://hesseair.com/,hesseair@yahoo.com,105,https://www.google.com/maps/place/Hesse+AC+and+Heat/data=!4m7!3m6!1s0x864c23fe807e63e1:0x9b1cdb96c8c6c090!8m2!3d33.0309622!4d-96.7865301!16s%2Fg%2F11h5wqq_x2!19sChIJ4WN-gP4jTIYRkMDGyJbbHJs?authuser=0&hl=en&rclk=1,Single Location
Dream Air Conditioning and Heating,TX,Plano,+1 214-778-6461,https://dreamairandheat.com/,office@dreamairandheat.com,90,https://www.google.com/maps/place/Dream+Air+Conditioning+and+Heating/data=!4m7!3m6!1s0x6f42fb3adac0903f:0x7fa3a4a6b729c74b!8m2!3d33.0082748!4d-96.7018465!16s%2Fg%2F11spzld_t3!19sChIJP5DA2jr7Qm8RS8cpt6ako38?authuser=0&hl=en&rclk=1,Single Location
DT Air Conditioning & Heating,TX,Plano,+1 972-526-5772,https://www.dt-ac.com/?utm_campaign=gmb,admin@dt-ac.com,382,https://www.google.com/maps/place/DT+Air+Conditioning+%26+Heating/data=!4m7!3m6!1s0x864c3d662426717b:0x50258bf236981bdb!8m2!3d33.0655391!4d-96.6581555!16s%2Fg%2F1td4dz52!19sChIJe3EmJGY9TIYR2xuYNvKLJVA?authuser=0&hl=en&rclk=1,Single Location
Dragon Air Services LLC,TX,Plano,+1 214-790-9872,https://dragonairservices.com/,contact@dragonairservices.com,335,https://www.google.com/maps/place/Dragon+Air+Services+LLC/data=!4m7!3m6!1s0x864c2378e3b09001:0x96c6a0eaeb8b70a!8m2!3d33.0116381!4d-96.7823337!16s%2Fg%2F11f7fs0m6b!19sChIJAZCw43gjTIYRCre4rg5qbAk?authuser=0&hl=en&rclk=1,Single Location
Plano HVAC Services,TX,Plano,+1 469-526-5070,https://planohvacservices.com/,info@planohvacservices.com,1,https://www.google.com/maps/place/Plano+HVAC+Services/data=!4m7!3m6!1s0x864c1996701dff37:0x275e6ac772894efe!8m2!3d33.0312515!4d-96.7052266!16s%2Fg%2F11nk3gtpjq!19sChIJN_8dcJYZTIYR_k6JcsdqXic?authuser=0&hl=en&rclk=1,Single Location
All City Air,TX,Plano,+1 972-495-5976,https://allcityair.com/,info@allcityair.com,179,https://www.google.com/maps/place/All+City+Air/data=!4m7!3m6!1s0x864c1b6e8c4bdc9d:0x74d8548e70a85e92!8m2!3d33.015745!4d-96.6956432!16s%2Fg%2F11g0hky6kp!19sChIJndxLjG4bTIYRkl6ocI5U2HQ?authuser=0&hl=en&rclk=1,Single Location
Hearthstone Heat and Air,TX,Plano,+1 972-200-0693,http://hearthstoneheatandair.com/,matt@hearthstoneheatandair.com,107,https://www.google.com/maps/place/Hearthstone+Heat+and+Air/data=!4m7!3m6!1s0x864c19298ae78c35:0xd436be5ec1337589!8m2!3d33.0208958!4d-96.6917017!16s%2Fg%2F11k9dh30x1!19sChIJNYzniikZTIYRiXUzwV6-NtQ?authuser=0&hl=en&rclk=1,Single Location
Airmatics,TX,Plano,+1 469-717-4477,https://myairmatics.com/plano-tx/,myairmatics@gmail.com,143,https://www.google.com/maps/place/Airmatics/data=!4m7!3m6!1s0x1b68e8a3d1a0445:0xdc58c7f6758a4b8f!8m2!3d33.0942458!4d-96.7777522!16s%2Fg%2F11vspg98zc!19sChIJRQQaPYqOtgERj0uKdfbHWNw?authuser=0&hl=en&rclk=1,Single Location
Cornerstone Air,TX,Plano,+1 214-919-4981,https://cornerstone-air.com/?utm_source=GBP&utm_medium=organic,office@cornerstone-air.com,76,https://www.google.com/maps/place/Cornerstone+Air/data=!4m7!3m6!1s0x854c045bcade0efd:0xe65621f2af02dd1e!8m2!3d33.0413688!4d-96.7501059!16s%2Fg%2F11y6pxj3pk!19sChIJ_Q7eylsETIURHt0Cr_IhVuY?authuser=0&hl=en&rclk=1,Single Location
KD air comfort,TX,Plano,+1 646-719-4206,http://kdaircomfort.com/,kdaircomfort@gmail.com,73,https://www.google.com/maps/place/KD+air+comfort/data=!4m7!3m6!1s0x68f301b9a9c27957:0xaf0d698063350084!8m2!3d33.076141!4d-96.819075!16s%2Fg%2F11yq2t28xq!19sChIJV3nCqbkB82gRhAA1Y4BpDa8?authuser=0&hl=en&rclk=1,Single Location
Arctic Air Conditioning & Heating Inc.,TX,Lubbock,+1 806-749-2327,http://callthebear.com/,office@callthebear.com,479,https://www.google.com/maps/place/Arctic+Air+Conditioning+%26+Heating+Inc./data=!4m7!3m6!1s0x86fe6cdecab6e743:0x26cb5d1f818775ee!8m2!3d33.566594!4d-101.8393561!16s%2Fg%2F1td0ngtr!19sChIJQ-e2yt5s_oYR7nWHgR9dyyY?authuser=0&hl=en&rclk=1,Single Location
Absolute Refrigeration Air Conditioning and Heating LLC,TX,Lubbock,+1 806-368-7393,https://absoluterefrigerationhvac.com/,absolutehvacrservices@gmail.com,308,https://www.google.com/maps/place/Absolute+Refrigeration+Air+Conditioning+and+Heating+LLC/data=!4m7!3m6!1s0x86fe7597aa42ec63:0x79d21f918996be9a!8m2!3d33.5303444!4d-101.9912835!16s%2Fg%2F11g1bzhp_y!19sChIJY-xCqpd1_oYRmr6WiZEf0nk?authuser=0&hl=en&rclk=1,Single Location
Spartan,TX,Lubbock,+1 806-785-3000,https://myspartanservice.com/,spartan6110@gmail.com,99,https://www.google.com/maps/place/Spartan/data=!4m7!3m6!1s0x86fe6db85e03fbc9:0xf193918b124dc0f!8m2!3d33.518084!4d-101.839798!16s%2Fg%2F1260zqsf5!19sChIJyfsDXrht_oYRD9wksRg5GQ8?authuser=0&hl=en&rclk=1,Single Location
West-Tex Air & Refrigeration,TX,Lubbock,+1 806-630-2665,http://callairgenie.com/,service@callairgenie.com,94,https://www.google.com/maps/place/West-Tex+Air+%26+Refrigeration/data=!4m7!3m6!1s0x86fe8b906cfe28eb:0x14265386b63f0261!8m2!3d33.5768068!4d-101.9786622!16s%2Fg%2F11n2bgkhl0!19sChIJ6yj-bJCL_oYRYQI_toZTJhQ?authuser=0&hl=en&rclk=1,Single Location
"Turner & Witt Plumbing, Heating, & AC Inc",TX,Lubbock,+1 806-777-7167,https://turnerandwitt.com/,turnerandwitt@gmail.com,79,"https://www.google.com/maps/place/Turner+%26+Witt+Plumbing,+Heating,+%26+AC+Inc/data=!4m7!3m6!1s0x86fe6cfe2a4912f1:0x15dfe11d6c85939b!8m2!3d33.5671121!4d-101.844032!16s%2Fg%2F1vp6_mr5!19sChIJ8RJJKv5s_oYRm5OFbB3h3xU?authuser=0&hl=en&rclk=1",Single Location
Houston Mechanical Service,TX,Lubbock,+1 806-543-8015,http://www.lubbockhvacpro.com/,randyhouston@houstonhvaclubbock.com,36,https://www.google.com/maps/place/Houston+Mechanical+Service/data=!4m7!3m6!1s0x86fe73c0e77b6d03:0x9e12e27c7546d2d2!8m2!3d33.4934025!4d-101.9380832!16s%2Fg%2F11j1_hf9h1!19sChIJA21758Bz_oYR0tJGdXziEp4?authuser=0&hl=en&rclk=1,Single Location
"Joe Rushing Plumbing, Heating & Air Conditioning",TX,Lubbock,+1 806-763-3988,https://www.joerushing.com/?utm_source=google&utm_medium=organic&utm_campaign=gbp,ronda@joerushing.com,193,"https://www.google.com/maps/place/Joe+Rushing+Plumbing,+Heating+%26+Air+Conditioning/data=!4m7!3m6!1s0x86fe12bf26747a69:0xa655681422dd774b!8m2!3d33.5976267!4d-101.8688624!16s%2Fg%2F1tdxl9z6!19sChIJaXp0Jr8S_oYRS3fdIhRoVaY?authuser=0&hl=en&rclk=1",Single Location
Double T Heating and Cooling,TX,Lubbock,+1 806-241-9529,http://doublethvac.com/,doublethvac@gmail.com,126,https://www.google.com/maps/place/Double+T+Heating+and+Cooling/data=!4m7!3m6!1s0x86fe7247442d7741:0xc17bcfbbcffb5794!8m2!3d31.1689103!4d-100.0768425!16s%2Fg%2F11clhs8y6r!19sChIJQXctREdy_oYRlFf7z7vPe8E?authuser=0&hl=en&rclk=1,Single Location
Guardian Heating and Air,FL,Jacksonville,+1 904-776-4225,http://www.getcooljax.com/,info@getcooljax.com,448,https://www.google.com/maps/place/Guardian+Heating+and+Air/data=!4m7!3m6!1s0xa2f59dcbe6723d09:0x4204c79a8ebc13ba!8m2!3d30.2851082!4d-81.642378!16s%2Fg%2F11rylwbc64!19sChIJCT1y5sud9aIRuhO8jprHBEI?authuser=0&hl=en&rclk=1,Single Location
All-Seasons Heating And Air Conditioning of Jax Inc,FL,Jacksonville,+1 904-398-5720,http://www.allseasonsjax.com/,info@allseasonsjax.com,138,https://www.google.com/maps/place/All-Seasons+Heating+And+Air+Conditioning+of+Jax+Inc/data=!4m7!3m6!1s0x88e5b63197823e93:0x51c875a3c1faf4a6!8m2!3d30.2744107!4d-81.6406505!16s%2Fg%2F1tfrn4kj!19sChIJkz6ClzG25YgRpvT6waN1yFE?authuser=0&hl=en&rclk=1,Single Location
Flow -Tech Air Conditioning Corp.,FL,Miami,+1 305-264-5051,https://www.flowtechac.com/,info@flowtechac.com,212,https://www.google.com/maps/place/Flow+-Tech+Air+Conditioning+Corp./data=!4m7!3m6!1s0x88d9b84e13bd79cf:0x56104e270bed01c4!8m2!3d25.7581669!4d-80.3090598!16s%2Fg%2F1wf22nmj!19sChIJz3m9E0642YgRxAHtCydOEFY?authuser=0&hl=en&rclk=1,Single Location
Aircool Miami Services Inc,FL,Miami,+1 305-796-2724,https://aircoolmiamiservicesinc.com/,info@aircoolmiamiservicesinc.com,325,https://www.google.com/maps/place/Aircool+Miami+Services+Inc/data=!4m7!3m6!1s0x88d9dd0fe7047fdb:0xbfc64b476ba3393b!8m2!3d25.502314!4d-80.422754!16s%2Fg%2F11g6_x997g!19sChIJ238E5w_d2YgROzmja0dLxr8?authuser=0&hl=en&rclk=1,Single Location
Best Price Mini Splits Miami Fl,FL,Miami,+1 786-447-7745,http://bestpriceminisplitsmiami.com/,minisplitsmiami1@gmail.com,223,https://www.google.com/maps/place/Best+Price+Mini+Splits+Miami+Fl/data=!4m7!3m6!1s0x88d9bfdb52a12ec9:0x16bc5ab976e11ac0!8m2!3d25.7547631!4d-80.2879031!16s%2Fg%2F11c2099zxs!19sChIJyS6hUtu_2YgRwBrhdrlavBY?authuser=0&hl=en&rclk=1,Single Location
Reliable Air Conditioning,FL,Miami,+1 305-325-9283,https://www.acreliable.com/,acreliable@aol.com,141,https://www.google.com/maps/place/Reliable+Air+Conditioning/data=!4m7!3m6!1s0x88d9b48a83af99b3:0x76a1f17bbd73be04!8m2!3d25.7901841!4d-80.1465743!16s%2Fg%2F1tffvr31!19sChIJs5mvg4q02YgRBL5zvXvxoXY?authuser=0&hl=en&rclk=1,Single Location
JJ A/C Service,FL,Miami,+1 305-984-8016,http://jjacservice.com/,info@jjacservice.com,118,https://www.google.com/maps/place/JJ+A%2FC+Service/data=!4m7!3m6!1s0x88d9b9a6041d3d33:0xbc4678df7db8f1a8!8m2!3d25.7774642!4d-80.3160752!16s%2Fg%2F11b7zt_4ph!19sChIJMz0dBKa52YgRqPG4fd94Rrw?authuser=0&hl=en&rclk=1,Single Location
AC Repair 24 Seven by Cooling Masters,FL,Miami,+1 786-661-6095,http://thecoolingmasters.com/,coolingmasters247@gmail.com,124,https://www.google.com/maps/place/AC+Repair+24+Seven+by+Cooling+Masters/data=!4m7!3m6!1s0x88d9a5cbb529fc4d:0x71731f9bf5e3dcb1!8m2!3d25.8036983!4d-80.2577452!16s%2Fg%2F11sm772qt9!19sChIJTfwptcul2YgRsdzj9Zsfc3E?authuser=0&hl=en&rclk=1,Single Location
The AC Guys Contractors,FL,Miami,,https://theacguyscontractors.com/,%20info@theacguyscontractors.com,17,https://www.google.com/maps/place/The+AC+Guys+Contractors/data=!4m7!3m6!1s0x876f2afd89912329:0x9aac9a42f8c38229!8m2!3d25.3759275!4d-81.562095!16s%2Fg%2F11kpnb5nm0!19sChIJKSORif0qb4cRKYLD-EKarJo?authuser=0&hl=en&rclk=1,Single Location
Panther Air Conditioning And Electric,FL,Miami,+1 786-228-8777,http://www.panthermiami.com/,info@panthermiami.com,386,https://www.google.com/maps/place/Panther+Air+Conditioning+And+Electric/data=!4m7!3m6!1s0x88d9dd838eba09e7:0x29bf268ed074af14!8m2!3d25.6508958!4d-80.338674!16s%2Fg%2F11q2jy_sxd!19sChIJ5wm6joPd2YgRFK900I4mvyk?authuser=0&hl=en&rclk=1,Single Location
AC Repair Miami Beach,FL,Miami,+1 305-760-4336,https://acrepairmiamibeachflorida.com/,acrepairmiamibeachflorida@gmail.com,26,https://www.google.com/maps/place/AC+Repair+Miami+Beach/data=!4m7!3m6!1s0x88d9b5d613a2393f:0xab37060cd7c4869!8m2!3d25.7912286!4d-80.138711!16s%2Fg%2F11trwk256z!19sChIJPzmiE9a12YgRaUh8zWBwswo?authuser=0&hl=en&rclk=1,Single Location
AC Repair Miami Pros,FL,Miami,+1 786-686-4127,https://acrepairmiami.pro/,info@acrepairmiami.pro,11,https://www.google.com/maps/place/AC+Repair+Miami+Pros/data=!4m7!3m6!1s0x88d9b1c3e140ca9d:0xe28c629447c79647!8m2!3d25.8215015!4d-80.2540309!16s%2Fg%2F11vks96sg6!19sChIJncpA4cOx2YgRR5bHR5RijOI?authuser=0&hl=en&rclk=1,Single Location
Rams Air Conditioning INC,FL,Miami,+1 305-861-7267,http://ramsair.com/,info@ramsair.com,35,https://www.google.com/maps/place/Rams+Air+Conditioning+INC/data=!4m7!3m6!1s0x88d9b48cf1059577:0x209d190f0fb42ec9!8m2!3d25.7789884!4d-80.1353756!16s%2Fg%2F12hkwcc_n!19sChIJd5UF8Yy02YgRyS60Dw8ZnSA?authuser=0&hl=en&rclk=1,Single Location
True Cool Air Conditioning Service Inc,FL,Miami,+1 305-232-7575,http://www.truecoolac.com/,terry@truecoolac.com,413,https://www.google.com/maps/place/True+Cool+Air+Conditioning+Service+Inc/data=!4m7!3m6!1s0x88d9c8001bfffbed:0xd995c95524e7affd!8m2!3d25.702321!4d-80.286094!16s%2Fg%2F1tglj37k!19sChIJ7fv_GwDI2YgR_a_nJFXJldk?authuser=0&hl=en&rclk=1,Single Location
AC Repair Miami Beach Pros,FL,Miami,+1 786-481-1049,https://acrepairmiamibeach.pro/location/ac-repairs-in-miami-beach-your-comprehensive-guide,info@acrepairmiamibeach.pro,15,https://www.google.com/maps/place/AC+Repair+Miami+Beach+Pros/data=!4m7!3m6!1s0x88d9b5984ef36137:0x4ecd0fff51e0d96c!8m2!3d25.7918712!4d-80.1423154!16s%2Fg%2F11vhsct9d3!19sChIJN2HzTpi12YgRbNngUf8PzU4?authuser=0&hl=en&rclk=1,Single Location
Cool & Heat Air Conditioning Corp,FL,Miami,+1 786-332-6096,https://www.coolheatairconditioningfl.com/,airconditioningcoolheat@gmail.com,39,https://www.google.com/maps/place/Cool+%26+Heat+Air+Conditioning+Corp/data=!4m7!3m6!1s0x8a8ee7e47e4ea955:0x30c9bdd0cd71623b!8m2!3d25.7671735!4d-80.2910886!16s%2Fg%2F11sfpz84p4!19sChIJValOfuTnjooRO2JxzdC9yTA?authuser=0&hl=en&rclk=1,Single Location
"Power Air Cooling & Heating, LLC",FL,Miami,+1 305-761-0023,http://www.powerairac.com/,service@powerairac.com,256,"https://www.google.com/maps/place/Power+Air+Cooling+%26+Heating,+LLC/data=!4m7!3m6!1s0x88d9ad51ac0460a9:0xa016d31958ca88ef!8m2!3d25.9339053!4d-80.1821888!16s%2Fg%2F11fj3ry1vp!19sChIJqWAErFGt2YgR74jKWBnTFqA?authuser=0&hl=en&rclk=1",Single Location
Kendale Air Conditioning,FL,Miami,+1 305-232-3000,https://www.kendaleair.com/,kendaleair@gmail.com,158,https://www.google.com/maps/place/Kendale+Air+Conditioning/data=!4m7!3m6!1s0x88d9c116d71c62a1:0xcbc87f30ac03b014!8m2!3d25.6473301!4d-80.3894223!16s%2Fg%2F1tz76sly!19sChIJoWIc1xbB2YgRFLADrDB_yMs?authuser=0&hl=en&rclk=1,Single Location
HVACPros Air Conditioning Repair Miami,FL,Miami,+1 645-219-1463,https://hvacprosairconditioning.com/,info@hvacprosairconditioning.com,2,https://www.google.com/maps/place/HVACPros+Air+Conditioning+Repair+Miami/data=!4m7!3m6!1s0x88d9b7d68171bce9:0xee6796af5f3bc20!8m2!3d25.7958173!4d-80.2313502!16s%2Fg%2F11yk655cv1!19sChIJ6bxxgda32YgRILzz9Wp55g4?authuser=0&hl=en&rclk=1,Single Location
COOLVAC AC Repair Pros,FL,Miami,+1 645-238-2870,https://coolvacacrepairpros.com/,info@coolvacacrepairpros.com,4,https://www.google.com/maps/place/COOLVAC+AC+Repair+Pros/data=!4m7!3m6!1s0x88d9b72e4b3c8971:0x92316a609d2facb3!8m2!3d25.7860227!4d-80.2306536!16s%2Fg%2F11ykq6nwsj!19sChIJcYk8Sy632YgRs6wvnWBqMZI?authuser=0&hl=en&rclk=1,Single Location
American Thermal Services,FL,Miami,+1 786-357-4050,https://americanthermalservices.com/,info@americanthermalservices.com,67,https://www.google.com/maps/place/American+Thermal+Services/data=!4m7!3m6!1s0x222a715f0711be1d:0xa887674539caeb7c!8m2!3d25.8000187!4d-80.1995495!16s%2Fg%2F11t_tmkq9y!19sChIJHb4RB19xKiIRfOvKOUVnh6g?authuser=0&hl=en&rclk=1,Single Location
Todd's Air Conditioning & Refrigeration,FL,Tampa,+1 727-585-6970,http://toddsairconditioning.com/,office@toddsairconditioning.com,161,https://www.google.com/maps/place/Todd%27s+Air+Conditioning+%26+Refrigeration/data=!4m7!3m6!1s0x88c2fa46f01fea55:0x895e6175daf4272c!8m2!3d27.924026!4d-82.729684!16s%2Fg%2F1tql5ksb!19sChIJVeof8Eb6wogRLCf02nVhXok?authuser=0&hl=en&rclk=1,Single Location
Hometown Heating and Air,FL,Tampa,+1 813-773-6500,https://thehometownair.com/,office@thehometownair.com,441,https://www.google.com/maps/place/Hometown+Heating+and+Air/data=!4m7!3m6!1s0x88c2c3f2026aef91:0x2a3d563a343f5a11!8m2!3d27.9676081!4d-82.4854244!16s%2Fg%2F11h6rlb8fk!19sChIJke9qAvLDwogREVo_NDpWPSo?authuser=0&hl=en&rclk=1,Single Location
Tampa AC Repair Guys,FL,Tampa,+1 813-737-0625,http://actampafl.com/,info@actampafl.com,212,https://www.google.com/maps/place/Tampa+AC+Repair+Guys/data=!4m7!3m6!1s0x88c2c5e2c3f19d97:0x25a4369a4944c146!8m2!3d27.9870281!4d-82.3965426!16s%2Fg%2F11vlr022p1!19sChIJl53xw-LFwogRRsFESZo2pCU?authuser=0&hl=en&rclk=1,Single Location
Local AC,FL,Orlando,+1 407-565-5752,https://local-ac.com/orlando/,service@local-ac.com,309,https://www.google.com/maps/place/Local+AC/data=!4m7!3m6!1s0x88e77b65f3c5bd99:0xec76c708bca0bb70!8m2!3d28.5405774!4d-81.3806255!16s%2Fg%2F11h3g7r4dw!19sChIJmb3F82V754gRcLugvAjHduw?authuser=0&hl=en&rclk=1,Single Location
English Air Inc.,FL,Orlando,+1 407-468-7808,https://www.englishairinc.com/,service@englishairinc.com,416,https://www.google.com/maps/place/English+Air+Inc./data=!4m7!3m6!1s0x88e7651efb7d90f7:0xef3f3ba3a2c9c17c!8m2!3d28.5040527!4d-81.3791286!16s%2Fg%2F1tdvw3rz!19sChIJ95B9-x5l54gRfMHJoqM7P-8?authuser=0&hl=en&rclk=1,Single Location
MR AC OF ORLANDO,FL,Orlando,+1 321-444-5514,https://www.mracoforlando.com/,info@mracoforlando.com,234,https://www.google.com/maps/place/MR+AC+OF+ORLANDO/data=!4m7!3m6!1s0x88e76709c0981f53:0xac98ede41f0172d4!8m2!3d28.5378743!4d-81.3687276!16s%2Fg%2F11bwyz_vln!19sChIJUx-YwAln54gR1HIBH-TtmKw?authuser=0&hl=en&rclk=1,Single Location
"Comfort Pros Air & Heat, LLC",FL,Orlando,+1 407-242-7733,https://www.comfortprosairandheat.com/,comfortprosorlando@gmail.com,368,"https://www.google.com/maps/place/Comfort+Pros+Air+%26+Heat,+LLC/data=!4m7!3m6!1s0x81f78af654492421:0x64dc539883fbdb6b!8m2!3d28.5651824!4d-81.2925972!16s%2Fg%2F11rhc8fdp5!19sChIJISRJVPaK94ERa9v7g5hT3GQ?authuser=0&hl=en&rclk=1",Single Location
OKOOL Air and Heat,FL,Orlando,+1 321-350-2991,http://okoolairandheat.com/,info@mysite.com,88,https://www.google.com/maps/place/OKOOL+Air+and+Heat/data=!4m7!3m6!1s0x46f29f48add6e741:0x3a32847c00745d06!8m2!3d28.601797!4d-81.320644!16s%2Fg%2F11wmxkj3y2!19sChIJQefWrUif8kYRBl10AHyEMjo?authuser=0&hl=en&rclk=1,Single Location
AL- Madinah HVAC,FL,Orlando,+1 407-310-4188,http://www.almadinahac.com/,support@almadinahac.com,67,https://www.google.com/maps/place/AL-+Madinah+HVAC/data=!4m7!3m6!1s0x88e76371e4d3627f:0x2f0c5ce08bde3015!8m2!3d28.4778279!4d-81.2880714!16s%2Fg%2F11z1jqzczz!19sChIJf2LT5HFj54gRFTDei-BcDC8?authuser=0&hl=en&rclk=1,Single Location
Golden Comfort AC & Heating Repair,FL,Orlando,+1 407-358-0391,https://goldencomfortairhvac.com/ac-repair-orlando-fl,info@goldencomfortairhvac.com,121,https://www.google.com/maps/place/Golden+Comfort+AC+%26+Heating+Repair/data=!4m7!3m6!1s0x88e77b90fc3cbca7:0x51a0c991f8175d37!8m2!3d28.5487663!4d-81.3797712!16s%2Fg%2F11t6vqhmbt!19sChIJp7w8_JB754gRN10X-JHJoFE?authuser=0&hl=en&rclk=1,Single Location
"North Pole Air Conditioning and Heating Services, Inc.",FL,Orlando,+1 407-276-2840,http://northpoleorlando.com/,info@northpoleorlando.com,339,"https://www.google.com/maps/place/North+Pole+Air+Conditioning+and+Heating+Services,+Inc./data=!4m7!3m6!1s0x88e764740e6a9329:0x515535b69a2b97b!8m2!3d28.4914423!4d-81.2784596!16s%2Fg%2F1q4km553n!19sChIJKZNqDnRk54gRe7miaVtTFQU?authuser=0&hl=en&rclk=1",Single Location
All Temp Air Conditioning & Refrigeration LLC,FL,Orlando,+1 407-857-7800,https://alltemprefrigerationfl.com/,info@alltempairconditioning.com,6,https://www.google.com/maps/place/All+Temp+Air+Conditioning+%26+Refrigeration+LLC/data=!4m7!3m6!1s0x88e77d856159035b:0xd0cb60efb4850e42!8m2!3d28.4503024!4d-81.3751689!16s%2Fg%2F11nb8fs519!19sChIJWwNZYYV954gRQg6FtO9gy9A?authuser=0&hl=en&rclk=1,Single Location
Jack Joyner Heating & Air Conditioning Company,FL,St. Petersburg,+1 727-330-1304,https://www.jackjoyner.com/,service@jackjoyner.com,245,https://www.google.com/maps/place/Jack+Joyner+Heating+%26+Air+Conditioning+Company/data=!4m7!3m6!1s0x88c2f1c09babc2df:0x4cc2911f77b295a1!8m2!3d27.98791!4d-82.755957!16s%2Fg%2F1tgn5jdn!19sChIJ38Krm8DxwogRoZWydx-Rwkw?authuser=0&hl=en&rclk=1,Single Location
Hern Heating and Air Conditioning,FL,St. Petersburg,+1 727-201-8534,http://www.hernheatingandair.com/,info@hernheatingandair.com,293,https://www.google.com/maps/place/Hern+Heating+and+Air+Conditioning/data=!4m7!3m6!1s0x88c2e3a18bc75a7f:0x4e9dbf52bc0b1351!8m2!3d27.7770974!4d-82.6722927!16s%2Fg%2F11h_23ks3_!19sChIJf1rHi6HjwogRURMLvFK_nU4?authuser=0&hl=en&rclk=1,Single Location
Phillips,FL,St. Petersburg,+1 727-709-7979,https://airphillips.com/,luke@airphillips.com,462,https://www.google.com/maps/place/Phillips/data=!4m7!3m6!1s0x88c2e1fc5b03124f:0x31e91586090df545!8m2!3d27.7565567!4d-82.6386361!16s%2Fg%2F1vxf_z44!19sChIJTxIDW_zhwogRRfUNCYYV6TE?authuser=0&hl=en&rclk=1,Single Location
M&R Air Conditioning,FL,St. Petersburg,+1 727-592-5691,https://www.mandrhvac.com/,mitch@mandrhvac.com,47,https://www.google.com/maps/place/M%26R+Air+Conditioning/data=!4m7!3m6!1s0x88c2e1cb4394ca87:0x6d7c169cec7cbdeb!8m2!3d27.7987396!4d-82.6400093!16s%2Fg%2F11pf2mkkx7!19sChIJh8qUQ8vhwogR67187JwWfG0?authuser=0&hl=en&rclk=1,Single Location
Petersburg AC Repair Experts,FL,St. Petersburg,+1 727-626-0419,http://petersburgacrepairexperts.top/,info@petersburgacrepairexperts.top,10,https://www.google.com/maps/place/Petersburg+AC+Repair+Experts/data=!4m7!3m6!1s0x88c31d6934e5f049:0xe4d8561a41c9b8cb!8m2!3d27.7180535!4d-82.6728685!16s%2Fg%2F11ywhhk3cj!19sChIJSfDlNGkdw4gRy7jJQRpW2OQ?authuser=0&hl=en&rclk=1,Single Location
Glacier Bay AC & Refrigeration,FL,St. Petersburg,+1 727-452-6809,http://www.glacierbayac.com/,glacierbayhvac@gmail.com,50,https://www.google.com/maps/place/Glacier+Bay+AC+%26+Refrigeration/data=!4m7!3m6!1s0x88c2e3bf2cfa2081:0xcac2073312023693!8m2!3d27.7930888!4d-82.6705136!16s%2Fg%2F11vz0qvwfw!19sChIJgSD6LL_jwogRkzYCEjMHwso?authuser=0&hl=en&rclk=1,Single Location
Optimal Comfort Air Services,FL,St. Petersburg,+1 727-777-8400,https://www.optimalcomfortair.com/,ocas@optimalcomfortair.com,6,https://www.google.com/maps/place/Optimal+Comfort+Air+Services/data=!4m7!3m6!1s0x88c2e12fed1b97fb:0x5ec1f294fc9e69d7!8m2!3d27.7846591!4d-82.6312075!16s%2Fg%2F11z7w1jlky!19sChIJ-5cb7S_hwogR12me_JTywV4?authuser=0&hl=en&rclk=1,Single Location
"Ivannova HVAC, Electrical, Plumbing",FL,Hialeah,+1 786-991-0189,https://www.ivannova.com/,support@ivannovaairconditioning.com,393,"https://www.google.com/maps/place/Ivannova+HVAC,+Electrical,+Plumbing/data=!4m7!3m6!1s0x88d9b95b2a02f883:0x1da975a7c1d8cbf7!8m2!3d25.8956594!4d-80.3348405!16s%2Fg%2F11ftyvd26r!19sChIJg_gCKlu52YgR98vYwad1qR0?authuser=0&hl=en&rclk=1",Single Location
UV,FL,Hialeah,+1 786-501-0587,https://www.uvairsolution.com/,711irvin@gmail.com,162,https://www.google.com/maps/place/UV/data=!4m7!3m6!1s0x2848f395d70d7b1f:0x7d027db69af89b47!8m2!3d25.8925384!4d-80.3441783!16s%2Fg%2F11vb_4hmmx!19sChIJH3sN15XzSCgRR5v4mrZ9An0?authuser=0&hl=en&rclk=1,Single Location
ACTL GROUP AIR CONDITIONING,FL,Hialeah,+1 786-229-1297,https://www.actlgroup.com/,info@actlgroup.com,308,https://www.google.com/maps/place/ACTL+GROUP+AIR+CONDITIONING/data=!4m7!3m6!1s0x88d9ba847de7ecbf:0x854b8cc66745380!8m2!3d25.8918253!4d-80.3270273!16s%2Fg%2F1262xpk2y!19sChIJv-znfYS62YgRgFN0Zsy4VAg?authuser=0&hl=en&rclk=1,Single Location
24/7 Air Conditioning Service,FL,Hialeah,+1 305-554-0911,https://www.24-7airconditioningservice.com/,24.7aircservice@gmail.com,12,https://www.google.com/maps/place/24%2F7+Air+Conditioning+Service/data=!4m7!3m6!1s0x88d9bb2e0247d04d:0xe52c26fe64897699!8m2!3d25.8726113!4d-80.2806292!16s%2Fg%2F11h4cq9bns!19sChIJTdBHAi672YgRmXaJZP4mLOU?authuser=0&hl=en&rclk=1,Single Location
Hialeah AC Services,FL,Hialeah,+1 786-485-9569,https://www.hialeahacservices.com/,support@hialeahacservices.com,1,https://www.google.com/maps/place/Hialeah+AC+Services/data=!4m7!3m6!1s0x88d9bb42e7fc4891:0xcb60dda61f42c27c!8m2!3d25.858379!4d-80.283131!16s%2Fg%2F11h644qfq5!19sChIJkUj850K72YgRfMJCH6bdYMs?authuser=0&hl=en&rclk=1,Single Location
"Florida HVAC Contractors, Inc.",FL,Hialeah,+1 305-826-2645,https://floridahvaccontractorinc.com/,info@flahvac.com,8,"https://www.google.com/maps/place/Florida+HVAC+Contractors,+Inc./data=!4m7!3m6!1s0x88d9bb39ee2c4e23:0x459eeb2ddbe8dfc4!8m2!3d25.8930338!4d-80.3312765!16s%2Fg%2F11c0qy_jl5!19sChIJI04s7jm72YgRxN_o2y3rnkU?authuser=0&hl=en&rclk=1",Single Location
ESA AC Services,FL,Hialeah,+1 754-368-8887,https://esaacservices.com/,info@mysite.com,33,https://www.google.com/maps/place/ESA+AC+Services/data=!4m7!3m6!1s0x699ce5e4baeaebbb:0x56b7a5d864ffea8f!8m2!3d25.8921115!4d-80.3388363!16s%2Fg%2F11xclc6152!19sChIJu-vquuTlnGkRj-r_ZNilt1Y?authuser=0&hl=en&rclk=1,Single Location
Quamec Air Conditioning,FL,Hialeah,+1 305-846-9209,http://www.quamec.net/,info@quamec.net,253,https://www.google.com/maps/place/Quamec+Air+Conditioning/data=!4m7!3m6!1s0x88d9ba55d047b15d:0x764aec376d63bbae!8m2!3d25.8918788!4d-80.2900373!16s%2Fg%2F11cn0py2wl!19sChIJXbFH0FW62YgRrrtjbTfsSnY?authuser=0&hl=en&rclk=1,Single Location
AC Repair Hialeah Pros,FL,Hialeah,+1 786-386-4548,https://acrepairhialeahpros.pro/,info@acrepairhialeahpros.pro,5,https://www.google.com/maps/place/AC+Repair+Hialeah+Pros/data=!4m7!3m6!1s0x88d9bb86fa42059b:0xb5e5515cfee1378!8m2!3d25.8658421!4d-80.3151981!16s%2Fg%2F11zb9k30w2!19sChIJmwVC-oa72YgReBPuzxVVXgs?authuser=0&hl=en&rclk=1,Single Location
Aircon Management,FL,Hialeah,+1 786-216-6870,https://www.airconmgt.com/,contact@airconmgt.com,42,https://www.google.com/maps/place/Aircon+Management/data=!4m7!3m6!1s0x88d9bb03dd4ea965:0x51a4f187571da643!8m2!3d25.8684663!4d-80.3038781!16s%2Fg%2F11ll3sv6nc!19sChIJZalO3QO72YgRQ6YdV4fxpFE?authuser=0&hl=en&rclk=1,Single Location
ReliableCool AC Repairs,FL,Hialeah,+1 786-224-2833,https://reliablecoolacrepairs.com/,info@reliablecoolacrepairs.com,2,https://www.google.com/maps/place/ReliableCool+AC+Repairs/data=!4m7!3m6!1s0x88d9bb0aa041f899:0xc32da365a55e87fd!8m2!3d25.8588849!4d-80.3248861!16s%2Fg%2F11ykwvywqw!19sChIJmfhBoAq72YgR_YdepWWjLcM?authuser=0&hl=en&rclk=1,Single Location
KingCool AC Repairs,FL,Hialeah,+1 786-342-2936,https://kingcoolacrepairs.com/,info@kingcoolacrepairs.com,1,https://www.google.com/maps/place/KingCool+AC+Repairs/data=!4m7!3m6!1s0x88d9bb679deed3e5:0x38d942838ffd1275!8m2!3d25.8689708!4d-80.3328483!16s%2Fg%2F11mkcfn7lh!19sChIJ5dPunWe72YgRdRL9j4NC2Tg?authuser=0&hl=en&rclk=1,Single Location
Universe AC Repair Services,FL,Hialeah,+1 786-361-9783,https://universeservicesac.com/,info@universeservicesac.com,13,https://www.google.com/maps/place/Universe+AC+Repair+Services/data=!4m7!3m6!1s0x2088903dde1dcf4d:0x3d4dc08f67954d1b!8m2!3d25.7464834!4d-80.4482804!16s%2Fg%2F11nb_8_g3p!19sChIJTc8d3j2QiCARG02VZ4_ATT0?authuser=0&hl=en&rclk=1,Single Location
High Flow Heating & Cooling,FL,Hialeah,+1 786-982-0486,https://www.highflowheatingacrepair.com/hialeah-fl/,info@highflowheatingacrepair.com,2,https://www.google.com/maps/place/High+Flow+Heating+%26+Cooling/data=!4m7!3m6!1s0x68b6b9fbade6abdb:0x8ad64336f784e8db!8m2!3d25.866939!4d-80.3133585!16s%2Fg%2F11lds_1x0b!19sChIJ26vmrfu5tmgR2-iE9zZD1oo?authuser=0&hl=en&rclk=1,Single Location
South Florida Heating And Air Conditioning,FL,Hialeah,+1 645-232-5522,http://sfheatandair.com/,sfheatandair@yahoo.com,30,https://www.google.com/maps/place/South+Florida+Heating+And+Air+Conditioning/data=!4m7!3m6!1s0x88d9ba70b40e2909:0x29fb10f4b721764b!8m2!3d25.86911!4d-80.2946165!16s%2Fg%2F11wbwpwmj4!19sChIJCSkOtHC62YgRS3Yht_QQ-yk?authuser=0&hl=en&rclk=1,Single Location
Lombard Air Conditioning LLC,FL,Hialeah,+1 786-952-6589,https://lombardacmiami.com/,sales@lombardac.com,23,https://www.google.com/maps/place/Lombard+Air+Conditioning+LLC/data=!4m7!3m6!1s0x8d95082408f91501:0x345097cde4c7acd0!8m2!3d25.8692548!4d-80.295909!16s%2Fg%2F11y45f07w3!19sChIJARX5CCQIlY0R0KzH5M2XUDQ?authuser=0&hl=en&rclk=1,Single Location
24/7,FL,Hialeah,+1 305-554-0911,https://www.24-7airconditioningservice.com/,24.7aircservice@gmail.com,10,https://www.google.com/maps/place/24%2F7/data=!4m7!3m6!1s0x88d9bb1b2db0ed7b:0xfc0a50a7badc257b!8m2!3d25.8928194!4d-80.3325167!16s%2Fg%2F11mdfj5j5x!19sChIJe-2wLRu72YgReyXcuqdQCvw?authuser=0&hl=en&rclk=1,Single Location
"Tracy Steele Air Conditioning, Inc",FL,Port St. Lucie,+1 772-336-2448,http://tracysteeleac.com/,tracysteeleac@gmail.com,450,"https://www.google.com/maps/place/Tracy+Steele+Air+Conditioning,+Inc/data=!4m7!3m6!1s0x88deeafeb65ae2d7:0x1fbfde30db4aa812!8m2!3d27.262129!4d-80.415042!16s%2Fg%2F11b5zx1f6n!19sChIJ1-Jatv7q3ogREqhK2zDevx8?authuser=0&hl=en&rclk=1",Single Location
Trusted Air Conditioning,FL,Port St. Lucie,+1 772-877-2854,https://www.trustedair.net/,servicebytrustedac@gmail.com,269,https://www.google.com/maps/place/Trusted+Air+Conditioning/data=!4m7!3m6!1s0x88deed809019325d:0x75537dd2edbd2bad!8m2!3d26.7577429!4d-80.4301795!16s%2Fg%2F11hf5phff_!19sChIJXTIZkIDt3ogRrSu97dJ9U3U?authuser=0&hl=en&rclk=1,Single Location
Pelican Air Conditioning LLC,FL,Port St. Lucie,+1 772-882-8246,http://pelicanac4me.com/,pelicanairllc@gmail.com,79,https://www.google.com/maps/place/Pelican+Air+Conditioning+LLC/data=!4m7!3m6!1s0x88dee9daee4ac199:0xcd99157bfa4c0c8e!8m2!3d27.2955778!4d-80.3385296!16s%2Fg%2F11ng6mk1yj!19sChIJmcFK7trp3ogRjgxM-nsVmc0?authuser=0&hl=en&rclk=1,Single Location
Indoor Air Care Inc,FL,Port St. Lucie,+1 772-985-3178,https://indooraircare.net/,indooraircarepsl@gmail.com,145,https://www.google.com/maps/place/Indoor+Air+Care+Inc/data=!4m7!3m6!1s0x88dee9615ea95b91:0xbb6d492768f64bdb!8m2!3d27.2813399!4d-80.3614933!16s%2Fg%2F11b6dqfqfc!19sChIJkVupXmHp3ogR20v2aCdJbbs?authuser=0&hl=en&rclk=1,Single Location
Legacy Heating & Cooling LLC,FL,Port St. Lucie,+1 772-924-9340,https://www.legacyheatingncooling.com/,legacyheatingandcooling1@gmail.com,85,https://www.google.com/maps/place/Legacy+Heating+%26+Cooling+LLC/data=!4m7!3m6!1s0x84053d67630e675:0xf3fa6fb481edd045!8m2!3d27.300796!4d-80.37611!16s%2Fg%2F11w5b17q3h!19sChIJdeYwdtZTQAgRRdDtgbRv-vM?authuser=0&hl=en&rclk=1,Single Location
Heat Busters Air Conditioning,FL,Port St. Lucie,+1 561-878-2491,https://heatbusterac.com/,info@heatbustersac.com,55,https://www.google.com/maps/place/Heat+Busters+Air+Conditioning/data=!4m7!3m6!1s0x2f415b7d8cf9a65:0xd3ccc5aad54351f0!8m2!3d27.2742033!4d-80.3865027!16s%2Fg%2F11v05f1tq0!19sChIJZZrP2LcV9AIR8FFD1arFzNM?authuser=0&hl=en&rclk=1,Single Location
EDM FL AIR CONDITIONING,FL,Port St. Lucie,+1 561-906-6536,http://www.edmfl.com/,service@edmfl.com,154,https://www.google.com/maps/place/EDM+FL+AIR+CONDITIONING/data=!4m7!3m6!1s0x88d929b0eb9724cb:0x1c470eb170edf62d!8m2!3d27.2748495!4d-80.369139!16s%2Fg%2F11sbssqzf1!19sChIJyySX67Ap2YgRLfbtcLEORxw?authuser=0&hl=en&rclk=1,Single Location
Franklin's HVAC LLC,FL,Tallahassee,+1 850-688-3581,https://www.franklinshvacllc.com/,franklinshvac@aol.com,54,https://www.google.com/maps/place/Franklin%27s+HVAC+LLC/data=!4m7!3m6!1s0x88ec58afe12cea0f:0x976fa8d04d21737!8m2!3d30.5119395!4d-84.2501047!16s%2Fg%2F11gh2f3z_p!19sChIJD-os4a9Y7IgRNxfSBI36dgk?authuser=0&hl=en&rclk=1,Single Location
Noble Air Solutions,FL,Tallahassee,+1 850-273-5737,http://nobleairsolutions.com/,austen@nobleairsolutions.com,305,https://www.google.com/maps/place/Noble+Air+Solutions/data=!4m7!3m6!1s0x8d647baa104c791:0x56edd05b95cf58e3!8m2!3d30.4692053!4d-84.3526247!16s%2Fg%2F11vl92gq9t!19sChIJkccEobpH1ggR41jPlVvQ7VY?authuser=0&hl=en&rclk=1,Single Location
Todd King's Heating & Cooling,FL,Tallahassee,+1 850-907-5772,http://www.toddkingsheatingandcooling.com/,toddkingsheatingandcooling@gmail.com,203,https://www.google.com/maps/place/Todd+King%27s+Heating+%26+Cooling/data=!4m7!3m6!1s0x88ecf5e9c9fe12a9:0x25dd953947e1b399!8m2!3d30.486697!4d-84.227222!16s%2Fg%2F1th4b6qy!19sChIJqRL-yen17IgRmbPhRzmV3SU?authuser=0&hl=en&rclk=1,Single Location
Locke's Air Conditioning,FL,Tallahassee,+1 850-296-7253,https://lockesairconditioning.com/,service@lockesairconditioning.com,127,https://www.google.com/maps/place/Locke%27s+Air+Conditioning/data=!4m7!3m6!1s0x88ec95286a82d531:0xd7fb9a92db10b266!8m2!3d30.4728002!4d-84.2853913!16s%2Fg%2F11lw37ry54!19sChIJMdWCaiiV7IgRZrIQ25Ka-9c?authuser=0&hl=en&rclk=1,Single Location
Tadlock Heating & Air Conditioning,FL,Tallahassee,+1 850-761-4407,https://tadlockhvac.com/?utm_campaign=gmb,info@tadlockhvac.com,178,https://www.google.com/maps/place/Tadlock+Heating+%26+Air+Conditioning/data=!4m7!3m6!1s0x88ecf5d44491941f:0xe96d323dde22ea54!8m2!3d30.5149937!4d-84.2013191!16s%2Fg%2F11vwm6q_7y!19sChIJH5SRRNT17IgRVOoi3j0ybek?authuser=0&hl=en&rclk=1,Single Location
Air Pros Heating & Air Conditioning LLC,FL,Tallahassee,,http://airprosfl.net/,contactus@airprosfl.net,50,https://www.google.com/maps/place/Air+Pros+Heating+%26+Air+Conditioning+LLC/data=!4m7!3m6!1s0x88ecf17ca85421bb:0x281e82bfb65035ec!8m2!3d30.5068234!4d-84.3514509!16s%2Fg%2F11jft1mkns!19sChIJuyFUqHzx7IgR7DVQtr-CHig?authuser=0&hl=en&rclk=1,Single Location
Air Now Heating & Cooling,FL,Cape Coral,+1 239-464-5323,https://www.airnowfl.com/,contact@airnowfl.com,114,https://www.google.com/maps/place/Air+Now+Heating+%26+Cooling/data=!4m7!3m6!1s0x88db4180102ef60d:0xb85b98e144a80cf7!8m2!3d26.6318146!4d-81.9506312!16s%2Fg%2F11v9hnz34c!19sChIJDfYuEIBB24gR9wyoROGYW7g?authuser=0&hl=en&rclk=1,Single Location
Air Conditioning Repair Services | MMW Construction Corp,FL,Cape Coral,+1 239-770-5900,https://mmw.construction/,contact@mmw.construction,52,https://www.google.com/maps/place/Air+Conditioning+Repair+Services+%7C+MMW+Construction+Corp/data=!4m7!3m6!1s0x473d62eee54fd307:0x4040282f861f68e7!8m2!3d26.6866738!4d-81.9287833!16s%2Fg%2F11y_x73sbz!19sChIJB9NP5e5iPUcR52gfhi8oQEA?authuser=0&hl=en&rclk=1,Single Location
Bakers Heating & Air Conditioning,FL,Cape Coral,+1 239-283-0238,https://bakersac.com/,office@bakersac.com,144,https://www.google.com/maps/place/Bakers+Heating+%26+Air+Conditioning/data=!4m7!3m6!1s0x146cf6d038741b59:0xbe30f18d352f2af0!8m2!3d26.6351894!4d-81.9454447!16s%2Fg%2F11b7gqfm2m!19sChIJWRt0OND2bBQR8CovNY3xML4?authuser=0&hl=en&rclk=1,Single Location
Surfside Heating and Cooling Inc.,FL,Cape Coral,+1 239-541-4225,http://surfsideheatingandcooling.com/,brian@surfsideacs.com,61,https://www.google.com/maps/place/Surfside+Heating+and+Cooling+Inc./data=!4m7!3m6!1s0x88db47a4e60f0151:0x7cecb7bfb3a95b8f!8m2!3d26.6531451!4d-81.9661551!16s%2Fg%2F11j3wyq3gj!19sChIJUQEP5qRH24gRj1ups7-37Hw?authuser=0&hl=en&rclk=1,Single Location
Twin Services Heating and Cooling,FL,Cape Coral,+1 239-699-1019,https://twinservicesheatingandcooling.com/?utm_source=gmb&utm_medium=organic&utm_campaign=gmb_whatsapp,hello@twinservicesheatingandcooling.com,319,https://www.google.com/maps/place/Twin+Services+Heating+and+Cooling/data=!4m7!3m6!1s0x2a3dc9ddd3eb28a3:0x1787a22e7c99a80b!8m2!3d26.6639762!4d-81.9335863!16s%2Fg%2F11l2bzw8ls!19sChIJoyjr093JPSoRC6iZfC6ihxc?authuser=0&hl=en&rclk=1,Single Location
Service Pro's Air Conditioning,FL,Cape Coral,+1 239-984-5905,https://www.serviceprosac.com/,serviceprosac@yahoo.com,97,https://www.google.com/maps/place/Service+Pro%27s+Air+Conditioning/data=!4m7!3m6!1s0x88db47afc8590eb5:0x59fb66ae9f29fa6c!8m2!3d26.6621821!4d-81.9791238!16s%2Fg%2F11qptf90dj!19sChIJtQ5ZyK9H24gRbPopn65m-1k?authuser=0&hl=en&rclk=1,Single Location
Real AC Refrigeration Inc,FL,Cape Coral,+1 239-603-3070,https://realacrefrigeration.com/,realacrefrigeration@yahoo.com,109,https://www.google.com/maps/place/Real+AC+Refrigeration+Inc/data=!4m7!3m6!1s0x88db468de802125b:0xf5176ffabf67239!8m2!3d26.6494247!4d-81.989199!16s%2Fg%2F11dx8nbsbr!19sChIJWxIC6I1G24gROXL2q_92UQ8?authuser=0&hl=en&rclk=1,Single Location
Griffith Cooling and Heating - An Elevate Home Services Company,FL,Cape Coral,+1 239-458-0518,http://www.griffcool.com/,griffcoolheat@gmail.com,86,https://www.google.com/maps/place/Griffith+Cooling+and+Heating+-+An+Elevate+Home+Services+Company/data=!4m7!3m6!1s0x88db43ff7ed1ee45:0x7659b919e7efc6fe!8m2!3d26.6661732!4d-81.9531679!16s%2Fg%2F1pwfcgh4x!19sChIJRe7Rfv9D24gR_sbv5xm5WXY?authuser=0&hl=en&rclk=1,Single Location
"Comfort Zone Air Conditioning, Inc",FL,Fort Lauderdale,+1 754-666-7023,https://www.czairconditioning.com/,info@czairconditioning.com,375,"https://www.google.com/maps/place/Comfort+Zone+Air+Conditioning,+Inc/data=!4m7!3m6!1s0x88d903a48eed2729:0x5aa93bc870e61be1!8m2!3d26.4638465!4d-80.4301795!16s%2Fg%2F11r2r4n18f!19sChIJKSftjqQD2YgR4RvmcMg7qVo?authuser=0&hl=en&rclk=1",Single Location
"Aloha Air Conditioning, Inc.",FL,Fort Lauderdale,+1 954-772-0079,https://www.alohaac.com/,support@alohaac.com,147,"https://www.google.com/maps/place/Aloha+Air+Conditioning,+Inc./data=!4m7!3m6!1s0x88d901c299c953f5:0x53962c26ba362c4c!8m2!3d26.1228532!4d-80.130554!16s%2Fg%2F11gnrlv8qz!19sChIJ9VPJmcIB2YgRTCw2uiYsllM?authuser=0&hl=en&rclk=1",Single Location
Fort-Lauderdale Ac Repair,FL,Fort Lauderdale,+1 754-266-3008,http://fort-lauderdaleacrepair.com/,info@fort-lauderdaleacrepair.com,11,https://www.google.com/maps/place/Fort-Lauderdale+Ac+Repair/data=!4m7!3m6!1s0x88d9013da9b9785d:0x7ced6ea9555acc83!8m2!3d26.0940543!4d-80.1382608!16s%2Fg%2F11sjcynhzq!19sChIJXXi5qT0B2YgRg8xaValu7Xw?authuser=0&hl=en&rclk=1,Single Location
Stay Cool HVAC In Florida LLC,FL,Fort Lauderdale,+1 954-477-9399,https://staycoolinflorida.com/,support@staycooltoday.com,350,https://www.google.com/maps/place/Stay+Cool+HVAC+In+Florida+LLC/data=!4m7!3m6!1s0x88d9a9f2e464a481:0x9758c747ed29c3ac!8m2!3d26.2558468!4d-80.1487459!16s%2Fg%2F11kqw5v5zn!19sChIJgaRk5PKp2YgRrMMp7UfHWJc?authuser=0&hl=en&rclk=1,Single Location
Serv Tech Air Conditioning Solutions,FL,Fort Lauderdale,+1 954-417-1008,https://www.servicestechac.com/,info@servicestechac.com,206,https://www.google.com/maps/place/Serv+Tech+Air+Conditioning+Solutions/data=!4m7!3m6!1s0x88d903aac3fcd3cf:0x6fa9e5849e0aa4f7!8m2!3d26.204999!4d-80.1089832!16s%2Fg%2F11ns5t4tpt!19sChIJz9P8w6oD2YgR96QKnoTlqW8?authuser=0&hl=en&rclk=1,Single Location
Advanced Air Systems,FL,Fort Lauderdale,+1 954-332-1418,http://www.advancedairsystem.com/,service@advancedairsystem.com,123,https://www.google.com/maps/place/Advanced+Air+Systems/data=!4m7!3m6!1s0x88d90140a6993963:0xf54fed5dd472ed51!8m2!3d26.153509!4d-80.170156!16s%2Fg%2F1xfspjh6!19sChIJYzmZpkAB2YgRUe1y1F3tT_U?authuser=0&hl=en&rclk=1,Single Location
"Fahrenheit AC, INC",FL,Fort Lauderdale,+1 954-793-8610,http://www.fahrenheitacfl.com/,service@fahrenheitacfl.com,78,"https://www.google.com/maps/place/Fahrenheit+AC,+INC/data=!4m7!3m6!1s0x88d904669a71f457:0x996d7af3df822313!8m2!3d26.1751316!4d-80.2030006!16s%2Fg%2F12hp9kpsw!19sChIJV_RxmmYE2YgREyOC3_N6bZk?authuser=0&hl=en&rclk=1",Single Location
Fort Lauderdale AC Services,FL,Fort Lauderdale,+1 754-296-7002,https://www.fortlauderdaleacservices.com/,support@fortlauderdaleacservices.com,2,https://www.google.com/maps/place/Fort+Lauderdale+AC+Services/data=!4m7!3m6!1s0x88d90134c2d7f8d1:0x1b23f4ee67e4d718!8m2!3d26.1201192!4d-80.1389331!16s%2Fg%2F11h0m3t4v1!19sChIJ0fjXwjQB2YgRGNfkZ-70Ixs?authuser=0&hl=en&rclk=1,Single Location
AC Repair Oakland Park Pros,FL,Fort Lauderdale,+1 954-380-3908,https://acrepairoaklandpark.pro/,info@acrepairoaklandpark.pro,5,https://www.google.com/maps/place/AC+Repair+Oakland+Park+Pros/data=!4m7!3m6!1s0x88d9016d53d25225:0x824f31d27a187b2a!8m2!3d26.1656456!4d-80.1329299!16s%2Fg%2F11zbq4bzf6!19sChIJJVLSU20B2YgRKnsYetIxT4I?authuser=0&hl=en&rclk=1,Single Location
All Area A/C & Heating,AZ,Phoenix,+1 602-718-9363,https://allareaacandheating.com/,oscarzeballos79@gmail.com,219,https://www.google.com/maps/place/All+Area+A%2FC+%26+Heating/data=!4m7!3m6!1s0x872b10f78f1affd9:0x3da4886ebd34945a!8m2!3d33.3819997!4d-112.0995913!16s%2Fg%2F12mkw90vs!19sChIJ2f8aj_cQK4cRWpQ0vW6IpD0?authuser=0&hl=en&rclk=1,Single Location
Semper Fi Heating and Cooling,AZ,Phoenix,+1 623-283-2272,https://www.semperfiheatingcooling.com/heating-cooling-phoenix-az/?utm_source=GBPSouthPHX,customercare@www.semperfiheatingcooling.com,211,https://www.google.com/maps/place/Semper+Fi+Heating+and+Cooling/data=!4m7!3m6!1s0x872b13b5e4cd0591:0x5718d8d83909fdc0!8m2!3d33.4792507!4d-112.139823!16s%2Fg%2F11wv_xwczj!19sChIJkQXN5LUTK4cRwP0JOdjYGFc?authuser=0&hl=en&rclk=1,Single Location
4Him Cooling and Heating Co,AZ,Phoenix,+1 623-294-1512,https://www.4himcooling.com/?utm_campaign=gmb,4himcooling@gmail.com,432,https://www.google.com/maps/place/4Him+Cooling+and+Heating+Co/data=!4m7!3m6!1s0x651f0bcd28f0d697:0x7b5ef4de6fb6c895!8m2!3d33.5679587!4d-112.109688!16s%2Fg%2F11y5m07ndf!19sChIJl9bwKM0LH2URlci2b970Xns?authuser=0&hl=en&rclk=1,Single Location
Biltmore Mechanical Heating And Cooling LLC,AZ,Phoenix,+1 602-885-7328,http://www.biltmoremechanical.com/,sales@biltmoremechanical.com,48,https://www.google.com/maps/place/Biltmore+Mechanical+Heating+And+Cooling+LLC/data=!4m7!3m6!1s0x872b0ddbd5e84db9:0x8226c224e668f95!8m2!3d33.4954908!4d-112.0718654!16s%2Fg%2F11h3nthq9l!19sChIJuU3o1dsNK4cRlY9mTiJsIgg?authuser=0&hl=en&rclk=1,Single Location
Just Air LLC,AZ,Phoenix,+1 602-595-8544,http://justairllc.com/,%20justairac@gmail.com,351,https://www.google.com/maps/place/Just+Air+LLC/data=!4m7!3m6!1s0x872b71f662ff24a7:0xddce1357c21985a4!8m2!3d33.6249185!4d-112.0301819!16s%2Fg%2F1tftfsj8!19sChIJpyT_YvZxK4cRpIUZwlcTzt0?authuser=0&hl=en&rclk=1,Single Location
Gladiate Air Conditioning & Heating LLC,AZ,Phoenix,+1 623-249-4536,https://gladiateair.com/?y_source=1_OTc0MzE2NS03MTUtbG9jYXRpb24ud2Vic2l0ZQ%3D%3D,gladiateair@gmail.com,146,https://www.google.com/maps/place/Gladiate+Air+Conditioning+%26+Heating+LLC/data=!4m7!3m6!1s0x872b6bea6834f2a9:0x45952554e5cc58cd!8m2!3d33.68091!4d-112.083714!16s%2Fg%2F11f695zy_v!19sChIJqfI0aOprK4cRzVjM5VQllUU?authuser=0&hl=en&rclk=1,Single Location
HVAC Heating & Cooling LLC,AZ,Tucson,+1 520-833-8982,http://hvacheatingandcoolingllc.com/,hvac8982@gmail.com,8,https://www.google.com/maps/place/HVAC+Heating+%26+Cooling+LLC/data=!4m7!3m6!1s0x86d67915e7bca097:0xc74a78d436581cc9!8m2!3d32.1523677!4d-111.0136049!16s%2Fg%2F11j026wwqy!19sChIJl6C85xV51oYRyRxYNtR4Ssc?authuser=0&hl=en&rclk=1,Single Location
Family Air LLC,AZ,Tucson,+1 520-399-5850,https://familyairaz.com/,familyairllc@gmail.com,408,https://www.google.com/maps/place/Family+Air+LLC/data=!4m7!3m6!1s0x86d67051a9ebbf23:0xd2ed54afadc7ff3!8m2!3d32.2203955!4d-110.9416832!16s%2Fg%2F1tjz3tns!19sChIJI7_rqVFw1oYR83_c-krVLg0?authuser=0&hl=en&rclk=1,Single Location
Rincon Air Conditioning,AZ,Tucson,+1 520-327-6311,http://www.rinconac.com/,info@rinconac.com,106,https://www.google.com/maps/place/Rincon+Air+Conditioning/data=!4m7!3m6!1s0x86d66fcd44369271:0x2721fff55631f792!8m2!3d32.2358553!4d-110.8900932!16s%2Fg%2F1thl195t!19sChIJcZI2RM1v1oYRkvcxVvX_ISc?authuser=0&hl=en&rclk=1,Single Location
D and S Air LLC,AZ,Tucson,+1 520-743-3633,http://dandsair.com/,dsairtsn_office@aol.com,280,https://www.google.com/maps/place/D+and+S+Air+LLC/data=!4m7!3m6!1s0x86d671426a133c9d:0x39deb23f891b3227!8m2!3d32.2090753!4d-110.8216368!16s%2Fg%2F1tfzh66j!19sChIJnTwTakJx1oYRJzIbiT-y3jk?authuser=0&hl=en&rclk=1,Single Location
Temco AC Repair & Replacement,AZ,Tucson,+1 520-341-2178,https://temcoair.com/?utm_source=google&utm_medium=organic&utm_campaign=gbp,info@temcoac.com,306,https://www.google.com/maps/place/Temco+AC+Repair+%26+Replacement/data=!4m7!3m6!1s0x86d671c061474b47:0xbdcf9136b1b9db90!8m2!3d32.2501575!4d-110.92563!16s%2Fg%2F1td0ngkb!19sChIJR0tHYcBx1oYRkNu5sTaRz70?authuser=0&hl=en&rclk=1,Single Location
Alan's Air,AZ,Mesa,+1 602-469-1824,https://www.alansairplumbingaz.com/,support@alansairplumbingaz.com,170,https://www.google.com/maps/place/Alan%27s+Air/data=!4m7!3m6!1s0x872b0bd35915357f:0x6f918b26ea8e6476!8m2!3d33.4088584!4d-111.8848921!16s%2Fg%2F126413wzf!19sChIJfzUVWdMLK4cRdmSO6iaLkW8?authuser=0&hl=en&rclk=1,Single Location
Martin Air HVAC,AZ,Mesa,+1 480-500-7393,https://www.martinairhvac.com/,info@martinairhvac.com,374,https://www.google.com/maps/place/Martin+Air+HVAC/data=!4m7!3m6!1s0x872baf0abf01abef:0x702fb87b5384d944!8m2!3d33.4069!4d-111.8040156!16s%2Fg%2F11k2rvn2xg!19sChIJ76sBvwqvK4cRRNmEU3u4L3A?authuser=0&hl=en&rclk=1,Single Location
Mark Daniels Air Conditioning & Heating,AZ,Mesa,+1 480-571-7219,https://www.markdanielsac.com/,service@markdanielsac.com,406,https://www.google.com/maps/place/Mark+Daniels+Air+Conditioning+%26+Heating/data=!4m7!3m6!1s0x872bbae005f00001:0xd360660aaf663bd!8m2!3d33.4768307!4d-111.7290348!16s%2Fg%2F11fm3trd_t!19sChIJAQDwBeC6K4cRvWP2qmAGNg0?authuser=0&hl=en&rclk=1,Single Location
Complete Comfort Home Services,AZ,Mesa,+1 480-630-4485,http://www.completecomfortaz.com/,info@vesselhomeservices.com,422,https://www.google.com/maps/place/Complete+Comfort+Home+Services/data=!4m7!3m6!1s0x872baf3eb55838fb:0x6da0b0ae1cf0c693!8m2!3d33.4363185!4d-111.843209!16s%2Fg%2F11fk8cy_57!19sChIJ-zhYtT6vK4cRk8bwHK6woG0?authuser=0&hl=en&rclk=1,Single Location
Dependable Air LLC,AZ,Mesa,+1 480-232-3647,https://dependableairaz.com/,dependableairaz@gmail.com,136,https://www.google.com/maps/place/Dependable+Air+LLC/data=!4m7!3m6!1s0x872baeb4412ddda3:0x8c7aa44278c367ca!8m2!3d33.3945593!4d-111.6836794!16s%2Fg%2F11gr3jg6vh!19sChIJo90tQbSuK4cRymfDeEKkeow?authuser=0&hl=en&rclk=1,Single Location
Bleuwave HVAC,AZ,Chandler,+1 480-863-5855,https://bleuwaveacrepair.com/,info@bleuwaveacrepair.com,301,https://www.google.com/maps/place/Bleuwave+HVAC/data=!4m7!3m6!1s0x872bab28a01bb905:0x9ecf7f0a726c7534!8m2!3d33.2799808!4d-111.8014569!16s%2Fg%2F11t4ys4lkq!19sChIJBbkboCirK4cRNHVscgp_z54?authuser=0&hl=en&rclk=1,Single Location
Ken Muncy Air Conditioning,AZ,Chandler,+1 480-210-9071,https://www.kenmuncy.com/,reid@kenmuncy.com,317,https://www.google.com/maps/place/Ken+Muncy+Air+Conditioning/data=!4m7!3m6!1s0x872baecd59e7ddcb:0x27e4782f03fde181!8m2!3d33.3365712!4d-111.8343418!16s%2Fg%2F1v42g8d3!19sChIJy93nWc2uK4cRgeH9Ay945Cc?authuser=0&hl=en&rclk=1,Single Location
Arizaz Heating and Cooling,AZ,Chandler,+1 480-343-4034,https://arizazheatingandcooling.com/,arizazco@gmail.com,253,https://www.google.com/maps/place/Arizaz+Heating+and+Cooling/data=!4m7!3m6!1s0xe6db8fff24e7e51:0x61cd03b32f0aed99!8m2!3d33.3518026!4d-111.840341!16s%2Fg%2F11k444s0xd!19sChIJUX5O8v-4bQ4Rme0KL7MDzWE?authuser=0&hl=en&rclk=1,Single Location
Arizona EZ AC,AZ,Chandler,+1 480-660-6604,https://azezac.com/,info@azezac.com,27,https://www.google.com/maps/place/Arizona+EZ+AC/data=!4m7!3m6!1s0x4147bfe6a59094a1:0x738a7c9353152c96!8m2!3d33.3260896!4d-111.8101674!16s%2Fg%2F11vwkspvlt!19sChIJoZSQpea_R0ERliwVU5N8inM?authuser=0&hl=en&rclk=1,Single Location
Rush HVAC Services,AZ,Chandler,+1 602-370-6847,https://rushhvacservices.com/,info@rushhvacservices.com,39,https://www.google.com/maps/place/Rush+HVAC+Services/data=!4m7!3m6!1s0x48f68811dfd5c369:0xeb8e4b71ffe29d24!8m2!3d33.2892371!4d-111.8813074!16s%2Fg%2F11w3z8llhm!19sChIJacPV3xGI9kgRJJ3i_3FLjus?authuser=0&hl=en&rclk=1,Single Location
Antrim Air,AZ,Chandler,+1 480-664-6575,https://www.antrimair.com/,agilmore@antrimair.com,100,https://www.google.com/maps/place/Antrim+Air/data=!4m7!3m6!1s0x872b00a0fd8ab635:0x4ee46af985dec34b!8m2!3d33.320906!4d-111.89554!16s%2Fg%2F1hc25br9q!19sChIJNbaK_aAAK4cRS8Pehflq5E4?authuser=0&hl=en&rclk=1,Single Location
Reliable Chandler HVAC Services,AZ,Chandler,+1 520-842-5055,https://reliablechandlerhvacservices.com/,info@reliablechandlerhvacservices.com,12,https://www.google.com/maps/place/Reliable+Chandler+HVAC+Services/data=!4m7!3m6!1s0x67b4333100fd2bb9:0xae9e691d035fbddd!8m2!3d33.3072521!4d-111.8752427!16s%2Fg%2F11x_pdydyh!19sChIJuSv9ADEztGcR3b1fAx1pnq4?authuser=0&hl=en&rclk=1,Single Location
Agape Air Heating & Cooling,AZ,Gilbert,+1 602-755-6854,https://www.agapeair.com/?utm_source=google&utm_medium=organic&utm_campaign=gbp,info@agapeair.com,199,https://www.google.com/maps/place/Agape+Air+Heating+%26+Cooling/data=!4m7!3m6!1s0x872ba99022ea1dc7:0xadb20956e4f1fd12!8m2!3d33.374155!4d-111.8157006!16s%2Fg%2F1tf2spnw!19sChIJxx3qIpCpK4cREv3x5FYJsq0?authuser=0&hl=en&rclk=1,Single Location
Simply The Best Heating And Cooling,AZ,Gilbert,+1 480-361-8458,https://www.simplythebestac.com/,contactus@simplythebestac.com,208,https://www.google.com/maps/place/Simply+The+Best+Heating+And+Cooling/data=!4m7!3m6!1s0x872ba9030724a6b9:0xc1f2323d1c656c39!8m2!3d33.3082264!4d-111.757066!16s%2Fg%2F1tjs5dn_!19sChIJuaYkBwOpK4cROWxlHD0y8sE?authuser=0&hl=en&rclk=1,Single Location
Hicken Air,AZ,Gilbert,+1 480-686-1919,https://www.hickenair.com/?utm_source=google&utm_medium=organic&utm_campaign=GMBListing-Gilbert-AZ,info@hickenair.com,406,https://www.google.com/maps/place/Hicken+Air/data=!4m7!3m6!1s0x872ba9b8ddae1f77:0x5ebad745e96160f0!8m2!3d33.3671715!4d-111.7885849!16s%2Fg%2F11cls_6_8n!19sChIJdx-u3bipK4cR8GBh6UXXul4?authuser=0&hl=en&rclk=1,Single Location
Sun Valley Air Conditioning & Heating,AZ,Gilbert,+1 480-565-7408,https://sunvalleyac.com/?utm_campaign=gmb,service@snowmanair.com,134,https://www.google.com/maps/place/Sun+Valley+Air+Conditioning+%26+Heating/data=!4m7!3m6!1s0x83d42141b47913b1:0xf4e2b654bc269497!8m2!3d33.341978!4d-111.778523!16s%2Fg%2F11vx6n5mb9!19sChIJsRN5tEEh1IMRl5QmvFS24vQ?authuser=0&hl=en&rclk=1,Single Location
Pineapple Air Heating & Cooling,AZ,Gilbert,+1 480-310-0240,http://pineappleairaz.com/,info@pineappleairaz.com,209,https://www.google.com/maps/place/Pineapple+Air+Heating+%26+Cooling/data=!4m7!3m6!1s0x872bade31e776f6f:0xac6339e8946c034!8m2!3d33.357712!4d-111.805297!16s%2Fg%2F11g_x78rfl!19sChIJb293HuOtK4cRNMBGiZ4zxgo?authuser=0&hl=en&rclk=1,Single Location
American Cooling And Heating,AZ,Gilbert,+1 480-699-2516,https://www.americancoolingandheating.com/,service@americancoolingandheating.com,166,https://www.google.com/maps/place/American+Cooling+And+Heating/data=!4m7!3m6!1s0x872ba91ecab7f6ff:0xf4a9b7bb49fb78ca!8m2!3d33.377167!4d-111.752783!16s%2Fg%2F1tff820p!19sChIJ__a3yh6pK4cRynj7Sbu3qfQ?authuser=0&hl=en&rclk=1,Single Location
High Efficiency Air Conditioning Inc.,AZ,Gilbert,+1 480-262-5022,http://hehvac.com/,gus@mail.hehvac.com,32,https://www.google.com/maps/place/High+Efficiency+Air+Conditioning+Inc./data=!4m7!3m6!1s0x872ba847bef7a3b9:0x93e1510f49fdf910!8m2!3d33.3604172!4d-111.83!16s%2Fg%2F1tgpnhjk!19sChIJuaP3vkeoK4cREPn9SQ9R4ZM?authuser=0&hl=en&rclk=1,Single Location
Chapman's Quality Comfort,AZ,Gilbert,+1 623-227-8913,http://chapmansqualitycomfort.com/,chapmansqualitycomfort@gmail.com,124,https://www.google.com/maps/place/Chapman%27s+Quality+Comfort/data=!4m7!3m6!1s0x2b7de9af2c565f47:0xe06fab663864b613!8m2!3d34.168035!4d-111.9307474!16s%2Fg%2F11v_92w2s8!19sChIJR19WLK_pfSsRE7ZkOGarb-A?authuser=0&hl=en&rclk=1,Single Location
Canyon Cooling,AZ,Gilbert,+1 480-640-0887,https://www.canyoncooling.com/,canyoncoolingaz@gmail.com,10,https://www.google.com/maps/place/Canyon+Cooling/data=!4m7!3m6!1s0xa8f18aff0ae65341:0x9e3f128135e12ab7!8m2!3d33.3364361!4d-111.7646227!16s%2Fg%2F11nk2c3qw9!19sChIJQVPmCv-K8agRtyrhNYESP54?authuser=0&hl=en&rclk=1,Single Location
Expert HVAC Services Inc,AZ,Glendale,+1 623-594-2488,https://www.experthvacservices.com/,office@experthvacservices.com,449,https://www.google.com/maps/place/Expert+HVAC+Services+Inc/data=!4m7!3m6!1s0x872b660975688c83:0x6116b1c1d45f8c6d!8m2!3d33.7019548!4d-112.1371173!16s%2Fg%2F1tg165yq!19sChIJg4xodQlmK4cRbYxf1MGxFmE?authuser=0&hl=en&rclk=1,Single Location
Glendale HVAC Contractor Pro LLC,AZ,Glendale,+1 623-292-8992,https://www.prohvacofglendale.com/?utm_source=google&utm_medium=organic,info@prohvacofglendale.com,15,https://www.google.com/maps/place/Glendale+HVAC+Contractor+Pro+LLC/data=!4m7!3m6!1s0x872b6b7321d0d04b:0x8790efa52f2465de!8m2!3d33.5788298!4d-112.162768!16s%2Fg%2F11p751d40t!19sChIJS9DQIXNrK4cR3mUkL6XvkIc?authuser=0&hl=en&rclk=1,Single Location
Action Air,AZ,Glendale,+1 623-486-0433,https://www.actionairaz.com/,actionair@ymail.com,427,https://www.google.com/maps/place/Action+Air/data=!4m7!3m6!1s0x872b67bf57d89ded:0xac9a64543ae343f3!8m2!3d33.6951346!4d-112.2092246!16s%2Fg%2F11xp3wl7b!19sChIJ7Z3YV79nK4cR80PjOlRkmqw?authuser=0&hl=en&rclk=1,Single Location
Freddy's A/C & Refrigeration LLC,AZ,Glendale,+1 623-755-7471,http://www.freddysac.com/,fastfreddy@freddysac.com,122,https://www.google.com/maps/place/Freddy%27s+A%2FC+%26+Refrigeration+LLC/data=!4m7!3m6!1s0x872b15374df82f1f:0x26326e9d32240baa!8m2!3d33.5212058!4d-112.2425044!16s%2Fg%2F11hzk84k8b!19sChIJHy_4TTcVK4cRqgskMp1uMiY?authuser=0&hl=en&rclk=1,Single Location
State 48 Air Conditioning and Heating LLC,AZ,Glendale,+1 602-718-7752,http://www.state48acandheating.com/,ruben@state48acandheating.com,56,https://www.google.com/maps/place/State+48+Air+Conditioning+and+Heating+LLC/data=!4m7!3m6!1s0x872b69125972a19d:0x8f75f6c5b9938959!8m2!3d33.6247794!4d-112.1526622!16s%2Fg%2F11qqk1wthv!19sChIJnaFyWRJpK4cRWYmTucX2dY8?authuser=0&hl=en&rclk=1,Single Location
Gotham Air,AZ,Glendale,+1 602-820-5102,https://www.gothamairaz.com/?utm_source=gmb&utm_medium=organic&utm_campaign=gmb-listing,info@gothamairaz.com,31,https://www.google.com/maps/place/Gotham+Air/data=!4m7!3m6!1s0x872b4159e265d4cb:0x50e14360f2aae0cb!8m2!3d33.5494059!4d-112.2041887!16s%2Fg%2F11g1fqmf5l!19sChIJy9Rl4llBK4cRy-Cq8mBD4VA?authuser=0&hl=en&rclk=1,Single Location
Rechaza A/C LLC,AZ,Glendale,+1 623-925-9535,https://rechazaac.com/,info@rechazaac.com,53,https://www.google.com/maps/place/Rechaza+A%2FC+LLC/data=!4m7!3m6!1s0x872b6bbbfe916c6d:0xaf00b59c30f14757!8m2!3d33.5282084!4d-112.1866804!16s%2Fg%2F11px8pt0j2!19sChIJbWyR_rtrK4cRV0fxMJy1AK8?authuser=0&hl=en&rclk=1,Single Location
ChillTek AC Repair,AZ,Glendale,+1 623-263-3300,https://www.chilltekacrepairglendale.com/,info@chilltekacrepairglendale.com,57,https://www.google.com/maps/place/ChillTek+AC+Repair/data=!4m7!3m6!1s0x872b6847e5795555:0xa4ec560cd873ea63!8m2!3d33.6058178!4d-112.1991825!16s%2Fg%2F11hgj6bt3y!19sChIJVVV55UdoK4cRY-pz2AxW7KQ?authuser=0&hl=en&rclk=1,Single Location
Honor HVAC,AZ,Glendale,+1 602-456-4403,http://azhonorhvac.com/,azhonorhvac@gmail.com,34,https://www.google.com/maps/place/Honor+HVAC/data=!4m7!3m6!1s0xa1ecc060e0543a09:0x391397c06af5d3fd!8m2!3d33.485838!4d-112.042707!16s%2Fg%2F11yl8hql42!19sChIJCTpU4GDA7KER_dP1asCXEzk?authuser=0&hl=en&rclk=1,Single Location
Alaskan Air Conditioning & Heating,AZ,Scottsdale,+1 480-999-9901,https://www.alaskanac.com/phoenix-az/service-area/scottsdale/?utm_source=google-gbp&utm_medium=organic&utm_campaign=*578*alaskan-air-conditioning-heating-scottsdale,info@alaskanac.com,371,https://www.google.com/maps/place/Alaskan+Air+Conditioning+%26+Heating/data=!4m7!3m6!1s0x872b75780e4e5fcb:0x5dd03b8d6e729f6!8m2!3d33.578479!4d-111.8749773!16s%2Fg%2F11str4brpd!19sChIJy19ODnh1K4cR9inn1rgD3QU?authuser=0&hl=en&rclk=1,Single Location
Big Sky HVAC,AZ,Scottsdale,+1 623-270-9785,https://www.bigsky-hvac.com/,support@bigsky-hvac.com,131,https://www.google.com/maps/place/Big+Sky+HVAC/data=!4m7!3m6!1s0x8325ee4f8f9da089:0x470a22263ebbe17!8m2!3d33.5805664!4d-112.0210995!16s%2Fg%2F11vwgm6xpr!19sChIJiaCdj0_uJYMRF77rYyKicAQ?authuser=0&hl=en&rclk=1,Single Location
Scottsdale AC Pros - AC Repair and AC Replacement,AZ,Scottsdale,+1 480-272-1317,https://scottsdaleacpros.com/?utm_medium=organic&utm_source=gmb&utm_campaign=main,support@scottsdaleacpros.com,33,https://www.google.com/maps/place/Scottsdale+AC+Pros+-+AC+Repair+and+AC+Replacement/data=!4m7!3m6!1s0xae019f129e4999:0xc04feba8be47adda!8m2!3d33.6082016!4d-111.870272!16s%2Fg%2F11zkr19bsw!19sChIJmUmeEp8BrgAR2q1HvqjrT8A?authuser=0&hl=en&rclk=1,Single Location
Weather Bee AC and Heating LLC,AZ,Scottsdale,+1 623-980-1111,http://www.weatherbeeac.com/,weatherbeeac@gmail.com,71,https://www.google.com/maps/place/Weather+Bee+AC+and+Heating+LLC/data=!4m7!3m6!1s0x4c8b4ff1e4628ea7:0xa6c751b558c21d7c!8m2!3d33.4786249!4d-111.6678276!16s%2Fg%2F11nbw7s6gg!19sChIJp45i5PFPi0wRfB3CWLVRx6Y?authuser=0&hl=en&rclk=1,Single Location
DeModica Air Conditioning,AZ,Scottsdale,+1 480-599-1067,http://www.demodicaac.com/,jdemodica@gmail.com,87,https://www.google.com/maps/place/DeModica+Air+Conditioning/data=!4m7!3m6!1s0xabcefb5b31164af1:0x292d92f347bea6e5!8m2!3d33.6119201!4d-111.9144548!16s%2Fg%2F11svjnyfts!19sChIJ8UoWMVv7zqsR5aa-R_OSLSk?authuser=0&hl=en&rclk=1,Single Location
Cool/Hot Guys AC,AZ,Scottsdale,+1 602-266-5287,https://coolhotguys.com/,info@coolhotguysac.com,117,https://www.google.com/maps/place/Cool%2FHot+Guys+AC/data=!4m7!3m6!1s0x872b750b7bdf60ed:0xd70488f9b6b3daa3!8m2!3d33.5615145!4d-112.0210995!16s%2Fg%2F11cs6h5skq!19sChIJ7WDfewt1K4cRo9qztvmIBNc?authuser=0&hl=en&rclk=1,Single Location
AC Repair Near Me Of Scottsdale,AZ,Scottsdale,+1 480-757-5817,https://acrepairnearme.services/service-areas/scottsdale-arizona-ac-repair/,service@acrepairnearme.services,9,https://www.google.com/maps/place/AC+Repair+Near+Me+Of+Scottsdale/data=!4m7!3m6!1s0x872b755b23e5eca9:0xa70249abcadde466!8m2!3d33.6247736!4d-111.8895031!16s%2Fg%2F11yycmt7vh!19sChIJqezlI1t1K4cRZuTdyqtJAqc?authuser=0&hl=en&rclk=1,Single Location
Cornerstone Heating and Cooling LLC,AZ,Scottsdale,+1 602-291-5718,https://cornerstoneheatingcooling.com/?utm_source=non_gbp_listing&utm_medium=organic,info@cornerstoneheatingandcooling.com,205,https://www.google.com/maps/place/Cornerstone+Heating+and+Cooling+LLC/data=!4m7!3m6!1s0x4aa4d389e28f80bd:0x644c26a914774ee0!8m2!3d33.7456813!4d-111.7813261!16s%2Fg%2F11x1l24p27!19sChIJvYCP4onTpEoR4E53FKkmTGQ?authuser=0&hl=en&rclk=1,Single Location
Accurate Air,AZ,Tempe,+1 480-894-2998,https://accurateairac.com/,tom.accurate@gmail.com,449,https://www.google.com/maps/place/Accurate+Air/data=!4m7!3m6!1s0x872b0911d2bef6a9:0x110ac3a943984dc4!8m2!3d33.4436658!4d-111.9170504!16s%2Fg%2F1tfwktt3!19sChIJqfa-0hEJK4cRxE2YQ6nDChE?authuser=0&hl=en&rclk=1,Single Location
Shamrock Heating & Cooling,AZ,Tempe,+1 602-560-8689,https://shamrockheatingandcooling.com/?utm_source=gbp&utm_medium=organic,info@shamrockheatingandcooling.com,418,https://www.google.com/maps/place/Shamrock+Heating+%26+Cooling/data=!4m7!3m6!1s0x872b060404d4fb41:0xad509ac0a2bb393a!8m2!3d33.3803124!4d-111.9410241!16s%2Fg%2F1td65sj3!19sChIJQfvUBAQGK4cROjm7osCaUK0?authuser=0&hl=en&rclk=1,Single Location
TSC Air,AZ,Tempe,+1 480-460-1487,http://www.tscair.com/,info@tscair.com,373,https://www.google.com/maps/place/TSC+Air/data=!4m7!3m6!1s0x872b060473955555:0x8145cea394d71cd1!8m2!3d33.4040369!4d-111.9539484!16s%2Fg%2F11f5bxghy0!19sChIJVVWVcwQGK4cR0RzXlKPORYE?authuser=0&hl=en&rclk=1,Single Location
Wolff Mechanical,AZ,Tempe,+1 480-968-8208,https://www.azairconditioning.com/,service@wolffmechanical.com,267,https://www.google.com/maps/place/Wolff+Mechanical/data=!4m7!3m6!1s0x872b086921ac7565:0x3d39b62469544c98!8m2!3d33.409963!4d-111.889557!16s%2Fg%2F1tf60rlv!19sChIJZXWsIWkIK4cRmExUaSS2OT0?authuser=0&hl=en&rclk=1,Single Location
Paragon Service Pros Heating and Air Conditioning,AZ,Tempe,+1 480-780-1007,https://ppc.paragonservicepros.com/ac-repair-services-phoenix,info@paragonservicepros.com,241,https://www.google.com/maps/place/Paragon+Service+Pros+Heating+and+Air+Conditioning/data=!4m7!3m6!1s0x874d8319680eae7d:0xd7f475fa8e8db133!8m2!3d33.4056163!4d-111.9394405!16s%2Fg%2F11k9g2fzq6!19sChIJfa4OaBmDTYcRM7GNjvp19Nc?authuser=0&hl=en&rclk=1,Single Location
AC Repair Near Me of Tempe,AZ,Tempe,+1 480-770-3710,https://acrepairnearme.services/service-areas/tempe-arizona-ac-repair/,service@acrepairnearme.services,1,https://www.google.com/maps/place/AC+Repair+Near+Me+of+Tempe/data=!4m7!3m6!1s0x872b091f10140abf:0x2de3885744df081e!8m2!3d33.4081459!4d-111.9394157!16s%2Fg%2F11nc8_1rqk!19sChIJvwoUEB8JK4cRHgjfRFeI4y0?authuser=0&hl=en&rclk=1,Single Location
Saguaro Plumbing And Air Of Tempe,AZ,Tempe,+1 623-343-4953,https://saguaroplumbingandair.com/tempe/,info@saguaroplumbingandair.com,183,https://www.google.com/maps/place/Saguaro+Plumbing+And+Air+Of+Tempe/data=!4m7!3m6!1s0x872b07c6c6180c05:0x358caa9743be3d3b!8m2!3d33.3795218!4d-111.9421419!16s%2Fg%2F11vk_yzlby!19sChIJBQwYxsYHK4cROz2-Q5eqjDU?authuser=0&hl=en&rclk=1,Single Location
Air Bullies Air Conditioning and Heating,AZ,Tempe,,https://airbullies.com/,hvac@airbulliesllc.com,72,https://www.google.com/maps/place/Air+Bullies+Air+Conditioning+and+Heating/data=!4m7!3m6!1s0x8df146de3d6b747d:0x31f53056ce2394ce!8m2!3d33.4044497!4d-111.9087927!16s%2Fg%2F11vlm8jfg2!19sChIJfXRrPd5G8Y0RzpQjzlYw9TE?authuser=0&hl=en&rclk=1,Single Location
Ascent Heating and Cooling LLC,AZ,Tempe,+1 480-915-9466,http://www.ascentheatingandcooling.com/,info@ascentheatingandcooling.com,106,https://www.google.com/maps/place/Ascent+Heating+and+Cooling+LLC/data=!4m7!3m6!1s0x2c42421bb46c4175:0xb03182139f365417!8m2!3d33.485838!4d-112.094617!16s%2Fg%2F11kbg02644!19sChIJdUFstBtCQiwRF1Q2nxOCMbA?authuser=0&hl=en&rclk=1,Single Location
Total Care Heating & Cooling LLC,AZ,Peoria,+1 602-550-0722,http://totalcareheatingandcoolingaz.com/,totalcareheatingandcooling@gmail.com,206,https://www.google.com/maps/place/Total+Care+Heating+%26+Cooling+LLC/data=!4m7!3m6!1s0x872b5d5127c63b97:0x4e3c986b67a632b8!8m2!3d33.678445!4d-112.2439553!16s%2Fg%2F11h9y1xk5v!19sChIJlzvGJ1FdK4cRuDKmZ2uYPE4?authuser=0&hl=en&rclk=1,Single Location
Always Fair Heating and Air,AZ,Peoria,+1 602-844-6600,https://alwaysfairac.com/?utm_source=gmb&tm_medium=organic&utm_campaign=gmb-listing,wearealwaysfair@gmail.com,90,https://www.google.com/maps/place/Always+Fair+Heating+and+Air/data=!4m7!3m6!1s0x872b435e3e8bab87:0x19e42c5c1553253e!8m2!3d33.581337!4d-112.257542!16s%2Fg%2F11l3j4gmgj!19sChIJh6uLPl5DK4cRPiVTFVws5Bk?authuser=0&hl=en&rclk=1,Single Location
HilCo Air Conditioning & Heating,AZ,Peoria,+1 623-972-5195,http://www.hilcoac.com/,info@hilcoac.com,255,https://www.google.com/maps/place/HilCo+Air+Conditioning+%26+Heating/data=!4m7!3m6!1s0x872b439859136cad:0x1d4b32b332684c82!8m2!3d33.5909277!4d-112.2565277!16s%2Fg%2F11ppdnwt75!19sChIJrWwTWZhDK4cRgkxoMrMySx0?authuser=0&hl=en&rclk=1,Single Location
State 48 Home Services,AZ,Peoria,+1 623-236-5086,https://www.greatstate48.com/?utm_source=GMB&utm_medium=organic,info@greatstate48.com,331,https://www.google.com/maps/place/State+48+Home+Services/data=!4m7!3m6!1s0x872b5dee0e07dcf9:0x44a73be0d5f7bb4d!8m2!3d33.5618533!4d-112.2584505!16s%2Fg%2F11m891dh40!19sChIJ-dwHDu5dK4cRTbv31eA7p0Q?authuser=0&hl=en&rclk=1,Single Location
Wahl Air Conditioning Inc.,AZ,Peoria,+1 602-242-2353,https://wahlair.com/,info@wahlair.com,209,https://www.google.com/maps/place/Wahl+Air+Conditioning+Inc./data=!4m7!3m6!1s0x872b6a0ab4250a53:0xaee31e9297760234!8m2!3d33.5735281!4d-112.256367!16s%2Fg%2F1th82dqr!19sChIJUwoltApqK4cRNAJ2l5Ie464?authuser=0&hl=en&rclk=1,Single Location
Air Flow Air Conditioning & Refrigeration,AZ,Peoria,+1 602-245-3000,http://airflowaz.com/,admin@airflowaz.com,100,https://www.google.com/maps/place/Air+Flow+Air+Conditioning+%26+Refrigeration/data=!4m7!3m6!1s0x872b5de280fb40df:0xcb1fa5763e9f4860!8m2!3d33.7197379!4d-112.2762225!16s%2Fg%2F11n85bk7sn!19sChIJ30D7gOJdK4cRYEifPnalH8s?authuser=0&hl=en&rclk=1,Single Location
AC Repair Near Me of Peoria,AZ,Peoria,+1 623-295-1377,https://acrepairnearme.services/service-areas/peoria-arizona-locksmith/,service@acrepairnearme.services,5,https://www.google.com/maps/place/AC+Repair+Near+Me+of+Peoria/data=!4m7!3m6!1s0x872b6950ad3dcb01:0xe8379f5544f8ee4b!8m2!3d33.6335046!4d-112.2336081!16s%2Fg%2F11n47_hd9r!19sChIJAcs9rVBpK4cRS-74RFWfN-g?authuser=0&hl=en&rclk=1,Single Location
Honest HVAC Installation & Repair -Way Cool,AZ,Peoria,+1 623-294-3641,https://honesthvaccompany.com/phoenix-ac-installation-repair,info@honesthvaccompany.com,12,https://www.google.com/maps/place/Honest+HVAC+Installation+%26+Repair+-Way+Cool/data=!4m7!3m6!1s0x872b5ce2b7a63a47:0xcbf4da4341d6990e!8m2!3d33.6335305!4d-112.2336635!16s%2Fg%2F11c0qyppjt!19sChIJRzqmt-JcK4cRDpnWQUPa9Ms?authuser=0&hl=en&rclk=1,Single Location
1st AirCo Heating & Cooling,AZ,Peoria,+1 623-572-4422,http://www.1stairco.com/,service@1stairco.com,231,https://www.google.com/maps/place/1st+AirCo+Heating+%26+Cooling/data=!4m7!3m6!1s0x872b5d2ecd8bfa1d:0xa1e04df1d6187ef4!8m2!3d33.6690347!4d-112.2782429!16s%2Fg%2F1wzt2vgx!19sChIJHfqLzS5dK4cR9H4Y1vFN4KE?authuser=0&hl=en&rclk=1,Single Location
Bradford Heating and Cooling LLC,AZ,Surprise,+1 623-624-6246,https://bradfordheatcool.com/,ken@bradfordheatcool.com,295,https://www.google.com/maps/place/Bradford+Heating+and+Cooling+LLC/data=!4m7!3m6!1s0x872b4f8fa56c2cab:0x2433c98cd0ad213!8m2!3d33.6371215!4d-112.3899813!16s%2Fg%2F1v3h_fvf!19sChIJqyxspY9PK4cRE9IKzZg8QwI?authuser=0&hl=en&rclk=1,Single Location
Qual-Tech Air Conditioning and Heating,AZ,Surprise,+1 623-234-3608,https://www.qualtechachtg.com/?utm_source=gmb&utm_medium=organic&utm_campaign=gmb-listing,office@qualtechachtg.com,225,https://www.google.com/maps/place/Qual-Tech+Air+Conditioning+and+Heating/data=!4m7!3m6!1s0x872b44fff3c72773:0x53b43df16f289db6!8m2!3d33.6098747!4d-112.44363!16s%2Fg%2F1td4kl7h!19sChIJcyfH8_9EK4cRtp0ob_E9tFM?authuser=0&hl=en&rclk=1,Single Location
Greenwood Air,AZ,Surprise,+1 602-647-0121,https://greenwoodair.com/,info@greenwoodair.com,200,https://www.google.com/maps/place/Greenwood+Air/data=!4m7!3m6!1s0x872b4f3b7c744673:0xebd5bf0610a98020!8m2!3d33.5845382!4d-112.4091743!16s%2Fg%2F11hdsy1wkd!19sChIJc0Z0fDtPK4cRIICpEAa_1es?authuser=0&hl=en&rclk=1,Single Location
Huffman's Heating & Cooling LLC,AZ,Surprise,+1 623-606-1145,http://www.handyandyac.com/,huffmanshvac@gmail.com,114,https://www.google.com/maps/place/Huffman%27s+Heating+%26+Cooling+LLC/data=!4m7!3m6!1s0x872b59512469b76d:0x5a5e7b75178ce3bb!8m2!3d33.7551149!4d-112.4240009!16s%2Fg%2F11my4p7pns!19sChIJbbdpJFFZK4cRu-OMF3V7Xlo?authuser=0&hl=en&rclk=1,Single Location
Top Gear Cooling & Heating,AZ,Surprise,+1 602-341-9232,https://topgearac.com/,topgearcooling@gmail.com,111,https://www.google.com/maps/place/Top+Gear+Cooling+%26+Heating/data=!4m7!3m6!1s0xb40a1072dd991f1:0xbcbc12f8d2900d66!8m2!3d33.746659!4d-112.4252041!16s%2Fg%2F11sr_5pz5s!19sChIJ8ZHZLQehQAsRZg2Q0vgSvLw?authuser=0&hl=en&rclk=1,Single Location
TradeHouse Air Conditioning & Heating,AZ,Surprise,+1 623-208-1181,http://tradehouseac.com/,service@tradehouseac.com,33,https://www.google.com/maps/place/TradeHouse+Air+Conditioning+%26+Heating/data=!4m7!3m6!1s0x8b65b0f35a57221b:0x101060db079157f4!8m2!3d33.485838!4d-112.094617!16s%2Fg%2F11yywrjzvh!19sChIJGyJXWvOwZYsR9FeRB9tgEBA?authuser=0&hl=en&rclk=1,Single Location
