username,url,bio,website,email,query
motioonnglobal,https://www.instagram.com/motioonnglobal/,"Seyahat, Etkinlik, Gurme Tavsiyeler, Dizi/Film 📝Blog 🎥Bits Video Kanalları 📸Galeri Blogger Ekibi İçin👉 info@motioonn.com",N/A,info@motioonn.com,blogger Amsterdam
notinjersey,https://www.instagram.com/notinjersey/,Reading whenever the kids let me. ☕️ 🗺 🌻 Mom to 3 👩🏻‍🦱👦🏻👦🏻 🌎 🏡 📚 📷 ✡️ 🐶 📍Kansas City,https://www.threads.com/@notinjersey?xmt=AQF05AXpqvmUZiwukaIBrIef-Xk97GxO_h4-8jP3kgVTiEc,dara00@gmail.com,influencer Amsterdam
yasminle1blogg,https://www.instagram.com/yasminle1blogg/,Seyahat ✈️ Gezi ⛰️ Manzara 📷 Mekan🤞 📩 yasminle1blogg@gmail.com,N/A,yasminle1blogg@gmail.com,vlogger Amsterdam
haleyyounggg,https://www.instagram.com/haleyyounggg/,carolina raised | nashville livin’ somewhere between broadway and backroads,https://www.threads.com/@haleyyounggg?xmt=AQF0XZVShIE0BFyrRfEy0qy6MrKigLXgrLgjgNexBrPkgXg,haleyayounggg@gmail.com,influencer Amsterdam
natalie.novik,https://www.instagram.com/natalie.novik/,"freelance IM strategist @nn.arratives amsterdam, netherlands 🖇️ partner.natalienovik@gmail.com",https://www.threads.com/@natalie.novik?xmt=AQF030K6E5GeA0m1wFIq2Wew53CY7RLnf4XYjpV1cpVlM84,partner.natalienovik@gmail.com,blogger Amsterdam
canancansuatess,https://www.instagram.com/canancansuatess/,👜Fashion&Beauty&Lifestyle Influencer 📚Sağım Solum Sobe'nin yazarı 📍İstanbul 💌İletişim: canancansuates@gmail.com,N/A,canancansuates@gmail.com,influencer Amsterdam
at5.nl,https://www.instagram.com/at5.nl/,AT5 is de nieuws- en actualiteitenzender van Amsterdam. Tips? App: 0651190938 of mail: info@at5.nl Youtube: AT5 Mooie,https://www.threads.com/@at5.nl?xmt=AQF0R3f7jWh45vlcS-m5MWlbF5uMgGU2W-tsf9DtMsZ6gdo,info@at5.nl,vlogger Amsterdam
iamamyyroyale,https://www.instagram.com/iamamyyroyale/,Amy 🎥 German Beauty | Fashion 🇩🇪 Germany | 🇮🇳 India 💬 DM for tips and questions! 📩 amritflora@hotmail.com for collabs ✨,N/A,amritflora@hotmail.com,vlogger Amsterdam
abhinandasarkaar,https://www.instagram.com/abhinandasarkaar/,🎙️Playback Singer ⚽️ FIFA WORLD CUP 2022 🎙Performed in 33 countries For Shows connect -9821014366 #Divinefollowconnect 🧿,https://www.threads.com/@abhinandasarkaar?xmt=AQF0uZLnQo-0j9bRCuaWayc9ybYM4rshNJYQTBP3m7mOSTo,connect.abhinanda@gmail.com,vlogger Amsterdam
batman.emin,https://www.instagram.com/batman.emin/,artist / architect Founder of @studio.batman (info@eminbatman.nl) Creative Director @yeeamsterdam (emin.batman@yee.org,N/A,"info@eminbatman.nl, emin.batman@yee.org",content creator Amsterdam
frennepenny,https://www.instagram.com/frennepenny/,"❤️ mom of G & R 💓 colorful, creative, spiritual 👗 outfits, travel, lifestyle 💌 franciscamast@gmail.com 💼 🖼 my",https://www.threads.com/@frennepenny?xmt=AQF0wpBGf5-S0UhZ7Jo5s5XpnzefWFhjSk5b1FVqObSRhCY,franciscamast@gmail.com,blogger Amsterdam
styledbyriann,https://www.instagram.com/styledbyriann/,californian creator reformer pilates instructor 📧: riann@riannstar.com,N/A,riann@riannstar.com,vlogger Amsterdam
maruschka.sahiboe,https://www.instagram.com/maruschka.sahiboe/,"Big hair, bold dreams & lots of sparkle •° Collaboration: maruschka_sahiboe@hotmail.nl 📍🇳🇱 AMS • Roots 🇸🇷🇮🇳 | 1st RU Mis",N/A,maruschka_sahiboe@hotmail.nl,influencer Amsterdam
kristasiegfrids,https://www.instagram.com/kristasiegfrids/,Nordic dynamite in Amsterdam!🇫🇮🇳🇱 Artist & Tv host 💫 Management: iiro@resultentertainment.com Booking: sami@primetime,N/A,iiro@resultentertainment.com,fashion blogger Amsterdam
chloelifeinstyle,https://www.instagram.com/chloelifeinstyle/,"☆ fashion & lifestyle ☆ content creator ♡⃛ Glasgow , UK collabs/invites 📧ugcchloelifeinstyle@gmail.com",https://www.threads.com/@chloelifeinstyle?xmt=AQF0e5VRphzV80Fl7ZSJVKf-IXw2VieB6dBJtszsCxBkj_E,ugcchloelifeinstyle@gmail.com,fashion blogger Amsterdam
monfromlondon,https://www.instagram.com/monfromlondon/,"✈️ Travel, hotels & staycations 🇬🇧 Best London guides & recommendations 💌 monfromlondon@gmail.com",https://www.threads.com/@monfromlondon?xmt=AQF0vIQctbJDU0XaidFr9xi-51mrXLKgx2biTjt497qroNs,monfromlondon@gmail.com,food blogger Amsterdam
lisasophix,https://www.instagram.com/lisasophix/,"Köln | Germany beauty, fashion & daily life☁️💄 💌 Lisaxsophiee@gmail.com 🎥 TikTok: Lisa.sophiie 24 | 💍",https://www.threads.com/@lisasophix?xmt=AQF0nRw9HjaoQSEZ4sKhuDFd0-93I1ReqvZ48Kr-ZyxOasE,lisaxsophiee@gmail.com,lifestyle blogger Amsterdam
moonrise.travel,https://www.instagram.com/moonrise.travel/,"Prague & Europe travel guide Inspiring to explore beyond highlights, food tips & hidden gems 💌 Collab or UGC - moon",https://www.threads.com/@moonrise.travel?xmt=AQF0TvE0g3SB7-C0RX40-SxQjCdnx1lYtMY-LpN_jFJf-ys,moon.riseland@hotmail.com,travel blogger Amsterdam
momackstyles,https://www.instagram.com/momackstyles/,"💕LifestyleBlogger 💕MoMackStyles@gmail.com 💕Faith, Fitness, Fashion 👓 code MoMackStyles @zeelool",https://www.threads.com/@momackstyles?xmt=AQF0nAvTuBqq5pIjqDSs18TSYE5G640L71JBGISyPD3s9vc,momackstyles@gmail.com,fashion blogger Amsterdam
melburybadejo,https://www.instagram.com/melburybadejo/,"📍Ams,NL for Bookings & partnerships 📩melbury@red.amsterdam",https://www.threads.com/@melburybadejo?xmt=AQF0ZRHHFoh65mqL7ya84_6F2IhojZyIaYwsg9cgBdQvv2Q,melbury@red.amsterdam,lifestyle blogger Amsterdam
mitjux,https://www.instagram.com/mitjux/,currently in thailand aesthetic looks & hair tutorials founder @weare123creative • kontakt@mitjux.de,N/A,kontakt@mitjux.de,fashion blogger Amsterdam
selena_explorewithme,https://www.instagram.com/selena_explorewithme/,🌍Berlin Private Tours & Local Tips 📸UGC Creator&Model TikTok 3 Millions 👀 📩email selenainberlin@gmail.com,https://www.threads.com/@selena_explorewithme?xmt=AQF0kQAFmn9Z1nrG9uwO1Cc_qMBCEb2phVODCNwfuY5GafM,"selenainberlin@gmail.com, selenaugccontent@gmail.com",travel blogger Amsterdam
claracutiie,https://www.instagram.com/claracutiie/,"GOD first 🕊 ♡⠀⠀⠀⠀⠀⠀⠀⠀⠀⠀⠀⠀⠀⠀⠀ ⠀⠀ ⠀⠀⠀ ⠀⠀⠀ Stockholm,Sweden ✨business inquires 💌: Clara.rodriguez1339@gmail.com ⠀⠀ ⠀⠀⠀⠀",N/A,clara.rodriguez1339@gmail.com,fitness influencer Amsterdam
bunduci_ni,https://www.instagram.com/bunduci_ni/,"Wardrobe detox,capsule wardrobe, consultation Work online & offline 📩contact@bunducini.com 📍Germany Bielefeld",https://www.threads.com/@bunduci_ni?xmt=AQF0Kpe6UavWu89x7MDFLoAPQ0x2wilJUz0YMeJBhTTdfRw,contact@bunducini.com,beauty blogger Amsterdam
y0ungwildgirl,https://www.instagram.com/y0ungwildgirl/,💀🌙 Outfit inspiration 📫 lulaskull@gmail.com,N/A,lulaskull@gmail.com,fitness influencer Amsterdam
diipakhosla,https://www.instagram.com/diipakhosla/,"Founder + Marketing, Creative & Innovation @indewild & NGO @post.for.change hello@diipakhosla.com",N/A,hello@diipakhosla.com,dutch influencer Amsterdam
laevrin,https://www.instagram.com/laevrin/,"Oh hey, schön das du zu meinen Account gefunden hast 💌🤍 fashion & beauty | UGC CREATOR contact : Laevrin@web.de",https://www.threads.com/@laevrin?xmt=AQF0-mqDVjHw2_aY__mQsFX2SJ5a1_iH3ShQ5WD1IjAXGJM,laevrin@web.de,fitness influencer Amsterdam
hylo.abroad,https://www.instagram.com/hylo.abroad/,American mom in The Netherlands 🇳🇱 @veloe.eu Ambassador 🚲 💌 hello@hyloabroad.com 🌎 links & move abroad help 👇🏻,N/A,hello@hyloabroad.com,dutch influencer Amsterdam
kimtarroe,https://www.instagram.com/kimtarroe/,"fashion, beauty & travel based in the netherlands ✉️ info@come-moda.nl",https://www.threads.com/@kimtarroe?xmt=AQF0mQRYK_ajKCyIMu-HPecM3NmuCs48veg5j6CNVaAMwz8,info@come-moda.nl,dutch influencer Amsterdam
nellakirtley,https://www.instagram.com/nellakirtley/,📍Amsterdam based 🇳🇱 Mama to Stella Mae✨Wifey 💍 UGC Content creator 📧Kirtleykrew@gmail.com Transparency - you get the,https://www.threads.com/@nellakirtley?xmt=AQF0kd_hUdAANoJD5v8mMAfRNkMy_WYo97bAN9TkDsbVGiI,kirtleykrew@gmail.com,fitness influencer Amsterdam
angelagiakas,https://www.instagram.com/angelagiakas/,"melb, australia building @artofinfluenceco angelagiakas@gmail.com 👇 build your personal brand",https://www.threads.com/@angelagiakas?xmt=AQF0IOkso31Sn8nBV8J2Kbai9mx3kyOr_1-ilp8jfbiZXF4,angelagiakas@gmail.com,beauty blogger Amsterdam
sebastiennagy,https://www.instagram.com/sebastiennagy/,📸 liveshows photography 👤 Main account: @sebastien.nagy 📨 Contact: nagy.sebastien@gmail.com,N/A,nagy.sebastien@gmail.com,creator Amsterdam
titova.visual,https://www.instagram.com/titova.visual/,content for brands & hotels UGC/collabs DM / 💌 olyatitova.collaboration@gmail.com traveler - 54 countries,https://www.threads.com/@titova.visual?xmt=AQF0Edo7dbcio9v8S_AZjEAxtrjm34hBvbTjICcf5i0Y_BI,olyatitova.collaboration@gmail.com,creator Amsterdam
jane.tattoos,https://www.instagram.com/jane.tattoos/,(@personal.jane) Tattooing at @mosel_mosel INFORMATION/BOOKINGS EMAIL: (no dm pls) tattoosbyjane@gmail.com Amsterdam,N/A,tattoosbyjane@gmail.com,creator Amsterdam
bonitakoek,https://www.instagram.com/bonitakoek/,Sharing my moon secrets with you 🌙 💌: bonita@inspiraragency.nl,https://www.threads.com/@bonitakoek?xmt=AQF0xD3qGMdNjI4uUj8iQeafR-H4WTKACAtaB0olO7MyeE4,bonita@inspiraragency.nl,blogger Rotterdam
roosx.sar,https://www.instagram.com/roosx.sar/,Ur fave Scorpio💅🏼✨ Roosvdsarcollab@outlook.com Second account: @roosx.sar_artworks,N/A,roosvdsarcollab@outlook.com,influencer Rotterdam
khadija.revert,https://www.instagram.com/khadija.revert/,Revert muslimah Mama of Harun🫐 & Ruqayya🩰 🤍Open for collabs Khadijabuist@gmail.com,https://www.threads.com/@khadija.revert?xmt=AQF0aqhqN-fNgDOjYskGDvuRsIE0Gq4m-H6oTlxV_jqnkaw,khadijabuist@gmail.com,blogger Rotterdam
_festivallovers,https://www.instagram.com/_festivallovers/,"Where music brings people together. Line-ups, tips & the best festival vibes. info@festivallovers.nl",https://www.threads.com/@_festivallovers?xmt=AQF0eL1OkiLzqExhYvrgOq_8AQFFJ4GpNZXMh7MmTY3utoA,info@festivallovers.nl,blogger Rotterdam
babetteroos,https://www.instagram.com/babetteroos/,"Jewelry brand @babs.thelabel 💌 anna@doctheagency.com based in Den Haag, Netherlands",N/A,anna@doctheagency.com,influencer Rotterdam
lina__rajo,https://www.instagram.com/lina__rajo/,• Law student 👩🏻‍⚖️| beauty creator • 📍Belgium • 💌collab: rajolina60@gmail.com,N/A,rajolina60@gmail.com,blogger Rotterdam
inaxnova,https://www.instagram.com/inaxnova/,just sharing my life | welcome to my digital diary 🖋️💌 🐩 poodle karl inklusive ⚓️ hamburg 📧 inaxnova@outlook.com 📄,https://www.threads.com/@inaxnova?xmt=AQF09GfTMn4giQDdbI4gOUGYOrl-siEce-ikHu8hU8Cv6AE,"inaxnova@maxplusmgmt.de, inaxnova@outlook.com",blogger Rotterdam
bizu.talents,https://www.instagram.com/bizu.talents/,Where creativity meets strategy - building bold influencer campaigns for unstoppable brands 💌 info@bizutalents.nl,N/A,info@bizutalents.nl,content creator Rotterdam
fashionistamer,https://www.instagram.com/fashionistamer/,"Living life in style, one destination at a time ✨ 💌 fashionistamerx@gmail.com",N/A,fashionistamerx@gmail.com,blogger Rotterdam
nadjafens,https://www.instagram.com/nadjafens/,"📍 Breda, The Netherlands. @feyenoord ROTTERDAM ♥️🤍🖤 Collabs nadjafens@gmail.com",N/A,nadjafens@gmail.com,influencer Rotterdam
karenlobo__,https://www.instagram.com/karenlobo__/,Things I do fits I wear pictures I take @artsydiscobaby 👩🏻‍🎨 @marginsandmainstream 📝,https://www.threads.com/@karenlobo__?xmt=AQF02z6uqQEy31BF47p3CPQtJ-gD5A9y1IGG6SxA-1EL6PQ,account-@the.artatelier,content creator Rotterdam
avann.m,https://www.instagram.com/avann.m/,A modest digital diary ♡ 📩: avanmohammeddd@gmail.com,N/A,avanmohammeddd@gmail.com,blogger Rotterdam
eecctravels,https://www.instagram.com/eecctravels/,🛳️ Cruise & Travel content creators 🌴 192k+ YouTube Subscribers 😎 Email us travel@eecctravels.com ⬇️ Link to our,N/A,travel@eecctravels.com,vlogger Rotterdam
cafedebedstee,https://www.instagram.com/cafedebedstee/,"follow for cycling, diners and art > > Traka 560 🚴‍♀️ May - Tuscany 🧃🍷 📮 sara@kb-mng.de @universal.colours code: SARA",N/A,sara@kb-mng.de,vlogger Rotterdam
gabrieladegraaf,https://www.instagram.com/gabrieladegraaf/,Daily (office & wedding) looks & haircare 📩gabriela@bizutalents.nl,https://www.threads.com/@gabrieladegraaf?xmt=AQF0XQMxYTj0tBMbxUwJviC1XaexKOLvLTEhyMOT6WoqKHg,"degraafgabriela@gmail.com, gabriela@bizutalents.nl",vlogger Rotterdam
liengibarjan,https://www.instagram.com/liengibarjan/,"✉️ liana@ontdekdebinnenvaart.nl Kapitein | ondernemer Maritieme zichtbaarheid Videoproducties, strategie, bereik",https://www.threads.com/@liengibarjan?xmt=AQF013RbIeUFEl449R_81HHa3rhS8zv7Eb80lA2oeipOzYg,liana@ontdekdebinnenvaart.nl,vlogger Rotterdam
audreycosty,https://www.instagram.com/audreycosty/,"Not playing it cool, just passionate 🌶️ Community manager chez @martinecosmetics Représentée par @tsa.talents",https://www.threads.com/@audreycosty?xmt=AQF0Kl96bEoC87mJpFkuW8Hh_YAwRoL35IU73sA9KniDrJc,audrey@tsagency.be,food blogger Rotterdam
engin_b__,https://www.instagram.com/engin_b__/,Model | Actor 🎬 Germany I UAE marketing@enginbalaban.com Managment: @ugur_oezcan_,N/A,marketing@enginbalaban.com,dutch influencer Rotterdam
alisa_law,https://www.instagram.com/alisa_law/,🇰🇬 Nomad in The Netherlands 🇳🇱 (Ik ben erg goed ingeburgerd hoor) 💌 alisalaw.collab@gmail.com,N/A,alisalaw.collab@gmail.com,dutch influencer Rotterdam
biljana.pupovac,https://www.instagram.com/biljana.pupovac/,"Mom to Danijel Alkmaar, The Netherlands Contact: biljana.pupovac@hotmail.com",N/A,biljana.pupovac@hotmail.com,food blogger Rotterdam
judithlan,https://www.instagram.com/judithlan/,"★ Leiden, The Netherlands ★ 1986 💌 judithmsn@live.nl",https://www.threads.com/@judithlan?xmt=AQF0aYcq-HFBNgNZ-NFDaZg7j_s-PeNbV7fo_nbcIWMZgy4,judithmsn@live.nl,food blogger Rotterdam
nrhyt.trcn,https://www.instagram.com/nrhyt.trcn/,Collabs 📧nurhayat-akyuz@hotmail.com,https://www.threads.com/@nrhyt.trcn?xmt=AQF0ryppOXeLvlyCdErfNuiN_MUWk_0eJLDFrp-XQVsCMLU,nurhayat-akyuz@hotmail.com,dutch influencer Rotterdam
sterrevanbruggen,https://www.instagram.com/sterrevanbruggen/,Manager service bij de AH 💙 🎥 Tiktok: sterrevanbruggen 📧 Contact: sterre@fantube.me,N/A,sterre@fantube.me,influencer Den Haag
lunavunckx,https://www.instagram.com/lunavunckx/,‘‘Loena’’ niet ‘‘Luuna’’ 🌙 🌍 Lost in travel & good food ✨ 📩 Collab: l.vunckx@icloud.com 🐾 Proud owner @lunsfarm 🤍🔐,N/A,l.vunckx@icloud.com,influencer Den Haag
danielle_koppers,https://www.instagram.com/danielle_koppers/,💚 Founder of MyMindCare 🍊 Nutritionist ✈️ Travel 💌 Collab? DM or daniellekoppers.work@hotmail.com,https://www.threads.com/@danielle_koppers?xmt=AQF0R-vUXgx5uA4r9l9-drZHqEqPnbJ61Lk0W5DG4-yDlNE,daniellekoppers.work@hotmail.com,dutch influencer Rotterdam
anewjacket,https://www.instagram.com/anewjacket/,"Everyday outfit inspo, interior & Limburg hotspots Maastricht region, NL Collaborations • info@anewjacket.com",N/A,info@anewjacket.com,influencer Den Haag
klarissaboeckmann,https://www.instagram.com/klarissaboeckmann/,Klarissa 🌸 🇦🇱|🇩🇪 🌏 26/195 countries @thetastetwins @schnaps_tante 📩 klarissaboeckmann99@web.de,N/A,klarissaboeckmann99@web.de,blogger Den Haag
_marcelbecker,https://www.instagram.com/_marcelbecker/,📍FRANKFURT 📩 Collabs | hellomarcelbecker@web.de @tissot_official Ambassador,N/A,hellomarcelbecker@web.de,influencer Den Haag
shantistynen,https://www.instagram.com/shantistynen/,🧚🏽‍♀️ If you can dream it you can achieve it ✨A little bit of fashion • makeup • lifestyle 💌 shantistynenugc@gmail.com,https://www.threads.com/@shantistynen?xmt=AQF0QYD_liK8zAYWqJvX_JYNfP9KIshOatjrdnhVRfYUd5g,shantistynenugc@gmail.com,creator Rotterdam
mevrouwmarloes,https://www.instagram.com/mevrouwmarloes/,🌱 Vegetariër 🏋🏻‍♀️ Sportief 🥳 Genezen van lymfeklierkanker 💌 info@mevrouwmarloes.nl,N/A,info@mevrouwmarloes.nl,blogger Den Haag
marit.anthonissen,https://www.instagram.com/marit.anthonissen/,💕 Endless fun 🪩Collabs: marit.anthonissen@hotmail.com or dm 👇🏼Tiktok 54k,https://www.threads.com/@marit.anthonissen?xmt=AQF0LX_FNseZpqbYw5e2Cl_lzO-FiGzPMzJ1zvMI5C1OP0U,marit.anthonissen@hotmail.com,influencer Den Haag
marieinspire,https://www.instagram.com/marieinspire/,CEO of Serien & Movie Facts 🦦 DAILY REELS & STORIES 🎬 ✉️ info@marieinspire.com 🤍 youtube & tiktok: marieinspire |,https://www.threads.com/@marieinspire?xmt=AQF0dfIIpVZvZyG5jGJG1u87lA1bfS21eh7r1yjzZO7lR6o,info@marieinspire.com,blogger Den Haag
kategari_chinmai,https://www.instagram.com/kategari_chinmai/,⭐️ Turning nothing to something 📧: kategarichinmai4@gmail.com,N/A,kategarichinmai4@gmail.com,content creator Den Haag
caro.lalaa,https://www.instagram.com/caro.lalaa/,"✨ Good Vibes, Fashion, Coffeelover & Boy Mom🩵 📍 Erfurt | Munich 💌 carolalaa@web.de Think happy, be happy! 💋",N/A,carolalaa@web.de,blogger Den Haag
manvi.diary,https://www.instagram.com/manvi.diary/,"in my own little frame 🎀 Corporate by day 👩🏻‍💻, Creator by night 🎥 ✏️manvibisenofficial@gmail.com",N/A,manvibisenofficial@gmail.com,content creator Den Haag
kristina_belihina,https://www.instagram.com/kristina_belihina/,weddings - travels - lifestyle . based in Italy / worldwide DM / belihinakristina@gmail.com,https://www.threads.com/@kristina_belihina?xmt=AQF0LgM4tPcAEFuM75mVIleP5USXyTn-cJmYfcDtF1apTSI,belihinakristina@gmail.com,content creator Den Haag
x_janette,https://www.instagram.com/x_janette/,🎥 YouTube: Janette 👩🏼‍🏫 Juf van groep 8 📨 Collab: teamjanette@huisvanmakers.nl 💌 Vragen: Janette.collabs@gmail.com,N/A,"janette.collabs@gmail.com, teamjanette@huisvanmakers.nl",vlogger Den Haag
studiosilvana,https://www.instagram.com/studiosilvana/,"✸ illustrator + designer ✸ based in Amsterdam, the Netherlands ✸ contact@studiosilvana.com ✸ available for",https://www.threads.com/@studiosilvana?xmt=AQF0HR52gmdTYiX33GfoKlzG_sXJ_8O7DbnMNnMgNisY_I0,contact@studiosilvana.com,food blogger Den Haag
eybru_5,https://www.instagram.com/eybru_5/,💫travel the world 🧿📩eybru55@gmail.com NEW ACCOUNT: @eybru5 ❤️🙏🏼,N/A,eybru55@gmail.com,food blogger Den Haag
amandaspijker,https://www.instagram.com/amandaspijker/,"Outfit inspo, beauty & lifestyle 📍 The Netherlands 💌 amandaspijker@hotmail.com",https://www.threads.com/@amandaspijker?xmt=AQF0ArdEgHTBNtKmOdpdbwYgfKmO1S7rCbrBAj7GF0HL9X0,amandaspijker@hotmail.com,influencer Utrecht
janneketencaten,https://www.instagram.com/janneketencaten/,✿Freelancer & content creator ✿Mommy of Loua & Billy ☾ ✿Love letters to Janneke.tc@hotmail.com ✿Based in Eindhoven,https://www.threads.com/@janneketencaten?xmt=AQF0IgaL1lN9_3Hsi15ZFw4hvJE6rR-aoDRqtQHtyaoulno,janneke.tc@hotmail.com,blogger Utrecht
ipeksteenbeek,https://www.instagram.com/ipeksteenbeek/,Spicey wifey spicey lifey🌶️ Tiktok & snap @ipeksteenbeek 👻 💌 collabs.ipek@gmail.com,https://www.threads.com/@ipeksteenbeek?xmt=AQF0BQ2I8TLGTiZ3_iF_gRqRbNVMqm7HWZoubchMhIqeKZc,"ipek@socialfiguur.nl, collabs.ipek@gmail.com",blogger Utrecht
cheyennehinrichs,https://www.instagram.com/cheyennehinrichs/,Outfits & moments 🪩 ✉️email: Cheyennehinrichs@hotmail.com,N/A,cheyennehinrichs@hotmail.com,blogger Utrecht
demi.meijden,https://www.instagram.com/demi.meijden/,Welcome to my digital diary | Fulltime fashion addict 💌Collab? Demivandermeijden.ugc@gmail.com 🎥Tiktok: demivdmeijden,N/A,demivandermeijden.ugc@gmail.com,influencer Utrecht
erikakatainen,https://www.instagram.com/erikakatainen/,"Travel tips, vanlife, scenic spots & rescue dogs Inspiring your next journey 🌴🌞🐚🗺️✨ — hello@erikakatainen.com",N/A,hello@erikakatainen.com,creator Den Haag
afra_dj__,https://www.instagram.com/afra_dj__/,RAUM • FORCEFIELD • SPIELRAUM bookings: anke@phuturewest.com,N/A,anke@phuturewest.com,creator Den Haag
xarisha,https://www.instagram.com/xarisha/,co-founder @creative.contentagency,https://www.threads.com/@xarisha?xmt=AQF0UozjaJC7n26efaGYDsjkHnnIVqaSSblZ9iahaG2whbg,xarishaoconnor@hotmail.com,influencer Utrecht
cddominique,https://www.instagram.com/cddominique/,Noah Marcel 🧸 Louis-William cduchatinier@hotmail.com,N/A,cduchatinier@hotmail.com,blogger Utrecht
berfintudorache,https://www.instagram.com/berfintudorache/,"Hollanda’da yaşam 🇳🇱 Göçmenlik, gerçek hayat hikâyeleri Collabs 💌 berfintudorache@gmail.com Hollanda Kızlar Topluluğu &",N/A,berfintudorache@gmail.com,influencer Utrecht
naomi_veenvliet,https://www.instagram.com/naomi_veenvliet/,Follow me for your daily dosis of outfit inspo! Contact: contact@naomiveenvliet.com,https://www.threads.com/@naomi_veenvliet?xmt=AQF0UoWdmL2bq3OCIo3dBuzudZFcPSd8DzylHpeYE_bAwTw,contact@naomiveenvliet.com,influencer Utrecht
acaziaclinics,https://www.instagram.com/acaziaclinics/,PMU opleidingen & huid behandelingen ↳ Permanent make-up ↳ Gezichtsbehandelingen ↳ Laser ontharen • Body contouring,https://www.threads.com/@acaziaclinics?xmt=AQF0wo-EYqenUtHFyxp573Uwu_cL3c1lXUvAOBSMA9g3pbk,info@acazia.nl,influencer Utrecht
sarahrebeccanl,https://www.instagram.com/sarahrebeccanl/,"35 opsteller, moeder, auteur en vooral gewoon Sarah 💌 contact@sarahrebecca.nl ✨opstellingendagen, trajecten &",https://www.threads.com/@sarahrebeccanl?xmt=AQF0G-VMkadJF9-8NX-HbLrQseHF-UdOtbJ5d2Rs-AY8uUM,contact@sarahrebecca.nl,content creator Utrecht
justbyjennifer,https://www.instagram.com/justbyjennifer/,"➳ Mama van Senna (2) ♡ ➳ Boy Mom | Peuter tips | Efteling | En meer! 📩 Justbyjennifer@hotmail.com ↓ LINKS, TIKTOK",N/A,justbyjennifer@hotmail.com,food blogger Utrecht
its_sarahruth,https://www.instagram.com/its_sarahruth/,Interior | fashion | travel 💌SarahRuthBaer@gmail.com Orthodontist 🦷 @zahnarztpraxis,N/A,sarahruthbaer@gmail.com,food blogger Utrecht
home_like_yours,https://www.instagram.com/home_like_yours/,Pomažem ti da napraviš dom bez grešaka 🏡 3D dizajn & izrada planova •online konsultacije 👩‍💻 CH | BiH | SRB 📩 Saradnje,https://www.threads.com/@home_like_yours?xmt=AQF0MGTMH59zQvRfJRVp_BISCDN8XAZWgFieKqaq4MjMjas,interior.suzanach@gmail.com,food blogger Utrecht
peppycooky,https://www.instagram.com/peppycooky/,Founder @peppythings @peppyspace ezgi@51digital.com,N/A,ezgi@51digital.com,vlogger Utrecht
esmeejoanna,https://www.instagram.com/esmeejoanna/,"🪄 Diadora in K3's Doornroosje 🍒 TikTok 1,2 miljoen, Youtube 166k+, Snapchat 💌 info@esmeejoanna.nl",https://www.threads.com/@esmeejoanna?xmt=AQF0CHc8xfyTmdYSeVn7YZ_6XpnU7n6cGLiO-YCiZr53ouw,"esmeejoanna@scooperz.com, info@esmeejoanna.nl",vlogger Utrecht
marleeats_,https://www.instagram.com/marleeats_/,"| random food reviews, hidden gems, & must-try spots✨| DM or Email for features & collabs 📩 marleecohen3@gmail.com",N/A,marleecohen3@gmail.com,food blogger Utrecht
marleenophof,https://www.instagram.com/marleenophof/,• Deelt lactosevrije recepten @lactosevrijvoormij 🍽 • 💌 marleenophof@hotmail.com,N/A,marleenophof@hotmail.com,food blogger Utrecht
etenmetjeroen,https://www.instagram.com/etenmetjeroen/,Jeroen | Food Tips | Ik help mensen goed eten 🍽️ | Jouw tijd en geld zijn het waard ⏱️💵 📩 etenmetjeroen@gmail.com,N/A,etenmetjeroen@gmail.com,food blogger Utrecht
djbalu92,https://www.instagram.com/djbalu92/,Booking: nicolas@birdcageradio.com Minimal/Deeptech/Microhouse/Breakbeat/Electro also do A&R for @atfxmvmt &,https://www.threads.com/@djbalu92?xmt=AQF0U_2cAomcEMa5_lFisbGkHJJ0aWyOKReu4ZsVsbnTUKU,nicolas@birdcageradio.com,creator Utrecht
jolien.laruelle,https://www.instagram.com/jolien.laruelle/,"📍Antwerp, Belgium 🙋🏼‍♀️LIFESTYLE creator & UGC 🤱🏼 MAMA van Vik 📩 jolien.collab@outlook.be 🍕 @josfoodvibes",N/A,jolien.collab@outlook.be,influencer Eindhoven
lourenegoll,https://www.instagram.com/lourenegoll/,🇩🇪 Fashion & Luxury Travel Blogger / Actress 🎵 TikTok: Lourenegoll ✉️ Business Email: info@lourenegoll.de 🏡 Located: ERK,https://www.threads.com/@lourenegoll?xmt=AQF0C-6Etbnu38cgxbZ56Xy_QitV_-rKhKxcwVKp-epMRMg,"info@lourenegoll.de, lourene@matie-mgmt.com",blogger Eindhoven
knrd1,https://www.instagram.com/knrd1/,- Salon owner @blush_brugge - Creator @knrd_atelier - Living for the vibes. - ✉️ -> coussement.koenraad@gmail.com,N/A,coussement.koenraad@gmail.com,blogger Eindhoven
visha.khandelwal,https://www.instagram.com/visha.khandelwal/,🎓 CA • Content Creator • TEDx Speaker 🌱 Slow Travel and Healthy Lifestyle 💼 Building @onyourvishlist 📧,https://www.threads.com/@visha.khandelwal?xmt=AQF0wu6Hex4HBAJmGJmeYM9k9XDZ1aFpj8Jpb_KnibhaHl0,work@vishakhandelwal.com,content creator Eindhoven
stefania_,https://www.instagram.com/stefania_/,Contact: marcel@agentsafterall.nl New single: coming soon👀🙃,https://www.threads.com/@stefania_?xmt=AQF0Wz49izOON8PFLG-YoNdcjzAnXQsLO-o1F4hIUlWBaaA,"stefania@egocompany.nl, marcel@agentsafterall.nl",creator Utrecht
fleurcottignies,https://www.instagram.com/fleurcottignies/,"My life 🪄 🪩 TikTok - Fleurcottignies 16,6K 💌 cottigniesfleur@gmail.com BE1020.623.508",https://www.threads.com/@fleurcottignies?xmt=AQF0XXcXuxnO2yA4nm7Jy3rMOEBGQuZHy9oEGnepUD9lvfM,cottigniesfleur@gmail.com,content creator Eindhoven
nailafarhana,https://www.instagram.com/nailafarhana/,"A cat lady who loves languages, rebuilding my business and life in Bali 🌺🍀🐱 🎥 @nailingua YouTube 900k 📩 +62",https://www.threads.com/@nailafarhana?xmt=AQF0JNS0gBGQtxmBOT9RkF1bFdmMFiy07QSLyr1rZwLpLqs,admin@nailingua.com,creator Utrecht
dilaymariah,https://www.instagram.com/dilaymariah/,mngmt @magalyallana collabs: dilaywillemstein@gmail.com,https://www.threads.com/@dilaymariah?xmt=AQF09X9BdOj_OJ7ifSRqc7B5Q8LNxYh_ueETJHeO4LxPHak,"dilaywillemstein@gmail.com, dilay@nano.amsterdam",influencer Eindhoven
denaromedia.in,https://www.instagram.com/denaromedia.in/,Your Fav #Adagency on the gram 📱Influencer Marketing & PR 😂 Meme & Viral Marketing ☎️ Influencer Support Number -,https://www.threads.com/@denaromedia.in?xmt=AQF0cWPW4N0jzlUVA81pgkpb_rrx2uGnaxh-67VsyhPF4g4,snehasish@denaromedia.in,content creator Eindhoven
mossonyi,https://www.instagram.com/mossonyi/,"London mgt@mossonyi.com Luxury Fashion, Beauty & Lifestyle ♠️ Film Project @alovelettertomyfriend 💌",https://www.threads.com/@mossonyi?xmt=AQF03njImGXRYEbSTCi1xA2XQA7pmPs_NBEMmN-fo2MowDM,mgt@mossonyi.com,blogger Eindhoven
narjessrkaiek,https://www.instagram.com/narjessrkaiek/,Cabin Attendant Mommy of Noah Rkaiek💙🧸 Dutch/Tunisian Shop my style @thaiesdubai E-mail: Narjessrkaiek@hotmail.com,N/A,narjessrkaiek@hotmail.com,blogger Eindhoven
meekalefay,https://www.instagram.com/meekalefay/,💌 collabs: meekalefay@gmail.com ↓ I make videos on youtube.com ↓,N/A,meekalefay@gmail.com,content creator Eindhoven
carolalopp,https://www.instagram.com/carolalopp/,💌carolina4rey@hotmail.com 📸| Outfits / Lifestyle / Beauty 📍| Andalucía,https://www.threads.com/@carolalopp?xmt=AQF0XbgVdjPFqZcqd_lAPGVB9a4phKnhc6F0u-sewATKsLQ,carolina4rey@hotmail.com,blogger Eindhoven
taashithukrall,https://www.instagram.com/taashithukrall/,"a 9-5 gal who is always hungry 👩🏻‍💻 @starbucksindia, prev @subkocoffee @zomato 💌 workwithtaashi@gmail.com |📍bombay",N/A,workwithtaashi@gmail.com,food blogger Eindhoven
enjoycelifeblog,https://www.instagram.com/enjoycelifeblog/,💉 Lifestyle blogger met lupus ❤️ Zelfzorg • Relaties • Intimiteit 📌 Groningen 📩 enjoycelifeblog@gmail.com ✨ Nieuwe,https://www.threads.com/@enjoycelifeblog?xmt=AQF0Z74JjTsonW4H3Tek-uqK8CL0yhkikHOI-1h8C0UenoQ,enjoycelifeblog@gmail.com,food blogger Eindhoven
rianne.drost,https://www.instagram.com/rianne.drost/,❥ Mommy of Soraya & Lynn 👧🏼 ❥ Dutch 💌 rianne.drost1@gmail.com,N/A,rianne.drost1@gmail.com,food blogger Eindhoven
kyra.vaneck,https://www.instagram.com/kyra.vaneck/,Fashion & lifestyle creator Outfit inspiration & styling ideas 🤎 Collabs: kyraninavaneck@gmail.com,https://www.threads.com/@kyra.vaneck?xmt=AQF0XBGv92lGJAzmdIJBRvALEwWgP6sJcD1CdR8dQj-yoz0,kyraninavaneck@gmail.com,dutch influencer Eindhoven
clovchoi,https://www.instagram.com/clovchoi/,LIFE | STYLE | FOOD | FIT | TRAVEL | BUSINESS oc + la + bay uc berkeley 💌cloverchoi9@gmail.com,https://www.threads.com/@clovchoi?xmt=AQF0vfS-O9e2W7pUgq3PWmyyFbJcTPaPcV_135AXp_nz4vE,cloverchoi9@gmail.com,food blogger Eindhoven
kailinavogel,https://www.instagram.com/kailinavogel/,The best of both worlds 🍀 @myproteinnl code: Kailina 👑 Pageant | Powerlifting,https://www.threads.com/@kailinavogel?xmt=AQF0HoUJzoNvpsRsQiGiKo-M_U9WGHMx7YxcD-KayTyaoLE,kailinaleilane@gmail.com,dutch influencer Eindhoven
leoalkemade,https://www.instagram.com/leoalkemade/,zingen en dingen... 🎬 ☎️: Matijs Wessels ✉️: info@wesproducties.nl 🎶: Nieuw album! Bestel snel!,N/A,info@wesproducties.nl,influencer Tilburg
plantbfoodie,https://www.instagram.com/plantbfoodie/,🌱 🇳🇱 Vegan 💖 Haircare 🐰 cruelty free 🐱 🇬🇷 Adopt dont shop 📬 plantpedagoog@outlook.com,N/A,plantpedagoog@outlook.com,influencer Tilburg
kayleigh_official13,https://www.instagram.com/kayleigh_official13/,🎤FINALIST JUNIORSONGFESTIVAL 2022 🎬 JOY~Brugklas S13 💌 collabskayleigh@gmail.com 🎥Nik&Nik Make me a model S1,N/A,collabskayleigh@gmail.com,influencer Tilburg
fiza.manchandaa,https://www.instagram.com/fiza.manchandaa/,Fashion | Lifestyle | Beauty 📍Montreal PR/brand collab: fizamanchandaa@gmail.com,https://www.threads.com/@fiza.manchandaa?xmt=AQF0YadqOCJbYvZzRk8-DWW2QrfKb2to5xccspSTA8lR2dI,fizamanchandaa@gmail.com,content creator Tilburg
ugcwithkaytelynn,https://www.instagram.com/ugcwithkaytelynn/,"Your go to UGC creator for paid & organic ads ✨trusted by 300+ brands 📍Ontario, Canada 📧: kaytelynn.ugc@gmail.com ↓ My p",https://www.threads.com/@ugcwithkaytelynn?xmt=AQF0hWl4J1GbpfK8mloz877sM5pMQp5DjEHMQpzyDoWKL_c,kaytelynn.ugc@gmail.com,content creator Tilburg
melissariddell,https://www.instagram.com/melissariddell/,Presenter Cool FM 📻 @officialcoolfm ✉️ info@melissa-riddell.com 🏡 @melissariddellhome,N/A,info@melissa-riddell.com,content creator Groningen
mommashive,https://www.instagram.com/mommashive/,Mom of 3— & still me✨🌈💕 Lifestyle • Travel • Adventures ✨465k+ on Tiktok 📩 Work with me alexis@a-listme.com,https://www.threads.com/@mommashive?xmt=AQF0OOeOjpLyuqrdi3vwwYS7puJXDKhSge9UXe8nvpdaT78,"alexis@a-listme.com, alexis.hivemarketing@gmail.com",content creator Groningen
kellycaresse,https://www.instagram.com/kellycaresse/,"💗 Mama van 4 meisjes 🧺 Vlogs, selfcare & routines (echte leven!) ✨ Glow up met mij in de chaos ✨ 💌 Info@femmefab.nl",https://www.threads.com/@kellycaresse?xmt=AQF00bFue4gp2Vj3UBZGNP3yK8KFc9uFkReNERWhEfgWDSU,info@femmefab.nl,vlogger Groningen
roosmarijn_koster,https://www.instagram.com/roosmarijn_koster/,Boek en vlogserie: vrouw 35+ KINDERWENS. Kringloop YouTuber Amsterdam - 26K subs. For collabs: roos@roosmarijnkoster.com,N/A,roos@roosmarijnkoster.com,vlogger Groningen
dewipijnacker,https://www.instagram.com/dewipijnacker/,"FASHION | BEAUTY | GIRLY THINGS My digital girly diary☕️🧸🎀 TT: @dewipijnacker (1,2k) 💌contact: dewipijnacker@outlook.co",https://www.threads.com/@dewipijnacker?xmt=AQF0Gvtu21XdX5IF5npemTeTGrcrVitHaqp73Do12fonMjM,dewipijnacker@outlook.co,blogger Groningen
andrulyte,https://www.instagram.com/andrulyte/,"🧠dr in neuroscience 🎀founder @evenoir.collective 👩🏼‍💻science, tech, fashion 💌andrulyte.connect@gmail.com",N/A,andrulyte.connect@gmail.com,content creator Groningen
odettewesseling,https://www.instagram.com/odettewesseling/,Booklover & Runner 📚🏃‍♀️ 💌 info@fabledet.com,N/A,info@fabledet.com,blogger Groningen
brookeelisenv,https://www.instagram.com/brookeelisenv/,The Art of Doing It Scared “See the world from another point of view” 💌 beingelise.nvi@gmail.com 📸 @benvi.jpeg ✈️,https://www.threads.com/@brookeelisenv?xmt=AQF0-CWgsSy7lMmsKtO9sU5JP_BHl-MWLbCUdNGxFY9pWzg,beingelise.nvi@gmail.com,vlogger Groningen
esmewearing,https://www.instagram.com/esmewearing/,"outfits, lifestyle, scorpio netherlands & germany based ugc, pr, collabs ✉️ esmewr.contact@gmail.com",N/A,esmewr.contact@gmail.com,vlogger Groningen
nathaliejw,https://www.instagram.com/nathaliejw/,More fun on TikTok @gymshark (NATHALIEW10) 💌 Info@clubcopenhagenagency.com,https://www.threads.com/@nathaliejw?xmt=AQF06SQGNnJjv91NeDRMUKbuMIQD1NDu9oyy_pC3zZNoZHU,info@clubcopenhagenagency.com,blogger Groningen
lina.shishkovaa,https://www.instagram.com/lina.shishkovaa/,lifestyle | 📍Groningen 🇳🇱/ Valencia 🇪🇸 💌 angelinashishka03@gmail.com,https://www.threads.com/@lina.shishkovaa?xmt=AQF0SSiawKfd6-ggpbrwgvG5Un1LYAg5g2a8pgyDGQ2Nn6Y,angelinashishka03@gmail.com,influencer Groningen
sanne.de.boer,https://www.instagram.com/sanne.de.boer/,☆ Sneakers 👟 ☆ Applied Psychology ☆ Traveling ☆ CONTACT: SANNEDEBOER1@HOTMAIL.COM,https://www.threads.com/@sanne.de.boer?xmt=AQF09AX3DjSXvNDWJlVWNaDdk6xRTgeNgFouGaAC-qBX5G4,sannedeboer1@hotmail.com,blogger Groningen
lilylikecom,https://www.instagram.com/lilylikecom/,skater girl & performer 🛼⛸️🏒🛹 content creator & photographer 📸 💌 collabs/UGC: info@lily-like.com 📍 dutchie in LA 🌷🌴 🎀,https://www.threads.com/@lilylikecom?xmt=AQF0QfAlY5vE2MbhyrTi59gzqYdmtbMvjbeRQLLKSSFYxIY,info@lily-like.com,blogger Groningen
erik,https://www.instagram.com/erik/,work: erik@friendswithsocials.com founder @signsoflifeofficial @fwsocials,https://www.threads.com/@erik?xmt=AQF0wQK9zt4b5emgp256-tcbv5QkusgyT_JWyv7gKdg0Ovw,erik@friendswithsocials.com,blogger Groningen
nynkedevaal,https://www.instagram.com/nynkedevaal/,Ondernemer | @lumenova.pmu & @luxaglo ✨ The future is yours to create 📩 contact.nynkedevaal@gmail.com 🔗 linkedin,https://www.threads.com/@nynkedevaal?xmt=AQF0kl8NZpX8eLvUcWPqalATtJq7SHSsLKazSwwTfS_dEXs,contact.nynkedevaal@gmail.com,influencer Almere
alaa__al__,https://www.instagram.com/alaa__al__/,♥️Curvy and proud📍Amsterdam 🇳🇱 Working full-time in IT 👩🏻‍💻 💌 alaainstacollabs@gmail.com 👸🏻Miss Top of The World Plus,N/A,alaainstacollabs@gmail.com,influencer Almere
bysiss,https://www.instagram.com/bysiss/,Twin sisters and best friends🤍 Fashion•lifestyle•luxury hosting•travel Bookings👯‍♀️ bysiss@outlook.com Designers,https://www.threads.com/@bysiss?xmt=AQF08ohrvcwfnX1IHb5Zv-AzmKAGc2EsMMnsQpkA4ArJwqA,bysiss@outlook.com,influencer Almere
rules.of.mary,https://www.instagram.com/rules.of.mary/,A♡ GER || MUNICH 💌 rulesofmary@gmx.de ⠀⠀⠀ ⠀⠀⠀⠀ 👩🏼‍✈️ Student Pilot (PPL) 🧿✨,N/A,rulesofmary@gmx.de,content creator Almere
chaneldebruijn,https://www.instagram.com/chaneldebruijn/,• Email: chanel@getinfluenced.nl,N/A,chanel@getinfluenced.nl,beauty blogger Almere
thylr_,https://www.instagram.com/thylr_/,.📍Germany 🇩🇪 . Outfit inspiration ✨ . Collab: Kourifachesoukaina@gmail.com,https://www.threads.com/@thylr_?xmt=AQF0S5slONM6N4sn8MhB3sfJBEmThhD-whnzpfV6Brp_DLs,kourifachesoukaina@gmail.com,dutch influencer Almere
maya_mea__,https://www.instagram.com/maya_mea__/,𝐌𝐚𝐲𝐚 𝐌𝐞𝐚 💃 Happy vibes inspiration for your closet 🪩 🩷 Color Analysis Your fashion bestie-in-crime ✨ ✉️ Collab?,https://www.threads.com/@maya_mea__?xmt=AQF0LFS3LO-nNqh5jZol5TupmoHUjBdrhJUh2Z5HcZeTO6M,info@mayamea.nl,dutch influencer Almere
erik.heart,https://www.instagram.com/erik.heart/,Lifestyle | Events | Host Former Part of RealityTV Dog Dad of @jamestheoeb Booking: info@erik-heart.de,N/A,info@erik-heart.de,dutch influencer Almere
tjitsker,https://www.instagram.com/tjitsker/,"28 y/o Dutch girl sharing her daily fashion, travel & lifestyle diary 🩷🦋🌼🍓🐝🌿 💌 Let's collab! DM or",https://www.threads.com/@tjitsker?xmt=AQF0Z-atMAe37ALszwnQoYLyfCOlBndbvgn12XHAjS7F5Mk,tjitske_rutten@outlook.com,dutch influencer Almere
mieksmind,https://www.instagram.com/mieksmind/,"Kocht een zeilboot. Spijt? Soms😅 Eten, zeilen + eerlijk bootleven in Spanje & Ibiza 📍Cartagena --> Ibiza",https://www.threads.com/@mieksmind?xmt=AQF0uTtkhtUx984evf7NtWzHVhgEviRXtdp073XMszupqrM,info@mieksmind.nl,blogger Breda
emmasroadmap,https://www.instagram.com/emmasroadmap/,🇧🇪 Hidden gems in Belgium & nearby 🌿 hiking • day trips • unique spots ✉️ emma@beinfluence.eu ↓ Get on the waitlist for,https://www.threads.com/@emmasroadmap?xmt=AQF0M8K5DE6fMTE-ZJXbsYpqgKqqqI0_7XDHIUNUtbjTWO4,emma@beinfluence.eu,dutch influencer Almere
jaydidubois,https://www.instagram.com/jaydidubois/,"🤍 Mommy of Xavy 💄 Fashion, beauty, lifestyle & mom things ⭐️ TikTok Jaydi Dubois 💌 jaydi@livtheagency.com",N/A,jaydi@livtheagency.com,dutch influencer Almere
manonnjanssen,https://www.instagram.com/manonnjanssen/,💌manonjanssen4@gmail.com of DM 📸 Tiktok @manonjanssen 📹 Youtube @manonjanssen,https://www.threads.com/@manonnjanssen?xmt=AQF0RWf-xe_RFp1ERmUj79DR50_QjxhkNNJHYRZLdqhFuO0,manonjanssen4@gmail.com,influencer Breda
nosequeponermeblog,https://www.instagram.com/nosequeponermeblog/,Ingeniera 📍Sevillana en Madrid 💌 nosequeponermeblog@gmail.com Mi armario y marcas fav:,N/A,nosequeponermeblog@gmail.com,blogger Breda
needastylebreak,https://www.instagram.com/needastylebreak/,☆ The Netherlands ☆ Fashion • lifestyle • interior ☆ Collab? sannedenijs@live.nl 💌,N/A,sannedenijs@live.nl,blogger Breda
indosbelike,https://www.instagram.com/indosbelike/,Keeping our cultural heritage alive through laughter and merchandise. ✉️ Vragen of info: info@indosbelike.nl,N/A,info@indosbelike.nl,vlogger Breda
notquiteatownie,https://www.instagram.com/notquiteatownie/,Sharing my life with 3 dogs and a farmer in Oxfordshire Podcast - @countrynatters notquiteatownie@gmail.com,N/A,notquiteatownie@gmail.com,content creator Breda
nicole___bruno,https://www.instagram.com/nicole___bruno/,Romanticizing My Life 📍RI | 25 🎤Singer/Pianist 💌nicolegibruno@gmail.com,https://www.threads.com/@nicole___bruno?xmt=AQF0y5VlmqFwYMq1zbGNk6oWeuERZVJSRGxVXW71TG59zvA,nicolegibruno@gmail.com,content creator Breda
soesvangrondelle,https://www.instagram.com/soesvangrondelle/,•Rouwactivist• 📩 soesjavangrondelle@gmail.com,N/A,soesjavangrondelle@gmail.com,vlogger Breda
lindseybeljaars,https://www.instagram.com/lindseybeljaars/,"📸 Content creator & UGC creator 🌟 Fashion, beauty, interieur, mommy & travel ✉️ info@lindseybeljaars.nl 👩🏼‍💻 Mijn",N/A,info@lindseybeljaars.nl,vlogger Breda
pideporesaboca,https://www.instagram.com/pideporesaboca/,"Sonsoles de la Peña. Mesa bien puesta, familia contenta. Colaboraciones: 📩 sonsoles@pideporesaboca.com",N/A,sonsoles@pideporesaboca.com,influencer Nijmegen
mandykaybart,https://www.instagram.com/mandykaybart/,"Content Creatorin • Autorin Deine große Schwester, die du (vielleicht) nicht hattest. ♥️ Echt • Ohne Bullshit •",https://www.threads.com/@mandykaybart?xmt=AQF0NH6LUl6xBd9yYlIrZDTspEX1m-0Wuv7z82riILIB7BY,management@mandykaybart.com,content creator Nijmegen
ugc.aniek,https://www.instagram.com/ugc.aniek/,📸 UGC & CERTIFIED CONTENT CREATOR 💌 Collabs: ugc.aniek@outlook.com,N/A,ugc.aniek@outlook.com,content creator Nijmegen
swati_dwivedi25,https://www.instagram.com/swati_dwivedi25/,"✨Let’s get better at content, together ❤️ 💌 Swatidwivedi.collaborations@gmail.com 📍Delhi YouTube ✨⤵️",N/A,swatidwivedi.collaborations@gmail.com,content creator Nijmegen
jeffreylake,https://www.instagram.com/jeffreylake/,"🎤 Nederpop singer and television , Influencer 📖 Voor boekingen & info bel of mail naar: info@leolauffer.com Telefoon: +",https://www.threads.com/@jeffreylake?xmt=AQF0iEn3qwtlCgwsTglc1fwri5cHTM939X9RPNXUfYle_QY,info@leolauffer.com,vlogger Nijmegen
jamey.nl,https://www.instagram.com/jamey.nl/,"✉️ Samenwerken? Mail: info@jamey.nl ✉️ Content Creator, Fotograaf, UGC Creator ♥ Noé (‘17) en Manu (‘20) 🥰",https://www.threads.com/@jamey.nl?xmt=AQF0KOERrMDfuExJWlpk_srZCnFb2iyJa6hK4PigC0F5lKc,info@jamey.nl,blogger Nijmegen
curly.iris,https://www.instagram.com/curly.iris/,🤍 Owner @curlsbyiris 🩵 Mom to be “August 📧 curly.iris@hotmail.com,N/A,curly.iris@hotmail.com,blogger Nijmegen
dehuismama,https://www.instagram.com/dehuismama/,🌸 Kijkje in het chaotische leven als mama van 6! ✝️ God is Good 💌 Samenwerkingen: marlissa@connectedcreatorsagency.com,N/A,marlissa@connectedcreatorsagency.com,influencer Nijmegen
manaleseman,https://www.instagram.com/manaleseman/,take your time and see the beauty of the world ✨ figuring out my 30s 💌 mana.leseman@gmail.com next: Italy 🇮🇹 & norway 🇳🇴,N/A,mana.leseman@gmail.com,blogger Nijmegen
bookswithgray,https://www.instagram.com/bookswithgray/,the corporate book girlie london ✦ stefani@hubbcreative.com new youtube video ↓,N/A,stefani@hubbcreative.com,content creator Enschede
lisanne_reith_,https://www.instagram.com/lisanne_reith_/,🍒Fashion & Interior Styling 🫶🏻Family 💌 lmvanderstelt@hotmail.com,https://www.threads.com/@lisanne_reith_?xmt=AQF0lsbal0dHETVkkIUhc7uqHn5UFI1R3UQeOmO7sZQbWEs,lmvanderstelt@hotmail.com,influencer Enschede
nehatea_,https://www.instagram.com/nehatea_/,🧴 Beauty. Lifestyle. Pop Culture. 🌿 Body Acceptance Is My Aesthetic 📥 All Work Queries: neha.freeda@gmail.com,N/A,neha.freeda@gmail.com,content creator Enschede
itsliterallykb,https://www.instagram.com/itsliterallykb/,📍DFW Unemployed & Unbothered Am I a Content Creator Yet? 💌: itsliterallykb@gmail.com 💕: @4thegirlssocial,https://www.threads.com/@itsliterallykb?xmt=AQF0oY20FGNc-iW4siP0T_zDtFnGhJgC5-iR84RhAOhjiGw,itsliterallykb@gmail.com,content creator Enschede
pusafoodlab,https://www.instagram.com/pusafoodlab/,"📍Pula, Stoja 🕰️ ponedeljak-petak 09:00-17:00 subota - nedelja ne radimo 📞: +385958870803 📧: pusafoodlab@gmail.com",N/A,pusafoodlab@gmail.com,food blogger Enschede
imaaninoelle,https://www.instagram.com/imaaninoelle/,IMM Models London mgmt: Imaani@ad-venturestudios.com,https://www.threads.com/@imaaninoelle?xmt=AQF03Hr5B0y7Ce3R9zLtiDWJVKI64rw1F1DquduUYrASd90,"dominique@unlockedbranding.com, imaani@ad-venturestudios.com",blogger Haarlem
bydeanmarc,https://www.instagram.com/bydeanmarc/,▫️founder & director @craftersanddrifters ▫️Haarlem / Malaga ▫️foodie by heart ▫️dean@craftersanddrifters.com ▫️ @dd,N/A,dean@craftersanddrifters.com,influencer Haarlem
amberleemans,https://www.instagram.com/amberleemans/,cool mom era 🫶🏽🤍 TikTok @amber.leemans (19K+) 💌 amberleemans@hotmail.com,N/A,amberleemans@hotmail.com,influencer Haarlem
lamour.olya,https://www.instagram.com/lamour.olya/,Lifestyle / Travel / Fashion 💌 lamour.olya@gmail.com,https://www.threads.com/@lamour.olya?xmt=AQF0relift8LW2JCx6P8L0Qbm8FbLK5LLJmnODnQCtSSb5c,lamour.olya@gmail.com,blogger Haarlem
elianamarie777,https://www.instagram.com/elianamarie777/,📍DTX | HTX stay smart & stay hot🌞💗🪴💅🏾✨ | lifestyle | fashion | learning | ♓︎ 💌 elianamarie4444@gmail.com,https://www.threads.com/@elianamarie777?xmt=AQF08MWi-BRj5rQdgJcqQr8ZVh6umkcpV8gBv7zXvLTnZm4,elianamarie4444@gmail.com,content creator Haarlem
ramonecharissa,https://www.instagram.com/ramonecharissa/,Amsterdam | Brooklyn TT: ramonecharissa (185K+) YT: ramonecharissa (40K+) ramone@maja-agenzy.com,N/A,ramone@maja-agenzy.com,content creator Haarlem
flywitheva,https://www.instagram.com/flywitheva/,"👩‍✈️ My online diary: flying and more 😄✈️🌏! 📩Contact: iflywitheva@gmail.com 📍Girl from The Netherlands, living in Hong",https://www.threads.com/@flywitheva?xmt=AQF07Cna7sdNq9wqvIXK4ktXcMX52tN0EyDs89_otPKprcA,iflywitheva@gmail.com,influencer Haarlem
im_alicia_,https://www.instagram.com/im_alicia_/,Life & Style & MuthaHOOD @sheismutha Owner @thebeautynomad & @muumuumafia 📍NJ/NYC/CT Email alicia@aliciafajardo.com,https://www.threads.com/@im_alicia_?xmt=AQF0UgATv39_V4zY3ycKIo530s_8Zsq0PEo8cGXdY5QnRjk,alicia@aliciafajardo.com,content creator Haarlem
samanthavanderleest,https://www.instagram.com/samanthavanderleest/,"☾ it’s me, sam 🐚 ☾ 1/2 of @reispackers ☾ mail: samanthavanderleest@gmail.com •",N/A,samanthavanderleest@gmail.com,blogger Haarlem
saraafiba,https://www.instagram.com/saraafiba/,Acteur & zangeres 🌱🌸 Management: fallon@no19management.com,N/A,fallon@no19management.com,influencer Haarlem
kheeell,https://www.instagram.com/kheeell/,NL ♥ O. 🎀 Mom of Lovi Lio & baby 26💙. 💌 kellybronkhorstx@gmail.com,https://www.threads.com/@kheeell?xmt=AQF06m7LDtgPU8MhIekg9u16NpXOPuLPL9oCWEGl6BvFcBI,kellybronkhorstx@gmail.com,blogger Haarlem
jessierouxhair,https://www.instagram.com/jessierouxhair/,Hello my fabulous friends 👋 All enquires to - hbumpus@noelgay.com 💛Based @no1saloneducators.kjm 💛British Sign Language,N/A,hbumpus@noelgay.com,content creator Haarlem
ingraddmferreira,https://www.instagram.com/ingraddmferreira/,Follow my new account 🤍 Link below ⤵️,https://www.threads.com/@ingraddmferreira?xmt=AQF0kZh_xnmjYbcHkLA9WLYNLTcVrGOICXsTlIrvk504UwQ,ingraddmurielle@gmail.com,blogger Haarlem
the_lykke_charm,https://www.instagram.com/the_lykke_charm/,🇩🇰 American mom (mostly) loving life in Copenhagen ✨ 💌 thelykkecharm@gmail.com ⬇️ CPH guide/itineraries!! ⬇️,N/A,thelykkecharm@gmail.com,content creator Haarlem
a.x.cam,https://www.instagram.com/a.x.cam/,🧷 NYC lifestyle • fashion • creator advice 📧 asacameron@yahoo.com,N/A,asacameron@yahoo.com,content creator Haarlem
more_than_shreds,https://www.instagram.com/more_than_shreds/,"Workout, Nutrition, & Mindfulness connect@ridiona.com Personal Training/ Meal Plans @lesmills BodyPump Certified Coach",https://www.threads.com/@more_than_shreds?xmt=AQF0IEaIqiF0t8WjIIWLg5aiYq-4L3fwqNSgRasYvDDMIk8,connect@ridiona.com,creator Haarlem
aafkemelgers,https://www.instagram.com/aafkemelgers/,Wannabe influencer (tot het echt zo ver is) Ook nog moeder van Ted 📍 Arnhem 💌 samenwerken@aafkemelgers.nl,N/A,samenwerken@aafkemelgers.nl,influencer Arnhem
makemeblushnl,https://www.instagram.com/makemeblushnl/,💕 youtube /makemeblush | 40k ☕️ tiktok /makemeblushnl | 27k ✉️ info@makemeblush.nl,N/A,info@makemeblush.nl,blogger Arnhem
beingzahrajani,https://www.instagram.com/beingzahrajani/,"Living the lifestyle I love, sharing it with you. 🎙Hosting: @zahrajanishow 📧 zahrabmnb@gmail.com",https://www.threads.com/@beingzahrajani?xmt=AQF0JgJZ6jPpkb5vwBSPO-zaxt7MOJi7oK1QcpeyWBNSh5A,zahrabmnb@gmail.com,content creator Arnhem
jamienkidd,https://www.instagram.com/jamienkidd/,"los angeles what i wear, where i go, everything in between ✉️ jamie@katherinebrookspr.com",N/A,jamie@katherinebrookspr.com,blogger Arnhem
noanoella,https://www.instagram.com/noanoella/,◦ Partnered @twitch Streamer 💌 info@noanoella.nl,N/A,info@noanoella.nl,creator Haarlem
daradenney,https://www.instagram.com/daradenney/,"ecom, creative, brand 📍NYC 115K on YouTube 🎥 partnerships@daradenney.com",https://www.threads.com/@daradenney?xmt=AQF0rnOelmEti9vHTfZ1DgE3qrYaD-S7MtdWGXFtDedIsCA,partnerships@daradenney.com,content creator Arnhem
fkaclifford,https://www.instagram.com/fkaclifford/,🇦🇺 AU/NZ: paul.azzopardi@tmrw.com.au music: fkaclifford@gmail.com Faith In Me with @camukg OUT NOW 🫂⬇️,N/A,"paul.azzopardi@tmrw.com.au, fkaclifford@gmail.com",content creator Arnhem
kellybrands_,https://www.instagram.com/kellybrands_/,"➳🩷 mama (32) van Lieke (6), Norah (2) en Sander (39) ➳✨ momlife, interior & fashion ➳ 💌 kellybrands@cloud9ine.nl",N/A,kellybrands@cloud9ine.nl,blogger Arnhem
chrissyjs_,https://www.instagram.com/chrissyjs_/,"Love her, but keep her wild. ✨ 💭 contact: chrissyjs@web.de 📍 based near DÜS",N/A,chrissyjs@web.de,blogger Arnhem
life.with.three,https://www.instagram.com/life.with.three/,Contact 💌 lifewthree@gmail.com,N/A,lifewthree@gmail.com,blogger Arnhem
gwnrichie,https://www.instagram.com/gwnrichie/,✨ 𝘌𝘯𝘵𝘦𝘳𝘵𝘢𝘪𝘯𝘪𝘯𝘨 𝘱𝘦𝘰𝘱𝘭𝘦 🔴 𝗦𝘁𝗿𝗲𝗮𝗺𝗲𝗿 | 𝗖𝗿𝗲𝗮𝘁𝗼𝗿 📝 @yourbuildpcs & @logitechg 🫱🏼‍🫲🏾 …..👀,https://www.threads.com/@gwnrichie?xmt=AQF0_JfijHlxIqoeswy3Sfon9IB2sxu9K7UquPjrAJ7BsDg,gwnrichie@hotmail.com,creator Haarlem
tamarindnthyme,https://www.instagram.com/tamarindnthyme/,"🍽 Easy Home Cooking 🥗 Food Blogger I Recipe Developer 🌍 Johannesburg, South Africa 🇿🇦 🔆 CDWM SA Season 6 Ep11 Winner",https://www.threads.com/@tamarindnthyme?xmt=AQF0Cfn2Q5QgN9br_UzQ5dd6Cr30u9h-PZTZlpFvnjoGfjU,hello@tamarindnthyme.com,content creator Arnhem
digitwithraven,https://www.instagram.com/digitwithraven/,"🏺Archaeologist, Ancient Historian, Presenter, Author Archaeology, Heritage, History and Travel 🌍 87k on YouTube 📧",https://www.threads.com/@digitwithraven?xmt=AQF0SGPOS5VaObQxRNBVIum0hUn_0dJyQ7x7BS34YKfKYsQ,hello@digitwithraven.com,vlogger Arnhem
ylambo,https://www.instagram.com/ylambo/,Parkour and Freerunner TikTok: 218K YouTube: 9K Second instagram account: @ylambopk Contact: ylambo@outlook.com,N/A,ylambo@outlook.com,influencer Amersfoort
eveslife,https://www.instagram.com/eveslife/,i post whatever i like 🧚🏽‍♀️ ☁️ lives in amersfoort hi: evelinalemmers@hotmail.com,N/A,evelinalemmers@hotmail.com,influencer Amersfoort
jenehknoopp,https://www.instagram.com/jenehknoopp/,UGC | Content creator | MOM Collab: Ugcjeneh@gmail.com Owner: @movingsocials 📲,https://www.threads.com/@jenehknoopp?xmt=AQF0ykrw_-JyfgzKRdptRgU99VUOtupC30XN_sgQeV9hxOU,ugcjeneh@gmail.com,influencer Amersfoort
thebriefcaseman,https://www.instagram.com/thebriefcaseman/,FOREVER KIND 💼 team@briefcaseman.com,N/A,team@briefcaseman.com,content creator Amersfoort
justbusyent,https://www.instagram.com/justbusyent/,✉️ justbusyentertainment@gmail.com,https://www.threads.com/@justbusyent?xmt=AQF0tcS6U4QrCykfmA7ZPIj9l0-WyOqZAHaqKrWviOIJl_o,justbusyentertainment@gmail.com,content creator Amersfoort
lizzyvantwillertx,https://www.instagram.com/lizzyvantwillertx/,Beauty | skincare | fashion | lifestyle 🩷 Founder: @studiobylizz_ Collab? > ugclizzyx@gmail.com Posting everything I,N/A,ugclizzyx@gmail.com,influencer Amersfoort
temi.creates,https://www.instagram.com/temi.creates/,Content Creator Busty girl fashion🍒| hair |beauty| skincare Lifestyle • Tips • Reviews • Inspo 📍Lagos Work with me 👇 📧,https://www.threads.com/@temi.creates?xmt=AQF0gue43aZGtHNqwRtM2cf-yL0dAkoLpPGBauGcsfXypJM,ehinmetankehinde@gmail.com,content creator Amersfoort
maddiejoy.prolife,https://www.instagram.com/maddiejoy.prolife/,"As long as I am here, God still has work for me to do. Esther 4:14 // Proverbs 31:8-9 B ♡ 💌 madelinejoyprolife@gmail.com",N/A,madelinejoyprolife@gmail.com,content creator Amersfoort
reve.eu,https://www.instagram.com/reve.eu/,🎀Before SHOPDISTRICT BOUTIQUE 📞 0630232512 📸 Tag us using #reveofficial ❤️Collab?DM 💌,https://www.threads.com/@reve.eu?xmt=AQF01n6JMs8nRVMIzX6JrMsl8qiKOQIbQr37T1Im0QQmp2s,reveconceptstore30@gmail.com,blogger Apeldoorn
ellsanna,https://www.instagram.com/ellsanna/,Digital dairy of my life. Moved for adventures to Dubai. 🇳🇱 ~> 🇦🇪Hit the follow button! 📧 ellsanna@outlook.com,https://www.threads.com/@ellsanna?xmt=AQF0TzM8NcVGHJJOD1ErgpelOtW2HZpWLYBLZzJX58ntA3w,ellsanna@outlook.com,influencer Apeldoorn
melvinvanhuetlindeman,https://www.instagram.com/melvinvanhuetlindeman/,Luxury Hospitality & Fine-Dining Photographer For collaborations please contact us at info@melvinvanhuetlindeman.nl 📩,N/A,info@melvinvanhuetlindeman.nl,content creator Apeldoorn
mijnhuisje_,https://www.instagram.com/mijnhuisje_/,"Interior, Lifestyle, Fashion & Momlife. Mom of James 🧒 opzoek naar een fijn nieuw 🏡 📧 Email: Mijnhuisje_@outlook.com",N/A,mijnhuisje_@outlook.com,blogger Apeldoorn
byminousch,https://www.instagram.com/byminousch/,Bedrijfsportretten & headshots Minouschremie@outlook.com 📍 Apeldoorn,N/A,minouschremie@outlook.com,influencer Apeldoorn
arianneelizabethx,https://www.instagram.com/arianneelizabethx/,"✨Just a Nerd with a passion for all things magical 💌 arianneelizabethx@outlook.com 🎥 Ook te vinden op Twitch, Youtube &",N/A,arianneelizabethx@outlook.com,content creator Apeldoorn
rapmais,https://www.instagram.com/rapmais/,"🗣️ Jornal de notícias de música, estilo, esportes, comportamento e muito MAIS! 📩 Pautas: contato@rapmais.com 📩",https://www.threads.com/@rapmais?xmt=AQF03wfnvccSAs0L9jEcdVZDMf52xTSb0lR6WwZTtOJz7Nk,contato@rapmais.com,creator Amersfoort
ad_nl,https://www.instagram.com/ad_nl/,🗞 Algemeen Dagblad 📧 Tips? Mail internet@ad.nl🤝 Check ook @ADSportwereld ⚽️ en @ADShownieuws 🕺📲 Download onze app of,https://www.threads.com/@ad_nl?xmt=AQF0slPsJIQIrjo1UZG7r6ICFKSFkEIj8-ilXt2j2QF0qgM,internet@ad.nl,influencer Apeldoorn
enstijl,https://www.instagram.com/enstijl/,INTERIORSTYLIST - BLOGGER - PHOTOGRAPHER - CONTENT CREATOR ✉️ info@enstijl.com,https://www.threads.com/@enstijl?xmt=AQF0kl1MCi9CW5Q8z6h_29UkYsLofFs1bEgczDoCwPNFL6Q,info@enstijl.com,blogger Apeldoorn
melisswardrobediary,https://www.instagram.com/melisswardrobediary/,A Mom Who J’adores Parisienne Style♡︎ Style diary • Beauty • Aesthetic lifestyle 🎀Romanticising the everyday🥐 💌,https://www.threads.com/@melisswardrobediary?xmt=AQF08JkImdCBpeyq9ulmQXEF8aGkpLDcb7U_o3Njq8yafi0,melisswardrobediary@gmail.com,content creator Apeldoorn
romiinlove,https://www.instagram.com/romiinlove/,✨ Scents. Coffee. Daily Rituals. 💎 Founder of Jewelry Brand @von.und.mit.herzen 📩 Collabs: romina.somer@gmx.de,https://www.threads.com/@romiinlove?xmt=AQF0JAYrMEdwxx__5pbuab3Hk6kWNTl3aQ_RAlempKKNzTM,romina.somer@gmx.de,content creator Apeldoorn
neondesigns,https://www.instagram.com/neondesigns/,Dutch ⚡️neon & advertising company ⚡️All projects copyright Requests: info@neondesigns.nl,https://www.threads.com/@neondesigns?xmt=AQF0Gow1wQQDcHx6wE7ajQsaRfj15Lokj7J4fFTW-c_VMz4,info@neondesigns.nl,influencer Den Bosch
alisontalksmoney,https://www.instagram.com/alisontalksmoney/,Helping you make cents of it all 😏💁🏻‍♀️ Romanticizing life on a budget ✨ 💌 mgmt: alison@undercurrent.net 📍Indy | Coffee,N/A,alison@undercurrent.net,content creator Den Bosch
schulzi_loves_beauty,https://www.instagram.com/schulzi_loves_beauty/,"⫸ Bramsche, Landkr. Osnabrück 📍 ⫸ Inspo in beauty products, fashion styles, travel ⫸ daily content ⫸ use SCHULZILOVES",https://www.threads.com/@schulzi_loves_beauty?xmt=AQF0cdNBRhHzJabA3Y62oDI5qJBJ2gYGBFl4NklQWnFRbrY,schulzi_loves_beauty@t-online.de,vlogger Den Bosch
geniet.met.san,https://www.instagram.com/geniet.met.san/,Het leven is te kort om saai te koken 🌶️ 🍋 Thuisdiners 👩‍🍳 Recepten 📩 info@genietmetsan.nl,N/A,info@genietmetsan.nl,blogger Den Bosch
julia.m.nymoen,https://www.instagram.com/julia.m.nymoen/,💫🤍💋 💌:julianymoen2006@gmail.com,https://www.threads.com/@julia.m.nymoen?xmt=AQF0ttdL3EkFbheH46sauIbSWvWHnysTnIC_IQ-49LPSUkE,julianymoen2006@gmail.com,influencer Den Bosch
lejla.smajic,https://www.instagram.com/lejla.smajic/,🇩🇪 / 🇧🇦 𝑭𝒓𝒂𝒏𝒌𝒇𝒖𝒓𝒕 𝒂𝒎 𝑴𝒂𝒊𝒏 / 𝑻𝒖𝒛𝒍𝒂 📧 lejlasmajic.lela@gmail.com,N/A,lejlasmajic.lela@gmail.com,influencer Den Bosch
jeanneor_,https://www.instagram.com/jeanneor_/,💌jeannetiktok@outlook.com,N/A,jeannetiktok@outlook.com,vlogger Den Bosch
kellycamfferman,https://www.instagram.com/kellycamfferman/,Outfits • tips • trips • good vibes only 🤩 Baby on the way 👶🏼🌈 aug ‘26 Collab? 💌 vertel@tipvankel.nl,N/A,vertel@tipvankel.nl,blogger Den Bosch
guelcinsen,https://www.instagram.com/guelcinsen/,Irgendwas zwischen TUPAC & MUTTER TERESA… Kontakt: guelcin.sen@gmx.de TikTok: KeineFreunde YouTube: KeineFreundePodcast,N/A,guelcin.sen@gmx.de,influencer Den Bosch
amalieask,https://www.instagram.com/amalieask/,digital markedsføring student 📚 innholdsprodusent / ugc kreatør 🎥 📩: amalieask9@gmail.com,N/A,amalieask9@gmail.com,influencer Den Bosch
jessy_bae,https://www.instagram.com/jessy_bae/,"Content creator | Event Host & MC Comedy • Fashion • Lifestyle 📍Vancouver, BC 🇨🇦🇳🇬 Ads| jnnamocha@gmail.com",https://www.threads.com/@jessy_bae?xmt=AQF0yJVbv7pcU7HVvSYMFz20p59gS3eYpwYRB7zU-hmV844,jnnamocha@gmail.com,content creator Den Bosch
gadogadofashion,https://www.instagram.com/gadogadofashion/,🤎~ Fashiondesigner. 🖤~ wholesale 🤎~ For private sale: contact us by e-mail. 🖤~ E-mail: margriet@gadogadofashion.eu,N/A,margriet@gadogadofashion.eu,influencer Den Bosch
highonthoseheels,https://www.instagram.com/highonthoseheels/,Content Manager @america_today Fashion/Dancer/Motivera Amsterdam 🦋 • veravanwijnen@gmail.com,N/A,veravanwijnen@gmail.com,blogger Den Bosch
ugc.paulina,https://www.instagram.com/ugc.paulina/,Teaching how to do UGC full-time w/o the BS 🤍 60+ students | €0 to €20k+ months ✉️ hello@ugcpaulina.com 🔗 JOIN MY UGC,https://www.threads.com/@ugc.paulina?xmt=AQF0rVapI_FkzgYdbsNAEp9YSEn4NFRA_UFpTEfAq7SV2Eo,hello@ugcpaulina.com,content creator Den Bosch
daphnevankerkhoff,https://www.instagram.com/daphnevankerkhoff/,𝐸𝑣𝑒𝑟𝑦 𝑚𝑜𝑚𝑒𝑛𝑡 𝑡𝑒𝑙𝑙𝑠 𝑎 𝑠𝑡𝑜𝑟𝑦. ♥ Mommy of Bibi-Faye ✉︎ info@favouritesbydaphne.nl,https://www.threads.com/@daphnevankerkhoff?xmt=AQF0vB1f-mRpY0VZEeZLt5P8UXit4-lSMZZ8LdfBUd1Iba8,info@favouritesbydaphne.nl,vlogger Den Bosch
yasminganpat,https://www.instagram.com/yasminganpat/,• Mom of Jade & Jordan • Married♾ •🐱🐱🐱 •📧yasminkoole@hotmail.com,https://www.threads.com/@yasminganpat?xmt=AQF0HcoDBEyfE0riTXPjUZQGiRvJK9M0f7mAEdYempSXqOE,yasminkoole@hotmail.com,influencer Hoofddorp
tatumprinss,https://www.instagram.com/tatumprinss/,Life is my inspiration ⚜️ Founder: @teautyy 🇳🇱 Dutch Model 📧 Collabs: Tatumprins@hotmail.com,https://www.threads.com/@tatumprinss?xmt=AQF0nH_feyzew_p8BHnKykYbS_BFsqFXPeNo5xA-B34nULs,tatumprins@hotmail.com,influencer Hoofddorp
b4men.nl,https://www.instagram.com/b4men.nl/,🚹:Jan Willem Huffmeijer. ✍🏻:Blogger B4men.nl. 💈:Barbier B4men Barbershop 📧: info@b4men.nl. #b4men,N/A,info@b4men.nl,food blogger Hoofddorp
thisisdaniel7,https://www.instagram.com/thisisdaniel7/,🇸🇰 in 🇳🇱 📧 danielduben66@gmail.com Aquarius ♒️ 26,https://www.threads.com/@thisisdaniel7?xmt=AQF0WK2q6DFmusbcqn5H5rnkB3ke_Y7Zx4vxcWCsb7UkPBU,danielduben66@gmail.com,content creator Leiden
the.lady.travels,https://www.instagram.com/the.lady.travels/,Sharing my little adventures 🥾🍃 travel | hikes | hidden gems 📍Ireland & The Netherlands 💌 theladytravelss@gmail.com,N/A,theladytravelss@gmail.com,blogger Leiden
wrobellinn,https://www.instagram.com/wrobellinn/,•Passion for Fashion & Beauty •schnelle & leckere Rezepte 📧 E-Mail: blandine555@gmx.de 📬 👉🏼#wrobellinn,https://www.threads.com/@wrobellinn?xmt=AQF0jn92RdUJZQJCiqqOJCfKcyPHrLh4133fkktrFPL0Hpo,blandine555@gmx.de,influencer Leiden
trendytopsweets,https://www.instagram.com/trendytopsweets/,Mamy of Logan ❤️ 📊Advertising marketing 📲Social media 💻templates/website/strategy for your business /investidor/Founder,https://www.threads.com/@trendytopsweets?xmt=AQF0TkpJDPxMjpuvJ1CckKZ9zkU7NWk7B9oIrNCrDigPnxA,of@s.digitaldevelop,blogger Leiden
nettiweber,https://www.instagram.com/nettiweber/,"Neues Buch: Stil beginnt im Kopf, Callwey Bookings: 🍰contact@poeltcommunication.de Italien: talents@bggcommunication",https://www.threads.com/@nettiweber?xmt=AQF0DXUamYkppri4bvFeTlgojcB75qF2bXb9JhOm1ilpZKU,contact@poeltcommunication.de,content creator Leiden
sylvanakusters,https://www.instagram.com/sylvanakusters/,A Fashion & Interior lover Mommy ❥ Liv 02.04.21 ✉️ sylvana_kusters@outlook.com,https://www.threads.com/@sylvanakusters?xmt=AQF0A1wYso4ymsXv7SZC0vQMaIc3mgHcgWTF-deUFXDHnwo,sylvana_kusters@outlook.com,blogger Leiden
kellyprincewright,https://www.instagram.com/kellyprincewright/,"👩🏻‍🦰 UK Travel Creator ✨ Let’s discover fairytale destinations 🗺️ Magical places, hotels & eats 📍✈️ Contact:",https://www.threads.com/@kellyprincewright?xmt=AQF0svpW-nsni6apvVG0N_TfnTeRWsOoPfys-FVyzlgGHCU,kellyprincewrites@gmail.com,content creator Leiden
anamishraa,https://www.instagram.com/anamishraa/,"lifestyle, travel guides & content creation tips 📩: team.anamishra@gmail.com 📍Bangalore",https://www.threads.com/@anamishraa?xmt=AQF0cPWoUm6gCp_LMse1_90B7GLK62ZIzt_gB95Zl4Yqikw,team.anamishra@gmail.com,content creator Leiden
essenmitsarah,https://www.instagram.com/essenmitsarah/,Food Spots around the world 🌍😋 TikTok: @essenmitsarah essenmitsarahh@gmail.com,N/A,essenmitsarahh@gmail.com,food blogger Leiden
melisskaplan,https://www.instagram.com/melisskaplan/,| outfit | mindfulness | travel l lifestyle 📩 melis@cometcreatorhouse.com,N/A,melis@cometcreatorhouse.com,food blogger Leiden
liliinesss,https://www.instagram.com/liliinesss/,"💌 | collab : lisa.d@werefrsh.com à base de voyage, vlog, matcha et bcp de love 🤠🌈🐢✨🌺🫐🍜",N/A,lisa.d@werefrsh.com,food blogger Leiden
maddysmoments,https://www.instagram.com/maddysmoments/,currently Paris 🌎Catching flights and food comas 📧management@maddysmoments.com 🌱veggie,https://www.threads.com/@maddysmoments?xmt=AQF05wJ2i9KsLGqLzkxhnFvvFnqrHdOdab8cs87neXkOLy0,management@maddysmoments.com,food blogger Leiden
breakfastwithaview,https://www.instagram.com/breakfastwithaview/,"Travel, Eat, View. breakfastwithaview Collaboration & Work: breakfastwithaview@gmail.com. 📍Paris",N/A,breakfastwithaview@gmail.com,food blogger Leiden
forkmebabyyy_,https://www.instagram.com/forkmebabyyy_/,🥨Food • Lifestyle • Fashion • Travel✈️ 📍London | New York | Mumbai 💌 forkmebabyyy@gmail.com,N/A,forkmebabyyy@gmail.com,food blogger Leiden
camille.mast,https://www.instagram.com/camille.mast/,North of France | Paris Content creator and creative consultant 👩🏼‍💻 ✉️ camillemast.agent@gmail.com,N/A,camillemast.agent@gmail.com,food blogger Leiden
hallease.mp4,https://www.instagram.com/hallease.mp4/,A Texan in ATL • Filmmaker & storyteller • Producer/Host for @ajcnews REP: mgmt@odysseyentgroup.com,https://www.threads.com/@hallease.mp4?xmt=AQF0aDF0jilRkaY9li9O_luw6O5rEXVvNU6mBoomeqmAi18,mgmt@odysseyentgroup.com,content creator Dordrecht
_ohsimplynay,https://www.instagram.com/_ohsimplynay/,"27 | DFW, TX boy mom • beauty • lifestyle • coffee 💌 nayeli@sparkleagency.us ⇩ links+more 🍒☁️🧸",https://www.threads.com/@_ohsimplynay?xmt=AQF0waZzKSUu654CsgiWt2-7HHKtbVXFzrYhGJFAQ2VV3Es,nayeli@sparkleagency.us,content creator Dordrecht
soreh_writes,https://www.instagram.com/soreh_writes/,"Content Creation, Writing, & 🇳🇱➡️🇺🇸Translations 📧 soreh@sorehwrites.com ✍️ CVs, cover letters, website texts, social",N/A,soreh@sorehwrites.com,content creator Dordrecht
tanishacooreman,https://www.instagram.com/tanishacooreman/,Creating my dream life with content 🌸 Travel | Lifestyle | Fashion | Sport ✉️ tanishacooremanugc@hotmail.com 🧁 @royal,https://www.threads.com/@tanishacooreman?xmt=AQF0JDWLwc6JcMSWKsyDpZyGAsl_qTRUnuWChwCfagJOjNs,tanishacooremanugc@hotmail.com,influencer Dordrecht
mandyvgxx,https://www.instagram.com/mandyvgxx/,"Beauty, home & lifestyle Tiktok: mandyvanginneken Contact: mandyvanginneken97@gmail.com",N/A,mandyvanginneken97@gmail.com,influencer Dordrecht
beautywithfia,https://www.instagram.com/beautywithfia/,"⟡˖ took a gap year to do content, now i do it full-time 📸 teaching overthinkers how to make $$ online 💌",https://www.threads.com/@beautywithfia?xmt=AQF07PUUgLZeUUC6X9h6L9l6t4jdl5TLl1HgoEXEXbiFyuA,beautywithfia@gmail.com,content creator Dordrecht
dana.monique,https://www.instagram.com/dana.monique/,👩🏼‍💻 @danamannessencoaching ✉️ info@danamannessen.nl,https://www.threads.com/@dana.monique?xmt=AQF0yHz2zBwlZqZ7PHwTXdaHo4j1-Jrvo3kHtSBp5xHUoYY,"info@danamannessen.nl, dana@danamoniquemedia.nl",influencer Dordrecht
____kashhh,https://www.instagram.com/____kashhh/,"Beauty | Fashion | Lifestyle 💌 - kashishsrivastav64@gmail.com Dm/mail for collabs ✨ and sometimes against all odds,we",N/A,kashishsrivastav64@gmail.com,content creator Dordrecht
juliabroome,https://www.instagram.com/juliabroome/,smaller in person | 299k on tiktok 🧚 social media content fairy + CEO 💭 currently: building @work_horse 🪽 your,https://www.threads.com/@juliabroome?xmt=AQF0cb1098npu9K9YXLyBhQ7i3Fvx_jSglatM-8NYGE8OGE,julia@workhorsehq.co,content creator Dordrecht
amandakhoo,https://www.instagram.com/amandakhoo/,"Always, a good day 🌀 And no senator, I’m Singaporean 📧 amandakhooaihui@gmail.com",N/A,amandakhooaihui@gmail.com,content creator Dordrecht
nicolegavr_,https://www.instagram.com/nicolegavr_/,• Building a career through content and entrepreneurship ⭐️💻💗 co-founder @palestra.wellness 💌: n.gavrijaseva@gmail.com,N/A,n.gavrijaseva@gmail.com,content creator Dordrecht
lindaa_slomp,https://www.instagram.com/lindaa_slomp/,🎥: Tiktok: linda_slomp 👩🏼‍💻: Content creator 💌: Contact at : lindaslomp-instagram@outlook.com,N/A,lindaslomp-instagram@outlook.com,influencer Zwolle
wiktoriawanders,https://www.instagram.com/wiktoriawanders/,📍Currently in China 🇨🇳 💌tulaczw5@gmail.com ⤵️travel with me,N/A,tulaczw5@gmail.com,influencer Zwolle
de_stentor,https://www.instagram.com/de_stentor/,🗞de Stentor 📱Nieuws uit jóuw regio & de wereld 📩Tips? DM of mail naar online@destentor.nl! 📍Lees meer! ⤵️,N/A,online@destentor.nl,vlogger Zwolle
zeevanverf,https://www.instagram.com/zeevanverf/,🪩 Art X Fashion 🎨 Info@zeevanverf.com,N/A,info@zeevanverf.com,content creator Zwolle
nninschkaa,https://www.instagram.com/nninschkaa/,Bayrische Brezn | Lifestyle | Mindsetmotivation| Positivity ✨ Mehr auf TikTok🫶🏽 💌nina@iconicsocials.de,N/A,nina@iconicsocials.de,content creator Zwolle
allesjade,https://www.instagram.com/allesjade/,🦄 #model #actrice 🧚‍♀️ collab: contactallesjade@gmail.com Rep by agency’s - Insta beheerd door mom 🎥 youtube kanaal,N/A,contactallesjade@gmail.com,vlogger Zwolle
kamil87hol,https://www.instagram.com/kamil87hol/,#netherlands #holland Polak🇵🇱W Holandii🇳🇱 YouTube 🎥👇👇👇 Praca 🌶🌶🌶 Współpraca spinkiholland@gmail.com,N/A,spinkiholland@gmail.com,vlogger Zwolle
_sanyasawant_,https://www.instagram.com/_sanyasawant_/,"Doing what I love & keeping it real with beauty, fits, moments & helpful bits🪷📽️💫 💌sanya.collaborates@gmail.com",https://www.threads.com/@_sanyasawant_?xmt=AQF0_94_GvEAQyNuBIoZ416oCy2x40madrENmdc5QWFJngI,sanya.collaborates@gmail.com,beauty blogger Zwolle
ayseacun_,https://www.instagram.com/ayseacun_/,I’m just a girl 🎀 ✉️ hmarks@thebloggeragent.co.uk,N/A,hmarks@thebloggeragent.co.uk,blogger Deventer
tessdewi,https://www.instagram.com/tessdewi/,☾ Lifestyle & stijl vanuit rust ☾ Moeder | soms chaotisch ☾ Niet altijd volgens plan ☾ Collab? tess@cloud9ine.nl,https://www.threads.com/@tessdewi?xmt=AQF0HIIoInzsKN9Kzg1vLjsxL9vVuE2h1Pv9m5d0GK49kx0,tess@cloud9ine.nl,influencer Deventer
travel.dicted,https://www.instagram.com/travel.dicted/,📍The Netherlands 🎥Youtube: @ traveldicted 💌 romy@TRAVELDICTED.COM 📸 Lr Preset packs ↴,N/A,romy@traveldicted.com,blogger Deventer
hii_its_teresa,https://www.instagram.com/hii_its_teresa/,LIFESTYLE 📧promo@hii-its-teresa.com 2025-2026©hii_its_teresa Winner of Tanzania Creators Award 25/26 Self love ❤️,https://www.threads.com/@hii_its_teresa?xmt=AQF0CDfgZ0Yr-hp0kDj8xBdlZMm2wwRBu9kbkw4V9-c38R4,promo@hii-its-teresa.com,content creator Deventer
crisevangelistta,https://www.instagram.com/crisevangelistta/,"Jornalista • Comunicadora ✨Lifestyle • Experiências • Turismo e Hospitalidade 📍 Brasília, Brasil e pelo mundo 📧",https://www.threads.com/@crisevangelistta?xmt=AQF0hal2OvxakRAZWL1KhGf4VFscoc8sreM2DIwX0M0IopU,contatocrisevangelistta@gmail.com,blogger Delft
aribrasilis,https://www.instagram.com/aribrasilis/,Brasilian🇧🇷Dutch🇳🇱 🌎Travel Creator 📍Europe & Beyond ✈️Real Travel Tips 📩 (arialkmaar@gmail.com),https://www.threads.com/@aribrasilis?xmt=AQF0NGCJtI8PuGEb1RuRzXub-ZhBoSKGBl7YHZq1JqDAtdY,arialkmaar@gmail.com,influencer Alkmaar
may_cate,https://www.instagram.com/may_cate/,👑 High-end Beauty 🇳🇱 🖊️ Inquiries: info@maycate.com 📖 Blog (96k unique v.a month),N/A,info@maycate.com,influencer Alkmaar
baris.balo,https://www.instagram.com/baris.balo/,💼: @adentifydk 📩 COLLAB? Balo@adentify.dk 🎥: TikTok (129 k),N/A,balo@adentify.dk,content creator Alkmaar
rebeccamook,https://www.instagram.com/rebeccamook/,"🎨Welcome to my colorful feed 📸Sharing what I love: fashion, fitness, farming🐮 💌Collaborations: rebeccamook@upcmail.nl",N/A,rebeccamook@upcmail.nl,influencer Alkmaar
blackbeautylifestyle,https://www.instagram.com/blackbeautylifestyle/,Youtuber/Vlogger 🎥📺 📬 blackbeautylifestyle@gmail.com One day my life will flash before my eyes. I make sure it's worth,N/A,blackbeautylifestyle@gmail.com,vlogger Alkmaar
wong_ashlynn,https://www.instagram.com/wong_ashlynn/,📩ugcwithashlynn@gmail.com Fashion & Skincare girl in a TECH UGC world 💻 100M+ views for AI companies Start UGC today ⬇️,https://www.threads.com/@wong_ashlynn?xmt=AQF0Fec1AUwCa2NjHPHlBfEZfOAx6HHoaN8hc1tSqoiP0Js,ugcwithashlynn@gmail.com,content creator Alkmaar
girlsruntheworld.nl_esmar,https://www.instagram.com/girlsruntheworld.nl_esmar/,👩‍💻Tekstschrijver Esmar verwoordt 🌏voor teksten met impact! Mail me op info@esmarverwoordt.nl,https://www.threads.com/@girlsruntheworld.nl_esmar?xmt=AQF0YYFSb6SZnp6cvwAucZ7NeDNVUBobVF2hMIg5gJL_82s,info@esmarverwoordt.nl,content creator Alkmaar
laurpayton,https://www.instagram.com/laurpayton/,"📍 writer, actor, lez in los angeles ⭐️ @painintheneckshow & @famouswoman.tv 💌 laurpayton@gmail.com ⤵︎ shop, etc!",N/A,laurpayton@gmail.com,influencer Heerlen
marixbara,https://www.instagram.com/marixbara/,"beauty, but make it acne-safe + a sprinkle of outfit inspo 🤍 📍Los Angeles / San Diego marixbara@gmail.com",N/A,marixbara@gmail.com,influencer Heerlen
lgarashii,https://www.instagram.com/lgarashii/,🇹🇼 Documenting a Journalist being a Creator 📍 cpt/ tpe/ prg 💌 igarashiharumii@gmail.com ⬇️ learn how to build your,https://www.threads.com/@lgarashii?xmt=AQF0UEJpX-iiwLeAlJBwgyu9CRnJeJKL0eXjOUavQbPC2pY,igarashiharumii@gmail.com,content creator Heerlen
rowhi_rai,https://www.instagram.com/rowhi_rai/,It’s Getting Personal…….. 🙄 BTS on Snapchat - Rowhirai77 ✉️- Roshnirai229@gmail.com Weightloss program click here 👇🏻,N/A,roshnirai229@gmail.com,influencer Heerlen
deardiarysocial,https://www.instagram.com/deardiarysocial/,"Relive your wedding the next day Toronto based, documenting worldwide BOOKING 2026•2027 ♡ 💌 deardiaryservices@gmail.com",N/A,deardiaryservices@gmail.com,content creator Heerlen
ugcwithmegann,https://www.instagram.com/ugcwithmegann/,✨ French Canadian <3 🫧 I create bubbly ads for brands 💛 UGC | Wedding | Airbnb | SMM ✉️ ugc.meganlunam@gmail.com,https://www.threads.com/@ugcwithmegann?xmt=AQF0BmlHPwxyPS205zUWlklmVy5go0Ypd_GzMevZ7RFwE9M,ugc.meganlunam@gmail.com,content creator Heerlen
zeuroraaa,https://www.instagram.com/zeuroraaa/,kızların iç sesi @zeonlabb mini dükkanım 💌 zeynepozgen@istalkin.com,N/A,zeynepozgen@istalkin.com,influencer Heerlen
elliewfrazier,https://www.instagram.com/elliewfrazier/,"take a seat 🫂 vlogs + daily inspo 📍greenville, sc!! 📩 elliefrazier@ofnote.co",N/A,elliefrazier@ofnote.co,content creator Heerlen
byjessicabautistabaker,https://www.instagram.com/byjessicabautistabaker/,"romanticising brands for a living ⋆˙⟡ → food, travel & hospitality 💌 info@jessicabautistabaker.co.uk explore my",N/A,info@jessicabautistabaker.co.uk,content creator Heerlen
simply_irisr,https://www.instagram.com/simply_irisr/,"21 y/o🪄 Mijn leven vol vibes, fashion & fun✨ 💌 irisrn2004@gmail.com ⭐️ TikTok (1k+ besties🦋) ⬎",https://www.threads.com/@simply_irisr?xmt=AQF0mZZkQt2cV3xL9Zc_AsMTlTDw-nan_o8nCbUZVFo4nP0,irisrn2004@gmail.com,influencer Venlo
sanatchadha,https://www.instagram.com/sanatchadha/,"✉️- sanatchadhaofficial@gmail.com •Makeup on point, passport in hand, outfits louder than your opinions✨",https://www.threads.com/@sanatchadha?xmt=AQF0pp_S0zosvdqA7zJgyLfvzbN78XNPYsxAIYEdwIxTyvI,sanatchadhaofficial@gmail.com,influencer Venlo
noelt1611,https://www.instagram.com/noelt1611/,Wellnesshuisje314arcen@outlook.com Link in bio voor boekingen 📍The Netherlands,N/A,wellnesshuisje314arcen@outlook.com,influencer Venlo
fashion_by_anna_zarzycka,https://www.instagram.com/fashion_by_anna_zarzycka/,"Content Creator/Autorka e-booka o Turcji Business📩: aniacytrynka@poczta.onet.pl Corendon Airlines - Loty już od 26,26€!",N/A,aniacytrynka@poczta.onet.pl,food blogger Venlo
nahilanullwala,https://www.instagram.com/nahilanullwala/,GRWM • Affordable fashion • Café finds • Movie Reviews Your stylish Mumbai bestie ✨ 📧 - nahilabusiness@gmail.com,https://www.threads.com/@nahilanullwala?xmt=AQF0vDJLb-Yd9eSW33gv3dxjAqPaMSakefU2CCHTxAUT9CU,nahilabusiness@gmail.com,food blogger Venlo
defryskevlogger,https://www.instagram.com/defryskevlogger/,✉️info@defryskevlogger.nl,N/A,info@defryskevlogger.nl,vlogger Leeuwarden
bylillianzhang,https://www.instagram.com/bylillianzhang/,"📚 author of THE NEW MONEY RULES 💚 designing wealth, career & an intentional life |📍SF 💌 lz@viralnationtalent.com ↓ free",https://www.threads.com/@bylillianzhang?xmt=AQF0g0YUG4MOrhkdwnfyx-0eTch7CpRRhi7nvnzunCQfyUI,"hello@lillianzhang.com, lz@viralnationtalent.com",content creator Leeuwarden
we_are_the_baldwins,https://www.instagram.com/we_are_the_baldwins/,~ Family Life| South London| Product Testers| PR Visits ~ For collabs ✉️ luciabaldwin88@gmail.com Trying to make sense,https://www.threads.com/@we_are_the_baldwins?xmt=AQF0RF_VVDmMO-5fXnitLg3HlVPKtm4hpwjTu5PvHNKPJyI,luciabaldwin88@gmail.com,content creator Leeuwarden
itsbrookeelle,https://www.instagram.com/itsbrookeelle/,𝘺𝘰𝘶𝘳 𝘣𝘢𝘭𝘢𝘯𝘤𝘦𝘥 𝘣𝘦𝘴𝘵𝘪𝘦 Los Angeles 💌 teambrooke@hgmedia.us ⇩ SUMMER SNATCH CHALLENGE & links ⇩,https://www.threads.com/@itsbrookeelle?xmt=AQF0UP4F4fAOlNq3RHqNhW0Mg6KNz54j1qPQxows5nzespA,"teambrooke@hgmedia.us, itsbrookeelle@gmail.com",fitness influencer Leeuwarden
sarapoptarts,https://www.instagram.com/sarapoptarts/,Booking/PR: bookingsarapoptarts@gmail.com,https://www.threads.com/@sarapoptarts?xmt=AQF03dk3jCC1-S_h3PEfIuCU9N8AOpGcNxGRcjt49obHsQo,bookingsarapoptarts@gmail.com,fitness influencer Leeuwarden
shanicy_x3,https://www.instagram.com/shanicy_x3/,UGC Creator | 🦋 Frohnatur |📍cgn/bn | ☠️ raw Pommymommy 🐶@babybounty_x3 🏋️‍♀️Team @vast.sports: Shanice Links &,https://www.threads.com/@shanicy_x3?xmt=AQF0fdwmgTMo5FyV4x1qXd-gZIickR-cAriitH8iaxi8u0o,booking@markenkinder.com,fitness influencer Leeuwarden
azhanversee,https://www.instagram.com/azhanversee/,"Editing • Growth • Discipline Built with discipline, not hype Paid editing work & promotions 📩 freeedyofficial@gmail.com",https://www.threads.com/@azhanversee?xmt=AQF0H6M9AQiNqwSIfFK1bLJ6wRxDX_rNXw4u_GXEoLXBd0w,freeedyofficial@gmail.com,content creator Hengelo
natashaadefala,https://www.instagram.com/natashaadefala/,I help social media managers get clients & build systems Strategy & done-for-you support for brands (limited) 👇 Start,https://www.threads.com/@natashaadefala?xmt=AQF0IOg8FhzikiWO4gjsfntfFLnDXXHbGfip-VRHXoCdkN4,natasha.adefala@gmail.com,content creator Hengelo
mihikadotcom,https://www.instagram.com/mihikadotcom/,💗 Making up + Breaking down ⬇️ ⭐️ Pop Culture Creative 💌 mihika.creative@outlook.com,N/A,mihika.creative@outlook.com,content creator Hengelo
batboy.nl,https://www.instagram.com/batboy.nl/,"💖My boys #Blogger #Dutch Living with 3 men, so girls rules 😋 Collab? info@batboy.nl https://www.batboy.nl",N/A,info@batboy.nl,blogger Hengelo
shraddhaawarade,https://www.instagram.com/shraddhaawarade/,Documenting my life 🎞️ Sharing what I learn & unlearn 💭 📧 : shraddhawarade975@gmail.com,https://www.threads.com/@shraddhaawarade?xmt=AQF0JZ9m4mtKElRKI-yMr6uG9i-Bs12Vtwnw7w5afK2MtK0,shraddhawarade975@gmail.com,content creator Hengelo
extroverthub,https://www.instagram.com/extroverthub/,🧑‍💻 | Helping out Content creator 🚀 | Upgrading your editing skill 📩 | extroverthub7@gmail.com 🤳 | Dm for paid Edits -,N/A,extroverthub7@gmail.com,content creator Hengelo
monalieska,https://www.instagram.com/monalieska/,📷 Model | Content Creator 📹 🦊 Sunkissed 📍NL Based (ov) contact.monalieska@gmail.com,https://www.threads.com/@monalieska?xmt=AQF0fn_Ubixr3_Juh2QrHoJSN1AGrSyxulUslhj_NS4BP_A,contact.monalieska@gmail.com,content creator Hengelo
shraddha.dsgn,https://www.instagram.com/shraddha.dsgn/,> Brand + Web Designer > Rep by - @creatorsdream.in > For Design and Collaboration 📩shraddhacollabs7@gmail.com,N/A,shraddhacollabs7@gmail.com,content creator Hengelo
_.mindbloom._,https://www.instagram.com/_.mindbloom._/,Lifestyle | Travel ✨ I will make your life easier 💅🏻 Work - mindbloom.work@gmail.com,N/A,mindbloom.work@gmail.com,content creator Hengelo
aliesael,https://www.instagram.com/aliesael/,"🌼🧺🐝 > slow routines, offline hobbies & lots of flowers > creating aesthetic content for brands ✉️ itsaliesael@gmail.co",https://www.threads.com/@aliesael?xmt=AQF0JljpqTdb-OeXpJuI0alTYebFdi9xjVrmJldHW0hi4VA,itsaliesael@gmail.co,content creator Amstelveen
yash_dhakadd,https://www.instagram.com/yash_dhakadd/,Be the Beast of Creation Just running 8 successful Faceless YT channels 📩 contactyashdhakad@gmail.com DM me! I am here,N/A,contactyashdhakad@gmail.com,content creator Amstelveen
a_guywitha_camera,https://www.instagram.com/a_guywitha_camera/,Lifestyle | Tech & Tutorials Product Recommendations Email - sandythakur103@gmail.com,https://www.threads.com/@a_guywitha_camera?xmt=AQF0MLvWlAM9mrycnpt5W6mcNnf1KsaexIwAkcyQ3WE4yd8,sandythakur103@gmail.com,content creator Amstelveen
juliagoryczko,https://www.instagram.com/juliagoryczko/,"I’m just a girl living (abroad) in Munich, Germany owner @managedbyjulia 💬 julia@studiolou.me 🏰 BUILDING LEGO HOGWARTS -",https://www.threads.com/@juliagoryczko?xmt=AQF0UMA81wJERJ29UGH9LNVl-iofn6qjwe5VAlBj-UNUOpI,"hello@juliagoryczko.com, julia@studiolou.me",content creator Amstelveen
dianaruizfit,https://www.instagram.com/dianaruizfit/,"Overly caffeinated mama 🙋🏻‍♀️ Real life, Motherhood, Easy recipes✨ 📧 Diana@alooma.mg Follow my workouts 📲 @activebydiana",https://www.threads.com/@dianaruizfit?xmt=AQF0iQ8PCmjGh4A2U-tEdw6XjM_QKWFENdKGvZUxNHIdyeM,diana@alooma.mg,fitness influencer Amstelveen
mags.run,https://www.instagram.com/mags.run/,🏃🏻‍♀️digital diary of a very sick & stubborn girl ❤️‍🔥 helping you run & lift with JOY again 💌 maggieotsoa@gmail.com,N/A,maggieotsoa@gmail.com,fitness influencer Amstelveen
techboi.in,https://www.instagram.com/techboi.in/,❗️Tips & Tricks ❕#Tech | #Hacks | #Edits | #AI 🔓Unlocking Value in Every Reel 📧hellotechboi@gmail.com All Links ⬇️,N/A,hellotechboi@gmail.com,content creator Purmerend
jewellys_online,https://www.instagram.com/jewellys_online/,"📍 NEDERLAND, PURMEREND 💁🏻‍♀️ @lysannepaulus ✉️ Bestellen via DM",https://www.threads.com/@jewellys_online?xmt=AQF0GlKA_eJ7ZilGeNu2LWThTuuV6ubYclz-UzqT8ORMQsE,info@jewellys.nl,influencer Purmerend
loker.kreatif,https://www.instagram.com/loker.kreatif/,🏢 Cari Pekerja di Industri Kreatif & Digital? 🕹️Di sini tempatnya! 🎯 Part of @loker.kreatif @lokercontentcreator.id,https://www.threads.com/@loker.kreatif?xmt=AQF0BQt7oIidcLQuWpagHbH6d1QGl2A1dB1NLKYJn5cr5M4,"hiring@streetvit.com, hiring@streetvlt.com",content creator Purmerend
dakshtarawat11,https://www.instagram.com/dakshtarawat11/,I talk alot!🫧 Skincare | Beauty | Fashion | Lifestyle | UGC✨ 📩work- collabdr11@gmail.com Managed by @opraahfx,N/A,collabdr11@gmail.com,content creator Purmerend
kevin_dc96,https://www.instagram.com/kevin_dc96/,"📱On the Gram since 2011, I’M AN OG 🅰️NTWERP KID 💌DM for COLLAB kevindedanser@hotmail.com 🍎Teacher 👨‍❤️‍👨",N/A,kevindedanser@hotmail.com,influencer Roosendaal
_sara_dhakal,https://www.instagram.com/_sara_dhakal/,Open to collaboration Dhakalsara59@gmail.com 🇳🇵🇬🇧,N/A,dhakalsara59@gmail.com,influencer Roosendaal
xmylifeasayla,https://www.instagram.com/xmylifeasayla/,♡ check my Stories for what Im up to 🌸 ♡ travel & lifestyle - My digital diary in pictures ♡ COLLABS💌,https://www.threads.com/@xmylifeasayla?xmt=AQF0EwH6gp8hbHXcnDV62QvuZcXxsuWOpJIoPgLl3Rrfs1Q,vanschalkwijkayla@gmail.com,influencer Roosendaal
ambervstannaland,https://www.instagram.com/ambervstannaland/,"🤍 Content creator, UGC & SMM | @agence.annaland 🚀 Building my dream life 💌 Collab: ambervstannaland@hotmail.com",N/A,ambervstannaland@hotmail.com,influencer Roosendaal
beatrice_rigillo,https://www.instagram.com/beatrice_rigillo/,Cantante. Comica. Cantante comica. @baldassari_agenzia @wontymedia Live: forlaughssake@gmail.com ✨I BIGLIETTI DEL MIO,N/A,forlaughssake@gmail.com,influencer Roosendaal
ezgiyildirimin,https://www.instagram.com/ezgiyildirimin/,Eğlence ♡ ︎ dizi parodi 💌ezggiyildirim@gmail.com,N/A,ezggiyildirim@gmail.com,influencer Roosendaal
johannatoftby,https://www.instagram.com/johannatoftby/,👩‍🍳 Recept och inspiration på bloggen: johannatoftby.se 💫 Webbshop @nouvach 💻 jtoftby@gmail.com,https://www.threads.com/@johannatoftby?xmt=AQF0fkeXSCmvkg-YkjpMNgeyolcBSoI5cbITCtq2PkjX9kE,jtoftby@gmail.com,blogger Oss
victorias_provkok,https://www.instagram.com/victorias_provkok/,"Victoria Willén Mat/ bakbloggare 🥯författare 📚 kreatör, fotograf📸 Kontakta mig 📧info@victoriasprovkok.se 🧡 Länk till",https://www.threads.com/@victorias_provkok?xmt=AQF0_tqE6F_oRNo3viN-5iaYgu5ez3fiUwgVd9ZROy_z3sE,info@victoriasprovkok.se,influencer Oss
ceciliadenise,https://www.instagram.com/ceciliadenise/,💌 Collab.ceciliadenise@gmail.com,https://www.threads.com/@ceciliadenise?xmt=AQF0US-yu-VxVnrOZSnM_jdzS2B72b42ACg9K1-5O3zfHBU,collab.ceciliadenise@gmail.com,blogger Oss
kepalmsakeri,https://www.instagram.com/kepalmsakeri/,On road since 1959 ☎️ +46 410-59780 ✉️ info@palmsakeri.se #palmsåkeri #kepalmsåkeri,N/A,info@palmsakeri.se,influencer Oss
minapaulsen,https://www.instagram.com/minapaulsen/,"🙋🏼‍♀️ hverdag, antrekk, meg, mammax3 osv 👻: minapaulsen 📩 minapaulsen@gmail.com 🎙️ @marenogmina",N/A,minapaulsen@gmail.com,influencer Oss
kavya_kalyanram,https://www.instagram.com/kavya_kalyanram/,@regalosilverjewellery For work : Work.kavyakalyanram@gmail.com,https://www.threads.com/@kavya_kalyanram?xmt=AQF0TrPkXrgUXyVVLryoWoNdjV3uKQ6h3pAeW28J4-5V6BM,work.kavyakalyanram@gmail.com,influencer Schiedam
suraya_de_wimperspecialist,https://www.instagram.com/suraya_de_wimperspecialist/,Founder @beautybysuraya.official • 🧸 Happy Mom • 💍 in Love with @mrgravenbeek • 💌 suraya@beautybysuraya.nl,https://www.threads.com/@suraya_de_wimperspecialist?xmt=AQF0J894mw8uCUSjugFLNyxmoBnN4Z3EkgCCTLhHCdR6zX4,suraya@beautybysuraya.nl,influencer Lelystad
sydneyeverhart,https://www.instagram.com/sydneyeverhart/,OK | TX love others ☻ tiktok: sydneyrenayeverhart collabs💌: sydneyeverhart@myyahoo.com,N/A,sydneyeverhart@myyahoo.com,influencer Almelo
bochantall_,https://www.instagram.com/bochantall_/,"🌸 Tiktok: bochantall (90k) 🌸 Voice-over, speaker & radiohost 📬 mail.bochantall@gmail.com",N/A,mail.bochantall@gmail.com,influencer Almelo
shavida,https://www.instagram.com/shavida/,"Mijn leven op een boederij en daaromheen, neem gerust contact met mij op. shavida.zakelijk@gmail.com",N/A,shavida.zakelijk@gmail.com,blogger Almelo
lola_pani,https://www.instagram.com/lola_pani/,Actrice • zangeres • content creator 🪩 TikTok: 470.000+ YouTube: 40.000+ 🌸 Collabs: lola@nextchapter.agency workshops: l,N/A,lola@nextchapter.agency,influencer Almelo
farahxkamal,https://www.instagram.com/farahxkamal/,Dress Casual? Could never be me ♡. 📍LIVE From Montréal 🇨🇦 ✿ Collabs/pr : livinginafarahtale@gmail.com For the girls,N/A,livinginafarahtale@gmail.com,influencer Gouda
meganhysaw,https://www.instagram.com/meganhysaw/,👩🏾‍🍳 TV Food Stylist & #RD2BE 💌 contact@meganhysaw.com 👩🏽‍🔬 MSNHL ‘27 @uscleonarddavis 🥂 Expert in all things,N/A,contact@meganhysaw.com,influencer Gouda
peter.visuals,https://www.instagram.com/peter.visuals/,⚡ Helping you build profitable brand on Instagram 📧 petervisuals35@gmail.com 💎 Dominate Instagram 👇🏼,N/A,petervisuals35@gmail.com,content creator Gouda
chrisalife,https://www.instagram.com/chrisalife/,Self-Care • Nutrition • Fitness • Lifestyle —————— 📧: hello@chrisalife.com 📍 Miami + Atlanta 👩🏾‍💻 Managed By: @chrisa,https://www.threads.com/@chrisalife?xmt=AQF0ashA1t98AshW7pQLSOKAhaRQzksw7ZSfK-9ohODcerk,hello@chrisalife.com,content creator Gouda
thesanacoree,https://www.instagram.com/thesanacoree/,🍓Aesthetic Visuals𐙚⋆˚.🐚🫧🌊 skincare • Makeup • lifestyle🎀 DM for collaborations🦢 📨collabwthsana@gmail.com,N/A,collabwthsana@gmail.com,content creator Gouda
notable.pt,https://www.instagram.com/notable.pt/,"Brands & Celebrities. Management, Digital, Press, Events & Corporate. geral@notable.pt + collective@notable.pt",N/A,"collective@notable.pt, geral@notable.pt",content creator Vlaardingen
thesocialmediaoga,https://www.instagram.com/thesocialmediaoga/,Social media is the skill. Building a business is the goal. @thecreatorsreport 🇬🇧 | 30K+ on YouTube 📧,https://www.threads.com/@thesocialmediaoga?xmt=AQF0n0HZih7W9geFh13sSAYzad5trjU1PopeOLqhOYmo5iI,bolaji@thesocialmediaoga.com,content creator Vlaardingen
ad_rotterdam,https://www.instagram.com/ad_rotterdam/,Officieel account van AD Rotterdams Dagblad Nieuwstips? Mail ons via rd.redactie@ad.nl Lees meer 👇,N/A,rd.redactie@ad.nl,influencer Vlaardingen
thestylishwordsmith,https://www.instagram.com/thestylishwordsmith/,"🍎 your bookish bestie dropping creator tips 📚 47/150 |📍vancouver, bc 💘 co-founder: @milleniumsocial 💌:",https://www.threads.com/@thestylishwordsmith?xmt=AQF0TUAC4uci6ilDZY5SMuVW2KPKxOZDzrA-nJlSbmBJ5Oc,thestylishwordsmith@gmail.com,content creator Vlaardingen
yourlondon24,https://www.instagram.com/yourlondon24/,˚ ༘ ೀ⋆podcasterin 𐙚⋆°🦢⋆ popkultur fashion beauty spotify&youtube: the daily debrief 📩 yourlondon@weareera.com @zum,https://www.threads.com/@yourlondon24?xmt=AQF0L4y2VowA3KgNGrucSEK0PJe-lYO8UQMm0x0gM57quPE,yourlondon@weareera.com,influencer Velsen
sevillamagazine,https://www.instagram.com/sevillamagazine/,"Revista de moda, belleza, sociedad y cultura nacida en Sevilla en 2013 y dirigida por el periodista Ricardo Castillejo.",https://www.threads.com/@sevillamagazine?xmt=AQF0QQbHNRxTIjVwGzX_Fm5W1TOMS7U_mdntYA49BJEsM6k,sevilla@sevillamagazine.es,influencer Velsen
carrieparker.ai,https://www.instagram.com/carrieparker.ai/,💛 AI Influencer ✨ Build an AI that earns income 💌 Collabs: carrieparker.ai@gmail.com ↓ Create your own Ai Influencer,https://www.threads.com/@carrieparker.ai?xmt=AQF05ULJCR8TBRAKNOgzmT0PuwH4LlEMOvLSRDqkQSefmCA,carrieparker.ai@gmail.com,influencer Velsen
yaas0u,https://www.instagram.com/yaas0u/,Mommy of 2 🩵 Fashion | Beauty | Lifestyle 📍Dubai 🇦🇪 💌 Yassouk.collabs@gmail.com 💌,N/A,yassouk.collabs@gmail.com,influencer Velsen
hannasaurrr,https://www.instagram.com/hannasaurrr/,Skits & giggles 📬: hannasaur.co@gmail.com,https://www.threads.com/@hannasaurrr?xmt=AQF0rQ5GZhC1M4z0uOTSsHWzNuXtnQl7US7QT9UKsUst3dY,hannasaur.co@gmail.com,influencer Velsen
aarika.lux,https://www.instagram.com/aarika.lux/,22 | Digital Creator Outfit • Beauty • Lifestyle Mumbai Based Brand/Collab - aarika.lux@gmail.com,N/A,aarika.lux@gmail.com,influencer Velsen
by.martao,https://www.instagram.com/by.martao/,Founder of @shopmimati By.martao@gmail.com (USA🇺🇸) It gets better on TIKTOK ⬇️⬇️(+2.6M),N/A,by.martao@gmail.com,influencer Velsen
annevedder,https://www.instagram.com/annevedder/,"Founder of @vedder.vedder , @vedder.diamonds & @featherwomen 📖: “No Guts, No Gold” 📧 anne@andagency.amsterdam",N/A,anne@andagency.amsterdam,vlogger Bergen op Zoom
drielingmoeder_tatiana,https://www.instagram.com/drielingmoeder_tatiana/,"Het leven met een drieling & mama🩷 📸Chaos, liefde en echte verhalen 📖Mijn dagboek voor Hope, Faith & Charity 📧",https://www.threads.com/@drielingmoeder_tatiana?xmt=AQF0wJ3tmoVeBMxuoOYzkFEi8SpxXskr0MK8EUIXnuvuUo4,tatiana@connectedcreatorsagency.com,vlogger Bergen op Zoom
steffieelshoutt,https://www.instagram.com/steffieelshoutt/,"tufting (twin) mom, just got back from her maternity leave Info@steffievandenelshout.nl 📮💌",N/A,info@steffievandenelshout.nl,influencer Veenendaal
adamersfoortsecourant,https://www.instagram.com/adamersfoortsecourant/,🗞 Al het nieuws uit de regio Amersfoort! 🚨 Nieuwstip? DM of mail naar ac.redactie-ad@persgroep.net 📍Lees meer! ⤵️,https://www.threads.com/@adamersfoortsecourant?xmt=AQF0uodCb_zHfViPfl7QtOJ0aA_ABJIKKQqrtkkl0XqWTas,ac.redactie-ad@persgroep.net,vlogger Veenendaal
_tanyabedi_,https://www.instagram.com/_tanyabedi_/,Doing it for the plot💅🏼 Managed by @monkentertainment 📧: tanyabedi@monk-e.in Also me: @dazsotanya🥰,N/A,tanyabedi@monk-e.in,content creator Veenendaal
michelsdelaney,https://www.instagram.com/michelsdelaney/,out climbing & living life from my truck 🤍  📍currently in the desert taking my new truck build for a ride,https://www.threads.com/@michelsdelaney?xmt=AQF0Rexo0kJ3ZHLsE6Zqgm_jDAMRr401APicoU9lPAZghYA,delaneymichelscollab@gmail.com,content creator Nieuwegein
nonusphere,https://www.instagram.com/nonusphere/,🦩 For the girls 🌸 I talk here @nonuphhile 💌 simran.freedamedia@gmail.com,N/A,simran.freedamedia@gmail.com,content creator Nieuwegein
coffeexblush,https://www.instagram.com/coffeexblush/,"UGC | Beauty | Fashion | Lifestyle ✨️ Life beyond corporate🎀 DM/mail for collab 💌 danevapriyanka21@gmail.com 📍Delhi,",N/A,danevapriyanka21@gmail.com,content creator Nieuwegein
akritiraina_,https://www.instagram.com/akritiraina_/,J&K🏠| Vlogs | Travel Storyteller🙏✨ [in my pink era💕👛🌸💗] 📧 akritirainabusiness@gmail.com YouTube channel⬇️,N/A,akritirainabusiness@gmail.com,content creator Nieuwegein
briwalston,https://www.instagram.com/briwalston/,🌎Destination Storytelling with my Adventure Pup 🪖Veteran Founder @the.roamingvet 🇺🇸U.S.A. Based ✉️Contact@briwalston,https://www.threads.com/@briwalston?xmt=AQF03ZYqwv35FqFcL644BB8G7a4oMTIusnn-qPcr5yW5yJg,contact@briwalston.com,content creator Nieuwegein
shubhisrivastava__,https://www.instagram.com/shubhisrivastava__/,"My small business : @pinshe.candles Beauty, Lifestyle & Fun 🥰 Core me: 🏏💃🏻🏖️🎬🎵 📩 shubhi.srivastava@nofiltr.social",N/A,shubhi.srivastava@nofiltr.social,content creator Nieuwegein
wealthfromscratch,https://www.instagram.com/wealthfromscratch/,Sharing my journey to $1 million from a low-income background ✨ Senior PM in Fintech | LSE Grad 📩,https://www.threads.com/@wealthfromscratch?xmt=AQF01j0HCtt7G9XYSPQAL178oFIMagVKtoXmTJ_eGltSkRE,wealthfromscratchofficial@gmail.com,content creator Nieuwegein
robvandevlierd,https://www.instagram.com/robvandevlierd/,For bookings please contact me at info@robvandevlierd.nl No TFP,N/A,info@robvandevlierd.nl,influencer Zeist
_heidi_leon,https://www.instagram.com/_heidi_leon/,GRWM • Fashion • Lifestyle Collabs/pr💌hjleon2237@gmail.com TikTok: heyslay.itsheidi,https://www.threads.com/@_heidi_leon?xmt=AQF0nk_h9XTgOA7Bv6zhnOg8fRR0BrMx8j0LK-r1knGdzbY,hjleon2237@gmail.com,influencer Zeist
aleynaerrcan,https://www.instagram.com/aleynaerrcan/,📍Netherlands 💌 aleynaerrcan@gmail.com Hair | Makeup | Fashion Creator ✨,N/A,aleynaerrcan@gmail.com,influencer Zeist
rapnieuwstv,https://www.instagram.com/rapnieuwstv/,📩 DM voor promotie/credit/removal 📬 Contact: info@rapnieuwstv.com 👇 CHECK DE LINK VOOR DE VIDEO,N/A,info@rapnieuwstv.com,influencer Zeist
zeisters.nl,https://www.instagram.com/zeisters.nl/,Van A tot Zeist! Tip ons via info@zeisters.nl.,https://www.threads.com/@zeisters.nl?xmt=AQF0KFJlaAPq8vzSqe6JBE9SGLcXvw-PrM15oczIrJEJV84,"redactie@zeisterkrant.nl, info@zeisters.nl",influencer Zeist
cxlective,https://www.instagram.com/cxlective/,Submission/Inquiries : DM // Cxlective@gmail.com,https://www.threads.com/@cxlective?xmt=AQF0eUO0Y5kpjJfpizh4MShaHskAi9SSrvPVufLKfKiY3kk,cxlective@gmail.com,influencer Harderwijk
daphnevanbuerink,https://www.instagram.com/daphnevanbuerink/,alles is leuker met een beetje kleur ❤️‍🔥🛼🌈🪩🌿💘🧸🐠 samenwerken? 💌 daphnevanbuerink@gmail.com 📸 @bydaphne,https://www.threads.com/@daphnevanbuerink?xmt=AQF0jR3s-vOGuyprZGIfXX22YKoF1GD5fB_jAjWK7TH8F5g,daphnevanbuerink@gmail.com,influencer Harderwijk
unplugandplay.artiestenbureau,https://www.instagram.com/unplugandplay.artiestenbureau/,Non profit artiestenbureau 5.000+artiesten aangesloten ☎️0626341526 ✉info@unplugandplay.nl 🌏Fairtrade music 🎼Non,N/A,info@unplugandplay.nl,influencer Emmen
itsalyssaduarte,https://www.instagram.com/itsalyssaduarte/,"deaf latina here ✨ certified lash artist ✧ hairstyles ✧ wellness Austin, TX ♡ 📧 alyssa.duarte.biz@gmail.com links ↓",N/A,alyssa.duarte.biz@gmail.com,content creator Emmen
stephfi___,https://www.instagram.com/stephfi___/,Mom to 4 + Engineer + 🇨🇴 Thriving on routine 💪 Inspiring other moms to show up daily✨ 📩 stephfi.social@gmail.com,N/A,stephfi.social@gmail.com,content creator Emmen
sophii.svg,https://www.instagram.com/sophii.svg/,Let’s design a life that looks good and pays well ⟡ ࣪ ˖⁣ money • investing • taste 📍toronto | 💌 hello@sophii.co ᵕ̈ 🔗,N/A,hello@sophii.co,content creator Emmen
eden.from.li,https://www.instagram.com/eden.from.li/,Godfidence✝️ TikTok: @eden.from.li (550k+) 📧: edenfromli516@gmail.com,https://www.threads.com/@eden.from.li?xmt=AQF0mBDEVBlSMU26bKyfEreVl05-gH9rIYXQ4PAe0Cjtdm0,edenfromli516@gmail.com,content creator Emmen
omroepgld,https://www.instagram.com/omroepgld/,🎥 Nieuws & verhalen uit Gelderland 👀 Stories: verhalen van verslaggevers & quizjes 💬 @buitengewoon_gld &,https://www.threads.com/@omroepgld?xmt=AQF0uziugZS_rINCJW_JrYDcZPOC14v3prd2YBvobesDLig,omroep@gld.nl,influencer Doetinchem
de_kraamfluencer,https://www.instagram.com/de_kraamfluencer/,Aanmelden voor Kraamzorg of samenwerking mail gerust. kraamzorgwf@gmail.com Voor een goed verzorgde kraamtijd!,https://www.threads.com/@de_kraamfluencer?xmt=AQF0LfsOShcnS08GTbuEVxtla6i0aBu1DxALxTSJy9kdDoU,kraamzorgwf@gmail.com,influencer Hoorn
fi.business,https://www.instagram.com/fi.business/,Business. Career. Finance. Fashion. Self. 🎙️Podcast: How To Get The Job (Done) 🤝🏼Partnerships: fi@agencynola.nl 👇🏽,N/A,fi@agencynola.nl,content creator Hoorn
mannshawarmaa,https://www.instagram.com/mannshawarmaa/,I do yappa yappa yappa 💌: mannshawarma@gmail.com,N/A,mannshawarma@gmail.com,content creator Hoorn
mirjam_hart,https://www.instagram.com/mirjam_hart/,ɪ’ᴍ ᴄᴏᴏʟᴇʀ on ᴛʜᴇ ɪɴᴛᴇʀɴᴇᴛ 💛 Mom of 🧑🏽‍🦱👦🏽👧🏼😺😺 🌿 Eco conscious 🌈 Niet bang voor kleur 🌏 Volg onze avonturen,https://www.threads.com/@mirjam_hart?xmt=AQF0uM8X-xfYhhj9gqQiB5WG4ZtjLdj-AqSWJxT0emCMKNg,info@eengoedverhaal.nu,vlogger Hoorn
kusbianca,https://www.instagram.com/kusbianca/,TikTok 28k+ 🎥 (Food) Content Creator 🤳🏼 Jouw inspiratie voor je volgende spot ✨ Samenwerken? kusbiancab@gmail.com,N/A,kusbiancab@gmail.com,influencer Hoorn
byaditimishra,https://www.instagram.com/byaditimishra/,Building the career & money playbook nobody gave us Banking -> @linkedin -> Startups 🇬🇧 London | @prettyambitiousclub,https://www.threads.com/@byaditimishra?xmt=AQF0LVIOv-QJjlE4nYWhn8cjLXIqqx1C7qNojyaVK7QVIFQ,aditimishrapartnerships@gmail.com,content creator Hoorn
mirunavasi,https://www.instagram.com/mirunavasi/,"🧳Hidden gems, local life & slow luxury travel 📸Munich Insider Tips 📍Next: Süd Tirol 🌲 💌miruna.mvasi@gmail.com",https://www.threads.com/@mirunavasi?xmt=AQF0kNjMmI5WXyAo3JKlTZ85RcEOnowAPACLKn3BooQVIwQ,miruna.mvasi@gmail.com,content creator Hoorn
clarajurczok,https://www.instagram.com/clarajurczok/,"Hej du! Schön, dass du da bist 🫶 Ergotherapeutin | Mama | Fashion | Food | DIY 🌻| 31 | NRW 🐿️🤎 ✉️ c.jurczok@gmx.de",N/A,c.jurczok@gmx.de,content creator Hoorn
chloevandenbussche,https://www.instagram.com/chloevandenbussche/,MOM - INTERIOR - LIFESTYLE - OUTFITS 🎵TT:127K 🗝️ @domaine.heritage.normande 📧 chloe_vandenbussche@hotmail.com Kerkstr,https://www.threads.com/@chloevandenbussche?xmt=AQF0Nallwcv_51XsP1EvKnMXuzXsGeSi5Fl4jD31aOdY8Go,chloe_vandenbussche@hotmail.com,influencer Roermond
brooks.wt,https://www.instagram.com/brooks.wt/,🪐 Helping you to make money using AI influencers 🏦 0 - $1.1K in 3 weeks DM me “AI” for 1-1 mentorship,https://www.threads.com/@brooks.wt?xmt=AQF0f1zA7duCIIsWTP7kGsdlP6TqZspw7pz4SW9AEozeMxQ,brookswhitex@gmail.com,influencer Roermond
stefanni.co,https://www.instagram.com/stefanni.co/,"Fashion, Beauty & Lifestyle 🇲🇰 🇩🇪 Photography 📸 @s.co.graphy UGC @stefanicreatesugc For collabs: Corleonkaa@gmail.com",N/A,corleonkaa@gmail.com,influencer Roermond
mon.sherri,https://www.instagram.com/mon.sherri/,Wake Up • Kick Ass • Be Kind • Repeat 💌 mysherry.business@gmail.com or DM 📍cgn,https://www.threads.com/@mon.sherri?xmt=AQF0Wi0FI_4HuNNFnU4xGNAfhjzPGIMRmXEt1yjk_NXJ3dU,mysherry.business@gmail.com,influencer Roermond
mahrad_land,https://www.instagram.com/mahrad_land/,مَهراد Fashion || Model || Beauty || Lifestyle 📍The Netherlands 🇳🇱 📩 mahrad.damircheli@gmail.com,https://www.threads.com/@mahrad_land?xmt=AQG0KfogIKE-d08dcRtgqzmrYMx3QIGcponnn8-WEVU6eOQ,mahrad.damircheli@gmail.com,influencer Amsterdam
heymalith,https://www.instagram.com/heymalith/,• Just a chill guy eating on the gram💆🏽‍♂️ • Collabs@malith.nl 📩 • Amsterdam📍,N/A,collabs@malith.nl,food blogger Amsterdam
sonjaleigh_,https://www.instagram.com/sonjaleigh_/,Amsterdam | Den Haag Corporate Fashion Girlie Sharing interior updates 💌 sonja@doctheagency.com,https://www.threads.com/@sonjaleigh_?xmt=AQG0nd_hk6xLGk_5mcfzdA96qka5VD890o8Ijekxp12m2DM,sonja@doctheagency.com,beauty blogger Amsterdam
kerlicarlotta,https://www.instagram.com/kerlicarlotta/,📍amsterdam base 🌷lifestyle | travel | food 🪐GetYourGuide Ambassador 💌 carlottakerli@icloud.com,https://www.threads.com/@kerlicarlotta?xmt=AQG0yzZI771ulaWMNX5ZOEun2czgp_i_cuvVtKCSUYiAUis,carlottakerli@icloud.com,dutch influencer Amsterdam
ziannarazon,https://www.instagram.com/ziannarazon/,⭐️🫧🧸 wellness girlie in amsterdam ☆ fitness | healthy cooking | creator tips ugc/collabs 💌 : ziannarazon@gmail.com (11k,https://www.threads.com/@ziannarazon?xmt=AQG0XYsWxoUROjt276ZTH6q66QlwHTyIGeSuPIAXXdR-URE,ziannarazon@gmail.com,creator Amsterdam
s.beautybysam,https://www.instagram.com/s.beautybysam/,"📞: 06 48837549 📧: info@beauty-bysam.nl 📍: Hillelaan 43C ‘ 3072JE Rotterdam, The Netherlands For prices & services",https://www.threads.com/@s.beautybysam?xmt=AQG029j2bGQZ7o3_EcOK7i60oNAqs8X9_53g_SWjnE-7uBU,info@beauty-bysam.nl,influencer Rotterdam
stylebygina_,https://www.instagram.com/stylebygina_/,♥ Content creator ♥ Stijlcoach | Wardrobe Reset | 👉🏼 DM RESET ★ Samenwerken?📧 Blog@stylebygina.nl,https://www.threads.com/@stylebygina_?xmt=AQG036KAEmHORkMGRtcQPufdK5EK06jKFS6XH4BcUxr771M,blog@stylebygina.nl,influencer Rotterdam
annabelsmitt,https://www.instagram.com/annabelsmitt/,a dutch girly living life in between Amsterdam & the US 💌 bookannabelsmit@gmail.com 🎓 NYU 📸 collab: anisa@basemodels.co,https://www.threads.com/@annabelsmitt?xmt=AQG0ysk7PbTaVbwzZlEzFEBk2rlHbCVixq5tWyexMakkYrA,"bookannabelsmit@gmail.com, anisa@basemodels.co",influencer Rotterdam
verena.friederich,https://www.instagram.com/verena.friederich/,FASHION | OOTD | INSPO 📍 The Netherlands 💌 verena.friederich@hotmail.com ❤️ Kiley,N/A,verena.friederich@hotmail.com,influencer Rotterdam
jasmijnkremer,https://www.instagram.com/jasmijnkremer/,"Een (eerlijk) inkijkje… 🍋 26 | Rotterdam | Pareltjes in Rotterdam, fashion & cozy everyday living 🐕🌷| 2026 bride (!!) 💍",https://www.threads.com/@jasmijnkremer?xmt=AQG06iBfMsbnxS7UdVfdUHCEeWZR5rrpam12wSJNVEXzqMo,jassie2000@hotmail.nl,content creator Rotterdam
daveyshendy98,https://www.instagram.com/daveyshendy98/,Binational couple 🇳🇱❤️🇵🇪 🎥Tiktok: daveyshendy98(+130K) 💌: jeaninne98@outlook.com 📍Alkmaar 🧀- The Netherlands Collabs:,N/A,jeaninne98@outlook.com,dutch influencer Rotterdam
thehungryhague,https://www.instagram.com/thehungryhague/,Content Creator | Food • Lifestyle • Events 📍The Hague 🇳🇱🇹🇹 DM or 📧 djbmedia26@gmail.com 💕 Ambassador @thehague,N/A,djbmedia26@gmail.com,influencer Den Haag
laurenmarijnissen,https://www.instagram.com/laurenmarijnissen/,📸 Trouwfotograaf | videograaf | Content Creator 📩 DM | Laurenmarijnissen@outlook.com 📍 NL & Destination NEXT UP >,N/A,laurenmarijnissen@outlook.com,influencer Den Haag
francinevisuals,https://www.instagram.com/francinevisuals/,📸 Freelance creator - photo | video 📍 The Netherlands | worldwide ✉️ hi@twentyfourcreate.com | DM,https://www.threads.com/@francinevisuals?xmt=AQG0MNTH0K189_Dx_Pys19zJDbX_8kqd0J5Y1ucu1OsMhN8,hi@twentyfourcreate.com,content creator Den Haag
opstapmethas,https://www.instagram.com/opstapmethas/,has@thecollabclub.nl 𝗧𝗜𝗞𝗧𝗢𝗞 (67k+) 💍,https://www.threads.com/@opstapmethas?xmt=AQG0d_Bk1FYM55Fkmcwbp7PFay194HOj19UN-8FCy0G_qZs,has@thecollabclub.nl,food blogger Den Haag
djamilla_de_geest,https://www.instagram.com/djamilla_de_geest/,Djamilla De Geest ♥️enjoy life ⭐️age :23 ⭐️for collaboration send an email 📧e-mail: dutchduox@gmail.com,N/A,dutchduox@gmail.com,influencer Utrecht
lifebychantal,https://www.instagram.com/lifebychantal/,"✨ Psychology student ✨ Fashion, beauty and lifestyle ✨ The Netherlands Tiktok: chantal_vds Collab?",https://www.threads.com/@lifebychantal?xmt=AQG01qXt9yyLSLI0X3O63ciBI6fJfz7yaB2N8ljv-jl2a1c,lifebychantalx@gmail.com,vlogger Utrecht
maidmimi,https://www.instagram.com/maidmimi/,📍NL • 🇨🇴 Colombian • Cosplayer • TikTok 30K 📩Collabs: maidmimicosplay@gmail.com 🌸Premium Maid 💖Height: 1.51M ✨Next,https://www.threads.com/@maidmimi?xmt=AQG0YQfL5xcp-qpy-gwd8CmCDrb8fJbgJFnNyk6B4Hf2aug,maidmimicosplay@gmail.com,creator Utrecht
elisebogmans,https://www.instagram.com/elisebogmans/,Dutch🇳🇱 Samenwerkingen: dm of elisebogmans@icloud.com,N/A,elisebogmans@icloud.com,blogger Eindhoven
veganfeden,https://www.instagram.com/veganfeden/,🌱 Vegan content creator • Solo traveler 🤍Vegan hotspots worldwide & lifestyle 💌 feden.roorda@gmail.com 🇳🇱 NL,N/A,feden.roorda@gmail.com,influencer Tilburg
tastenijmegen,https://www.instagram.com/tastenijmegen/,🍽 Your guide to all things Nijmegen 🧜‍♀️ @stolenmermaid 📮Collabs: tastenijmegen@gmail.com 📱Tiktok 130K+ Likes,N/A,tastenijmegen@gmail.com,blogger Nijmegen
