username,url,bio,website,email,query
chefs,https://www.instagram.com/chefs/,👨‍🍳 Sharing the finest chef dishes 💫 Discovering new talents 🏷 Tag @chefs for a chance to get featured ✉️ DM for business,N/A,None found,home chef amsterdam
grill_artist,https://www.instagram.com/grill_artist/,📍 The Netherlands 🇲🇦🇳🇱 🔥 Culinary artist in Greek & Mediterranean cuisine. 🍴 Passionate about grilling & plating. 📩 DM for collaborations,https://www.threads.com/@grill_artist?xmt=AQF0fTuG8JZ3ZrOzAI1npr6DDTqbBrCCmMz7tSFnJfU1PC8,None found,home chef amsterdam
thefitfeast,https://www.instagram.com/thefitfeast/,"making healthy taste good by @claudia_kent 🥑 Nutritionist | 140k+ on TikTok @trueprotein Creator | Sydney, Aus",N/A,None found,home chef amsterdam
trackentrees,https://www.instagram.com/trackentrees/,🛸🍴✨Food & Travel explorer 👀Tracked by Trees @treessie 👩‍🌾Wine farmer @waterlandsewijn 🖊️ contributor @sterrenrestaurants,N/A,None found,home chef amsterdam
kokhwalie,https://www.instagram.com/kokhwalie/,Actor based in London and Amsterdam. Last spotted @thersc @thekingandiuk @theateroostpool Rep:@thebwhagency. My cooking:@kokkiescooking,https://www.threads.com/@kokhwalie?xmt=AQF0i1YwCLywImfCfyEgGJEk4pIYVHMZWdDhaeowju0lOzw,None found,home chef amsterdam
sefinevi,https://www.instagram.com/sefinevi/,👩🏻‍🍳Private Chef 📍 Homemade Food for Amsterdam&Amstelveen 🥡For orders please DM 💫Michelin Starred Restaurant Pasta Chef in 🇦🇪 🇹🇷➡️🇦🇪➡️🇳🇱,N/A,None found,home chef amsterdam
cookingandmore2,https://www.instagram.com/cookingandmore2/,"Private dining, catering, caviar tastings, travel chef, fishspecialist Ambassador @cheffix.eu Partner @allianceofchefs @meramcatering",https://www.threads.com/@cookingandmore2?xmt=AQF0ihVvk1OjSw5X8U7Kc0yBNRpWTJ6UgpOBYDNIJVlPeg4,None found,home chef amsterdam
foodd_small_group_cooking,https://www.instagram.com/foodd_small_group_cooking/,Food is my passion. I love pampering people and food definately brings us together. Allow yourself and your partner/friends to be spoiled!,N/A,None found,home chef amsterdam
mealsbyfeel,https://www.instagram.com/mealsbyfeel/,Loose recipes guided by cravings and impulses. Ingredients measured by heart and gut. Meals imagined by @crysyun,N/A,None found,home chef amsterdam
japanese_cuisine_ooi,https://www.instagram.com/japanese_cuisine_ooi/,Established 60y ago in Hiroshima Ooi-Sushi🍁 I offer traditional and authentic Sushi鮨&Kaiseki懐石🇯🇵🇳🇱 //Kikkoman Chef in EU🇪🇺,https://www.threads.com/@japanese_cuisine_ooi?xmt=AQF0u1acnBcJCkHEmMs4sLu-s6bdy2r6TfJuIERN3LtlbMc,None found,home chef amsterdam
chefrubendh,https://www.instagram.com/chefrubendh/,CELEBRITY PRIVATE CHEF 👨🏻‍🍳Private Chef & Catering WE TRAVEL:✈️ #1 Private Chef In Aruba 🇦🇼 @82kitchen_events,https://www.threads.com/@chefrubendh?xmt=AQF0ITYnrCjshXd7sfXMlRJ2n09PJgpvy8vum8viyldp-9s,None found,home chef amsterdam
ainz_gourmet,https://www.instagram.com/ainz_gourmet/,🧑🏻‍🍳Cheerful foodie on a culinary journey with 🇲🇾roots 📍L7✨Google review in Melbourne 🇦🇺 & beyond 💌DM/email for invite/collab/promo,https://www.threads.com/@ainz_gourmet?xmt=AQF0a_LPucBd-04g1i3UEdaZ1xiilnqkqDD83bSN9bKQEq8,None found,home chef amsterdam
homechefsamsterdam,https://www.instagram.com/homechefsamsterdam/,FoodiesForLife 😊 - Living in Netherlands ! 👨‍🍳👩‍🍳 - Sharing anecdotes of our 🍽 - DM for collaboration,N/A,None found,home chef amsterdam
homechefhuiberts,https://www.instagram.com/homechefhuiberts/,🦪 Seafood lover & foodie ✨ Makkelijke recepten met een groot wow-effect 🍷 WSET 3 student,https://www.threads.com/@homechefhuiberts?xmt=AQF0STuKDzUXZT6v1kEbW4e9ecB3xWLphp0aG3dlUc4Mg70,None found,home chef amsterdam
haroldkookt,https://www.instagram.com/haroldkookt/,👨‍🍳Hobbykok & Foodie 🍲Ik help je om thuis restaurantwaardig te koken 👨🏼‍🍳 📝Met zo af en toe een recept 🤝Samenwerken?,https://www.threads.com/@haroldkookt?xmt=AQF0XBuJ9FvIxhnniPW9TKzftlSbp-1yajsa5XNKnmLhLZI,info@haroldkookt.nl,home chef amsterdam
tokomayamsterdam,https://www.instagram.com/tokomayamsterdam/,"🌿 Vers uit eigen keuken #thuiskok 📍 Afhaallokatie aan huis, IJburg Amsterdam 🏡 Tram 26 | Bus 66 voor de deur 🍴",N/A,None found,thuiskok Amsterdam
restaurantadam,https://www.instagram.com/restaurantadam/,Open to collaboration opportunities - feel free to reach out.,https://www.threads.com/@restaurantadam?xmt=AQF0doRcQprNWk1WWptHx6KxHmLnHgnolg2v4yJjNpKsKXM,None found,thuiskok Amsterdam
restaurantfloreyn,https://www.instagram.com/restaurantfloreyn/,297 posts,N/A,None found,thuiskok Amsterdam
flavorsbygina,https://www.instagram.com/flavorsbygina/,"‍🧑🏻‍🍳 Luxury Private chef, fine dining, villas events ✈️🛥️ 🍽 International fusion cuisine 🇳🇱The Netherlands",N/A,None found,thuiskok Amsterdam
howlovetastes,https://www.instagram.com/howlovetastes/,"✨ 𝑊𝑖𝑗 𝑔𝑒𝑙𝑜𝑣𝑒𝑛 𝑑𝑎𝑡 𝑒𝑡𝑒𝑛 𝑒𝑒𝑛 𝑣𝑜𝑟𝑚 𝑣𝑎𝑛 𝑘𝑢𝑛𝑠𝑡 𝑖𝑠, 𝑑𝑖𝑒 𝑚𝑒𝑛𝑠𝑒𝑛 𝑠𝑎𝑚𝑒𝑛𝑏𝑟𝑒𝑛𝑔𝑡, 𝑘𝑙𝑒𝑖𝑛𝑒 𝑣𝑒𝑟𝑟𝑎𝑠𝑠𝑖𝑛𝑔𝑒𝑛 𝑏𝑖𝑒𝑑𝑡 𝑒𝑛 𝑙𝑖𝑒𝑓𝑑𝑒 𝑢𝑖𝑡𝑑𝑟𝑢𝑘𝑡 𝑛𝑎𝑎𝑟",N/A,None found,thuiskok Amsterdam
omarcoox,https://www.instagram.com/omarcoox/,No bio found,N/A,None found,thuiskok Amsterdam
wildezwijnenrestaurant,https://www.instagram.com/wildezwijnenrestaurant/,"Modern Dutch restaurant. Ingredients from Dutch soil, seasonal and preferably from the region. DINNER - LUNCH - DRINKS",https://www.threads.com/@wildezwijnenrestaurant?xmt=AQF0dyeGvgZAZgZ_ElCyuKNrfSYG_NGCVstjI_Ywg84FiRg,None found,thuiskok Amsterdam
huischef,https://www.instagram.com/huischef/,@huischef #kokaanhuis #bbqchef #thuiskok #thuischef #ofyr #bigreenegg #walkingdinner,https://www.threads.com/@huischef?xmt=AQF0iYt1-YjFJZnn2umjKrWjRd9MGVJ9h99o-X8d5irola4,info@huischef.nl,thuiskok Amsterdam
lovebeckyslife,https://www.instagram.com/lovebeckyslife/,417 posts,N/A,None found,thuiskok Amsterdam
flavoursbymees,https://www.instagram.com/flavoursbymees/,Private dining✨ • Weddings 🌹• events👨🏼‍🍳,N/A,None found,thuiskok Amsterdam
merlijnthuis,https://www.instagram.com/merlijnthuis/,- Private chef - Registervinoloog - Wijnpoeverijen - Wijnverkoop - Catering,N/A,None found,thuiskok Amsterdam
visopzuid.amsterdam,https://www.instagram.com/visopzuid.amsterdam/,》di t/m vrij geopend 10 tot 18.00u zaterdags tot 17.00u verse soepen | verse maaltijden | opgemaakte schalen | oester,N/A,None found,thuiskok Amsterdam
esthers_cookery,https://www.instagram.com/esthers_cookery/,🌿 Dankbaar dat ik 10 jaar de magie van mijn VEGA keuken heb mogen delen! ✨ The best is yet to come! 📚 Met VEGATOV,N/A,None found,thuiskok Amsterdam
belangamalaysiafoodheritage,https://www.instagram.com/belangamalaysiafoodheritage/,BelangaMalaysiaFoodHeritage Halal authentic Malaysia cuisine in Utrecht The Netherlands. Owner/Chef 0657482848,N/A,None found,thuiskok Amsterdam
tastecrib,https://www.instagram.com/tastecrib/,Cook | Foodie | Creator Join me on my food adventures 🤩 #pinoyfood 🇵🇭🇨🇦🇳🇱🇪🇸,N/A,None found,thuiskok Amsterdam
anniopjefeestje,https://www.instagram.com/anniopjefeestje/,"👩‍🍳 Hapjes, thuisdiners & workshops in Haarlem e.o. 📞 0635317395 🕊️ 🇵🇸 🍉",N/A,None found,thuiskok Amsterdam
bestselleramsterdam,https://www.instagram.com/bestselleramsterdam/,Books | Gifts | Magazines | Kiosk De Clercqstraat 46 Kinkerstraat 315 Ferdinand Bolstraat 115 Amstelveenseweg 212,N/A,None found,thuiskok Amsterdam
amuseeramuse,https://www.instagram.com/amuseeramuse/,My own world dishes 👩🏼‍🍳 🌏 food is so much more than just the taste and quality of the dish…,N/A,None found,thuiskok Amsterdam
de_uitvreter,https://www.instagram.com/de_uitvreter/,• (ʜ)ᴇᴇʀʟɪᴊᴋᴇ ʀᴇꜱᴛᴀᴜʀᴀɴᴛ ᴛɪᴘꜱ 🍴 • ᴀᴍꜱᴛᴇʀᴅᴀᴍ - ᴅᴇɴ ʜᴀᴀɢ - ꜱᴛᴇᴅᴇɴᴛʀɪᴘꜱ • @de_eetgency,N/A,None found,thuiskok Amsterdam
cookingandmore2,https://www.instagram.com/cookingandmore2/,"Private dining, catering, caviar tastings, travel chef, fishspecialist Ambassador @cheffix.eu Partner @allianceofchefs",https://www.threads.com/@cookingandmore2?xmt=AQF0qjHAyaSZI5Q_kkVhhgFxN_rpQSNKTbvOqPKBVRfgryQ,None found,thuiskok Amsterdam
thecitizen.nl,https://www.instagram.com/thecitizen.nl/,"Luxury travel, food & wine 📩 severine@thecitizen.nl 📍 Amsterdam",N/A,severine@thecitizen.nl,thuiskok Amsterdam
godenspijsamsterdam,https://www.instagram.com/godenspijsamsterdam/,🌟 Unieke evenementen voor 10-200 gasten. Geniet van verfijnde smaken en een luxe ambiance voor een onvergetelijke,https://www.threads.com/@godenspijsamsterdam?xmt=AQF02JL4RiERPN5LfeaNCxFMVSz4aRiK8ZOiBozwZYhBegA,None found,thuiskok Amsterdam
masimaro__nl,https://www.instagram.com/masimaro__nl/,"Traditionele Italiaanse producten, met een grote selectie truffelproducten van GP Truffles",N/A,None found,thuiskok Amsterdam
cheflixonline,https://www.instagram.com/cheflixonline/,"Leer koken van de beste chefs | 750+ video kooklessen | Probeer Cheflix al vanaf €3,99 p/m. Our English account 🇬🇧:",N/A,None found,thuiskok Amsterdam
chefangieb,https://www.instagram.com/chefangieb/,The Palate Mechanic @pannenkoekerij_gansi 100% Halal kitchen🇸🇷 Catering☎️0619423062 a,https://www.threads.com/@chefangieb?xmt=AQF0kWsUjhRuxVy_Ey45vLM5Gohn4gCVZmmdd_cyaSJ24E8,chefangiebkookt@gmail.com,thuiskok Amsterdam
cookingandmoretwo,https://www.instagram.com/cookingandmoretwo/,@Cookingandmore2 Ambassador for @cheffix.eu,N/A,None found,thuiskok Amsterdam
