market_name,market_website,form_url,link_text,platform,city
The Foodmarket Amsterdam,http://www.thefoodmarket.nl/,http://www.thefoodmarket.nl/reserveren,reservering aanvragen,custom,Amsterdam
ZuiderMRKT,https://www.zuidermrkt.nl/,https://www.zuidermrkt.nl/inschrijven-nieuwsbrief/,inschrijven nieuwsbrief,custom,Amsterdam
SPAR Matze,https://www.spar.nl/winkels/spar-matze-464/?utm_campaign=SPAR+Matze&utm_content=464&utm_medium=Localistico&utm_source=google_gmb,https://www.spar.nl/winkels/spar-matze-464/spar-formule/,spar formule,custom,Rotterdam
SPAR Matze,https://www.spar.nl/winkels/spar-matze-464/?utm_campaign=SPAR+Matze&utm_content=464&utm_medium=Localistico&utm_source=google_gmb,https://cookiepedia.co.uk/giving-consent-to-cookies,meer informatie,custom,Rotterdam
Afrikaandermarkt,https://www.marktenmarkten.nl/markt/markt-afrikaanderplein-in-zuid/44/,https://www.marktenmarkten.nl/markt/markt-afrikaanderplein-in-zuid/44/pagina/mijn.mm.organisatie/mijn-markten/markt/aanmelden/,markt aanmelden,custom,Rotterdam
Ourworkplace,http://www.ourwp.nl/,https://portal.ourwp.nl/register,registreren,custom,Den Haag
Ourworkplace,http://www.ourwp.nl/,https://portal.ourwp.nl/register,registreren,custom,Den Haag
Ourworkplace,http://www.ourwp.nl/,https://portal.ourwp.nl/register,registereren,custom,Den Haag
Foodhall MingleMush,https://www.minglemush.nl/?utm_source=google&utm_medium=organic&utm_campaign=gbp_denhaag&utm_content=website,https://www.minglemush.nl/bar,meer informatie,custom,Den Haag
Foodhall MingleMush,https://www.minglemush.nl/?utm_source=google&utm_medium=organic&utm_campaign=gbp_denhaag&utm_content=website,https://www.minglemush.nl/feest-of-groep/#groepsreservering,reserveringsformulier,custom,Den Haag
Foodhall MingleMush,https://www.minglemush.nl/?utm_source=google&utm_medium=organic&utm_campaign=gbp_denhaag&utm_content=website,https://www.minglemush.nl/feest-of-groep/#groepsreservering,formulier,custom,Den Haag
Foodhall Scheveningen,https://www.foodhallscheveningen.nl/,https://foodhallscheveningen.nl/wp-content/uploads/uniforme-voorwaarden-horeca-engels.pdf,terms and conditions,custom,Den Haag
Grote Markt Groep B.V.,http://www.gmdh.nl/,https://www.cookiebot.com/goto/privacy-policy/,meer informatie over deze aanbieder,custom,Den Haag
Grote Markt Groep B.V.,http://www.gmdh.nl/,https://business.safety.google/privacy/,meer informatie over deze aanbieder,custom,Den Haag
Grote Markt Groep B.V.,http://www.gmdh.nl/,https://business.safety.google/privacy/,meer informatie over deze aanbieder,custom,Den Haag
SPAR city Korte Poten,https://www.spar.nl/winkels/spar-city-korte-poten-208/?utm_campaign=SPAR+city+Korte+Poten&utm_content=208&utm_medium=Localistico&utm_source=google_gmb,https://www.spar.nl/winkels/spar-city-korte-poten-208/spar-formule/,spar formule,custom,Den Haag
SPAR city Korte Poten,https://www.spar.nl/winkels/spar-city-korte-poten-208/?utm_campaign=SPAR+city+Korte+Poten&utm_content=208&utm_medium=Localistico&utm_source=google_gmb,https://cookiepedia.co.uk/giving-consent-to-cookies,meer informatie,custom,Den Haag
Nordic Days,https://nordic-days.nl/,https://nordic-days.nl/standhouders,standhouders,custom,Utrecht
Nordic Days,https://nordic-days.nl/,https://nordic-days.nl/deelnemen,deelnemen,custom,Utrecht
Nordic Days,https://nordic-days.nl/,https://nordic-days.nl/deelnemen,ik wil deelnemen,custom,Utrecht
