Score,Name,Email,Website,Phone,City,Query,Maps URL
19,Stichting Evenementen Waagplein,info@waagplein.nl,http://www.waagplein.nl/,,Alkmaar,markt organisatie,https://www.google.com/maps/place/Stichting+Evenementen+Waagplein/data=!4m7!3m6!1s0x47cf57b44d549f45:0x86f83e68a9b95e12!8m2!3d52.6321206!4d4.751091!16s%2Fg%2F1tf74sdf!19sChIJRZ9UTbRXz0cREl65qWg--IY?authuser=0&hl=nl&rclk=1
19,Museum Market,info@museummarket.nl,http://www.museummarket.nl/,,Amsterdam,straatmarkt organisatie,https://www.google.com/maps/place/Museum+Market/data=!4m7!3m6!1s0x47c60967a2324871:0x3a9f7b3e37d68131!8m2!3d52.3588901!4d4.884207!16s%2Fg%2F11j9cqy1xh!19sChIJcUgyomcJxkcRMYHWNz57nzo?authuser=0&hl=nl&rclk=1
19,Stichting Zorgmanege,info@zorgmanegehoofddorp.nl,http://www.zorgmanegehoofddorp.nl/,06 54382179,Amsterdam,straatmarkt organisatie,https://www.google.com/maps/place/Stichting+Zorgmanege/data=!4m7!3m6!1s0x47c5e63813cd03d5:0x8c0adeadb8c69a6f!8m2!3d52.322781!4d4.676634!16s%2Fg%2F1tw1d0cs!19sChIJ1QPNEzjmxUcRb5rGuK3eCow?authuser=0&hl=nl&rclk=1
19,MDV Evenementen,info@mdv-evenementen.nl,http://www.mdv-evenementen.nl/locaties/,06 41010900,Rotterdam,straatmarkt organisatie,https://www.google.com/maps/place/MDV+Evenementen/data=!4m7!3m6!1s0x47c44a94ef66ffff:0x86c8aa46a6c73a2!8m2!3d51.9251172!4d4.3788535!16s%2Fg%2F11hzn4hbz6!19sChIJ__9m75RKxEcRonNsaqSKbAg?authuser=0&hl=nl&rclk=1
19,Festival Tweetakt,info@tweetakt.nl,http://www.tweetakt.nl/,030 711 6642,Utrecht,straatmarkt organisatie,https://www.google.com/maps/place/Festival+Tweetakt/data=!4m7!3m6!1s0x47c66f44e555583f:0x46d3e595352e34a4!8m2!3d52.101376!4d5.117225!16s%2Fg%2F1tjystyh!19sChIJP1hV5URvxkcRpDQuNZXl00Y?authuser=0&hl=nl&rclk=1
19,Stichting Appeltaartconcerten,info@appeltaartconcerten.nl,http://appeltaartconcerten.nl/,06 55997325,Utrecht,straatmarkt organisatie,https://www.google.com/maps/place/Stichting+Appeltaartconcerten/data=!4m7!3m6!1s0x47c66f6e319ca67d:0xcbe23b407dabf0b7!8m2!3d52.094849!4d5.098193!16s%2Fg%2F11c20sj976!19sChIJfaacMW5vxkcRt_CrfUA74ss?authuser=0&hl=nl&rclk=1
16,Stichting Het Stenen Hoofd,info@stenenhoofd.nl,http://www.stenenhoofd.nl/,,Amsterdam,markt organisatie,https://www.google.com/maps/place/Stichting+Het+Stenen+Hoofd/data=!4m7!3m6!1s0x47c609cb439ffa67:0xadc0018f4bd831ce!8m2!3d52.3890212!4d4.8919651!16s%2Fg%2F1tdkldzf!19sChIJZ_qfQ8sJxkcRzjHYS48BwK0?authuser=0&hl=nl&rclk=1
16,IJ-Hallen Flea Market,info@ij-hallen.nl,http://www.ijhallen.nl/,,Amsterdam,markt organisatie,https://www.google.com/maps/place/IJ-Hallen+Flea+Market/data=!4m7!3m6!1s0x47c609000bfc5ad1:0x48876a9bbdc33bbd!8m2!3d52.4012496!4d4.8959767!16s%2Fg%2F11ysplj90m!19sChIJ0Vr8CwAJxkcRvTvDvZtqh0g?authuser=0&hl=nl&rclk=1
16,Stichting Archis,info@archis.org,http://archis.org/,,Amsterdam,markt organisatie,https://www.google.com/maps/place/Stichting+Archis/data=!4m7!3m6!1s0x47c609b3936e2d5b:0x499b7f3f8a612e2e!8m2!3d52.3777111!4d4.8665679!16s%2Fg%2F1wrgjc57!19sChIJWy1uk7MJxkcRLi5hij9_m0k?authuser=0&hl=nl&rclk=1
16,Stichting Rollende Keukens,info@rollendekeukens.nl,http://rollendekeukens.amsterdam/,,Amsterdam,markt organisatie,https://www.google.com/maps/place/Stichting+Rollende+Keukens/data=!4m7!3m6!1s0x47c609d584113761:0xc53d26c3b40e2b7a!8m2!3d52.385917!4d4.871852!16s%2Fg%2F1tctqw6x!19sChIJYTcRhNUJxkcReisOtMMmPcU?authuser=0&hl=nl&rclk=1
16,Stichting Nova Alma,info@nova-alma.nl,https://www.nova-alma.nl/,06 87949970,Amsterdam,markt organisatie,https://www.google.com/maps/place/Stichting+Nova+Alma/data=!4m7!3m6!1s0xab11d191f04e349:0xd0f75815d5b6667d!8m2!3d52.3834749!4d4.8690795!16s%2Fg%2F11w1q8rp2w!19sChIJSeMEHxkdsQoRfWa21RVY99A?authuser=0&hl=nl&rclk=1
16,Roodbol Evenementen,info@roodbolevenementen.nl,http://www.roodbolevenementen.nl/,,Rotterdam,markt organisatie,https://www.google.com/maps/place/Roodbol+Evenementen/data=!4m7!3m6!1s0x47c5cb91c7095555:0x64d66710edc18605!8m2!3d51.9931872!4d4.4748219!16s%2Fg%2F11fmtlx8rd!19sChIJVVUJx5HLxUcRBYbB7RBn1mQ?authuser=0&hl=nl&rclk=1
16,DB Evenementen,info@dbevenementen.nl,http://www.dbevenementen.nl/,070 307 2900,Den Haag,markt organisatie,https://www.google.com/maps/place/DB+Evenementen/data=!4m7!3m6!1s0x47c5b11c89bb8459:0xfa958cd3848b71ca!8m2!3d52.0442584!4d4.2486972!16s%2Fg%2F1ts_5sfb!19sChIJWYS7iRyxxUcRynGLhNOMlfo?authuser=0&hl=nl&rclk=1
16,Credo Marketing - Den Haag,info@credo-marketing.nl,https://www.credo-marketing.nl/positions/sales-ambassadeur-den-haag,06 30151195,Den Haag,markt organisatie,https://www.google.com/maps/place/Credo+Marketing+-+Den+Haag/data=!4m7!3m6!1s0x47c5b7004cdd71a9:0x6af2dfe64b19833d!8m2!3d52.0797817!4d4.3171961!16s%2Fg%2F11y94q2f6c!19sChIJqXHdTAC3xUcRPYMZS-bf8mo?authuser=0&hl=nl&rclk=1
16,Stichting Tong Tong,info@tongtong.nl,http://stichtingtongtong.nl/,070 354 0944,Den Haag,markt organisatie,https://www.google.com/maps/place/Stichting+Tong+Tong/data=!4m7!3m6!1s0x47c5b7356ed88fe9:0x8a06df9266f61cbb!8m2!3d52.0784533!4d4.3401577!16s%2Fg%2F11b6dgg844!19sChIJ6Y_YbjW3xUcRuxz2ZpLfBoo?authuser=0&hl=nl&rclk=1
16,Stichting Organisatie Oude Muziek,info@oudemuziek.nl,http://www.oudemuziek.nl/,030 232 9000,Utrecht,markt organisatie,https://www.google.com/maps/place/Stichting+Organisatie+Oude+Muziek/data=!4m7!3m6!1s0x47c66f5c9e635cb7:0xa74a388bf2073eb5!8m2!3d52.0954405!4d5.1232589!16s%2Fg%2F11b777khm0!19sChIJt1xjnlxvxkcRtT4H8os4Sqc?authuser=0&hl=nl&rclk=1
16,Stichting Kunstmarkt De Bilt,info@kunstmarktdebilt.nl,http://kunstmarktdebilt.nl/,,Utrecht,markt organisatie,https://www.google.com/maps/place/Stichting+Kunstmarkt+De+Bilt/data=!4m7!3m6!1s0x47c6692dc855acf1:0x2ec24de686092596!8m2!3d52.140124!4d5.1618577!16s%2Fg%2F1ts1lvp0!19sChIJ8axVyC1pxkcRliUJhuZNwi4?authuser=0&hl=nl&rclk=1
16,Stichting Brabantsedag,info@brabantsedag.nl,http://www.brabantsedag.nl/,040 226 3139,Eindhoven,markt organisatie,https://www.google.com/maps/place/Stichting+Brabantsedag/data=!4m7!3m6!1s0x47c72880b59cd611:0x4970dd9fd7edf33d!8m2!3d51.3793779!4d5.5743867!16s%2Fg%2F1tjt14zt!19sChIJEdactYAox0cRPfPt15_dcEk?authuser=0&hl=nl&rclk=1
16,Catharina Market,info@thisiseindhoven.com,https://www.thisiseindhoven.com/en/events/catharina-market,,Eindhoven,markt organisatie,https://www.google.com/maps/place/Catharina+Market/data=!4m7!3m6!1s0x47c6d9001250f3cd:0x9bbedc82e9e4218f!8m2!3d51.437519!4d5.4800215!16s%2Fg%2F11w48hy944!19sChIJzfNQEgDZxkcRjyHk6YLcvps?authuser=0&hl=nl&rclk=1
16,FeelGood Market,info@feelgoodmarket.nl,https://www.feelgoodmarket.nl/,,Eindhoven,markt organisatie,https://www.google.com/maps/place/FeelGood+Market/data=!4m7!3m6!1s0x47c6d9d647ae29e7:0xc62e668f9585b965!8m2!3d51.4476483!4d5.4570224!16s%2Fg%2F11q9q6t3l7!19sChIJ5ymuR9bZxkcRZbmFlY9mLsY?authuser=0&hl=nl&rclk=1
16,Stichting Alabraar,info@alabraar.nl,https://www.alabraar.nl/,040 246 1404,Eindhoven,markt organisatie,https://www.google.com/maps/place/Stichting+Alabraar/data=!4m7!3m6!1s0x47c6d93db364796d:0x6f2a698ad068d416!8m2!3d51.4534438!4d5.4691418!16s%2Fg%2F1tdg704z!19sChIJbXlksz3ZxkcRFtRo0IppKm8?authuser=0&hl=nl&rclk=1
16,Stichting Dorpsfeesten Aarle-Rixtel,info@dorpsfeestenaarlerixtel.nl,https://dorpsfeestenaarlerixtel.nl/,,Eindhoven,markt organisatie,https://www.google.com/maps/place/Stichting+Dorpsfeesten+Aarle-Rixtel/data=!4m7!3m6!1s0x47c7219cca63e141:0xb4dbaf02b8a59298!8m2!3d51.5103331!4d5.6331076!16s%2Fg%2F1tg67b2z!19sChIJQeFjypwhx0cRmJKluAKv27Q?authuser=0&hl=nl&rclk=1
16,Stichting Eelder Jaarmarkt,info@jaarmarkteelde.nl,https://jaarmarkteelde.nl/,,Groningen,markt organisatie,https://www.google.com/maps/place/Stichting+Eelder+Jaarmarkt/data=!4m7!3m6!1s0x47c82df97e702045:0x1efa61ea7c8bb988!8m2!3d53.1362671!4d6.5641417!16s%2Fg%2F1tv23d4l!19sChIJRSBwfvktyEcRiLmLfOph-h4?authuser=0&hl=nl&rclk=1
16,De Evenementenlijn V.O.F.,info@deevenementenlijn.nl,http://www.deevenementenlijn.nl/,06 51217920,Tilburg,markt organisatie,https://www.google.com/maps/place/De+Evenementenlijn+V.O.F./data=!4m7!3m6!1s0x47c6914c86dec39b:0xdd11f7962bf0bb4f!8m2!3d52.1909763!4d5.2795551!16s%2Fg%2F1tggmw6b!19sChIJm8PehkyRxkcRT7vwK5b3Ed0?authuser=0&hl=nl&rclk=1
16,Almere City Marketing,info@almere-citymarketing.nl,https://www.almere-citymarketing.nl/,036 548 5048,Almere,markt organisatie,https://www.google.com/maps/place/Almere+City+Marketing/data=!4m7!3m6!1s0x47c616e14bdb76e5:0xe25607a623eccb13!8m2!3d52.369073!4d5.2199924!16s%2Fg%2F1pxqddv1r!19sChIJ5XbbS-EWxkcRE8vsI6YHVuI?authuser=0&hl=nl&rclk=1
16,Stichting Het Boodschappenhoekje Almere,info@hetboodschappenhoekje.nl,http://www.hetboodschappenhoekje.nl/,,Almere,markt organisatie,https://www.google.com/maps/place/Stichting+Het+Boodschappenhoekje+Almere/data=!4m7!3m6!1s0x47c617a031e7cacb:0x32dc747801433831!8m2!3d52.3352598!4d5.2174734!16s%2Fg%2F11p5x5q4rx!19sChIJy8rnMaAXxkcRMThDAXh03DI?authuser=0&hl=nl&rclk=1
16,Breda Marketing,info@bredamarketing.nl,https://bredamarketing.nl/,,Breda,markt organisatie,https://www.google.com/maps/place/Breda+Marketing/data=!4m7!3m6!1s0x47c69f847e37b0f5:0x97997e4fc2b26aa6!8m2!3d51.5887005!4d4.7770584!16s%2Fg%2F11h50kpkkk!19sChIJ9bA3foSfxkcRpmqywk9-mZc?authuser=0&hl=nl&rclk=1
16,Stichting Hernense Stratenmarkt,info@stratenmarkt.nl,http://www.stratenmarkt.nl/,,Nijmegen,markt organisatie,https://www.google.com/maps/place/Stichting+Hernense+Stratenmarkt/data=!4m7!3m6!1s0x47c70110f1e5f9c1:0x3136c36b08807b4e!8m2!3d51.8297295!4d5.6846091!16s%2Fg%2F1vjdp8w9!19sChIJwfnl8RABx0cRTnuACGvDNjE?authuser=0&hl=nl&rclk=1
16,Stichting Dag van Lindenholt,info@dagvanlindenholt.nl,http://www.dagvanlindenholt.nl/,,Nijmegen,markt organisatie,https://www.google.com/maps/place/Stichting+Dag+van+Lindenholt/data=!4m7!3m6!1s0x47c7064c2b2a5dc1:0xa8330d141cccc807!8m2!3d51.847839!4d5.8587645!16s%2Fg%2F1tdn7x86!19sChIJwV0qK0wGx0cRB8jMHBQNM6g?authuser=0&hl=nl&rclk=1
16,Stichting Beurs voor een Kind,info@stichtingbeursvooreenkind.nl,https://www.stichtingbeursvooreenkind.nl/,,Nijmegen,markt organisatie,https://www.google.com/maps/place/Stichting+Beurs+voor+een+Kind/data=!4m7!3m6!1s0x47c77554006411d5:0xb23994d4d125b0ab!8m2!3d51.8660915!4d6.0501453!16s%2Fg%2F1tj51t_y!19sChIJ1RFkAFR1x0cRq7Al0dSUObI?authuser=0&hl=nl&rclk=1
16,Stichting Popwaarts,info@popronde.nl,http://www.popronde.nl/,024 360 1178,Nijmegen,markt organisatie,https://www.google.com/maps/place/Stichting+Popwaarts/data=!4m7!3m6!1s0x47c7085013299daf:0x6a625c0244632fb0!8m2!3d51.8388515!4d5.8815779!16s%2Fg%2F1wj_shdr!19sChIJr50pE1AIx0cRsC9jRAJcYmo?authuser=0&hl=nl&rclk=1
16,Stichting Kunstmarkt Tuindorp 't Lansink,organisatie@kunstmarkttuindorp.nl,http://kunstmarkttuindorp.nl/,,Enschede,markt organisatie,https://www.google.com/maps/place/Stichting+Kunstmarkt+Tuindorp+%27t+Lansink/data=!4m7!3m6!1s0x47b80e065f424ca3:0xd4aee79e61ab2801!8m2!3d52.2560482!4d6.7761174!16s%2Fg%2F1v8y3377!19sChIJo0xCXwYOuEcRASirYZ7nrtQ?authuser=0&hl=nl&rclk=1
16,Stichting Ixta Noa,info@ixtanoa.nl,http://www.ixtanoa.nl/,053 230 7446,Enschede,markt organisatie,https://www.google.com/maps/place/Stichting+Ixta+Noa/data=!4m7!3m6!1s0x47b8146f7c3ab0c7:0x8937f75a972f87a2!8m2!3d52.2232385!4d6.894368!16s%2Fg%2F1hc37tw93!19sChIJx7A6fG8UuEcRoocvl1r3N4k?authuser=0&hl=nl&rclk=1
16,Stichting Internationale Congressen Enschede,info@agoraenschede.org,http://agoraenschede.org/,053 432 1040,Enschede,markt organisatie,https://www.google.com/maps/place/Stichting+Internationale+Congressen+Enschede/data=!4m7!3m6!1s0x47b81473bace0acf:0xfd530f3a91acbb58!8m2!3d52.2206085!4d6.8965473!16s%2Fg%2F1232pcbjz!19sChIJzwrOunMUuEcRWLuskToPU_0?authuser=0&hl=nl&rclk=1
16,Stichting Oecumenisch City-Pastoraat Enschede,info@citypastoraatenschede.nl,http://www.citypastoraatenschede.nl/,053 430 6190,Enschede,markt organisatie,https://www.google.com/maps/place/Stichting+Oecumenisch+City-Pastoraat+Enschede/data=!4m7!3m6!1s0x47b8147392c709bd:0x683f26fb43f06b60!8m2!3d52.2200444!4d6.8956564!16s%2Fg%2F1tdgjbcz!19sChIJvQnHknMUuEcRYGvwQ_smP2g?authuser=0&hl=nl&rclk=1
16,Stichting El Tamango,info@eltamango.nl,http://eltamango.nl/,,Enschede,markt organisatie,https://www.google.com/maps/place/Stichting+El+Tamango/data=!4m7!3m6!1s0x47b81473fa9b29d7:0x34a1d948684466e0!8m2!3d52.2193829!4d6.8945237!16s%2Fg%2F11bwh9vxz3!19sChIJ1ymb-nMUuEcR4GZEaEjZoTQ?authuser=0&hl=nl&rclk=1
16,Stichting Wereldvredesvlam Twente,info@wereldvredesvlamtwente.nl,https://www.wereldvredesvlamtwente.nl/,06 55968830,Enschede,markt organisatie,https://www.google.com/maps/place/Stichting+Wereldvredesvlam+Twente/data=!4m7!3m6!1s0x47b8140c97ad936f:0x1e80919844f246db!8m2!3d52.2219059!4d6.8949721!16s%2Fg%2F1td0fl0h!19sChIJb5OtlwwUuEcR20byRJiRgB4?authuser=0&hl=nl&rclk=1
16,Stichting Islamitisch Centrum Arnhem-Zuid,Info@Sicazuid.Nl,https://www.sicazuid.nl/,026 321 1003,Arnhem,markt organisatie,https://www.google.com/maps/place/Stichting+Islamitisch+Centrum+Arnhem-Zuid/data=!4m7!3m6!1s0x47c7a42c70fd0edd:0x29b2e6287ee40e18!8m2!3d51.9639887!4d5.9120756!16s%2Fg%2F1tmqfftv!19sChIJ3Q79cCykx0cRGA7kfijmsik?authuser=0&hl=nl&rclk=1
16,Stichting Leergeld Arnhem,info@leergeldarnhem.nl,https://leergeldarnhem.nl/,026 445 5572,Arnhem,markt organisatie,https://www.google.com/maps/place/Stichting+Leergeld+Arnhem/data=!4m7!3m6!1s0x47c7a44fe26faab7:0xd5077ea718c675e0!8m2!3d51.9733315!4d5.9438985!16s%2Fg%2F1tk_nhw4!19sChIJt6pv4k-kx0cR4HXGGKd-B9U?authuser=0&hl=nl&rclk=1
16,Stichting De Klup Arnhem,info@dekluparnhem.nl,https://www.dekluparnhem.nl/,,Arnhem,markt organisatie,https://www.google.com/maps/place/Stichting+De+Klup+Arnhem/data=!4m7!3m6!1s0x47c7a4699e7c89b3:0x536ec78814f98f40!8m2!3d51.9840992!4d5.942266!16s%2Fg%2F1vlk0t85!19sChIJs4l8nmmkx0cRQI_5FIjHblM?authuser=0&hl=nl&rclk=1
16,Stichting De Arnhemse Huismus,info@dearnhemsehuismus.nl,http://arnhemsehuismus.nl/,06 87721380,Arnhem,markt organisatie,https://www.google.com/maps/place/Stichting+De+Arnhemse+Huismus/data=!4m7!3m6!1s0x47c7a5cac394b619:0x7175481d892a6a28!8m2!3d51.9778282!4d5.9094896!16s%2Fg%2F11h4bscg5y!19sChIJGbaUw8qlx0cRKGoqiR1IdXE?authuser=0&hl=nl&rclk=1
16,"Stichting Leuk Om Te Leren, Weekendschool Arnhem",info@leukomteleren.nl,http://www.leukomteleren.nl/,06 43205252,Arnhem,markt organisatie,"https://www.google.com/maps/place/Stichting+Leuk+Om+Te+Leren,+Weekendschool+Arnhem/data=!4m7!3m6!1s0x47c7a5b9d35393d3:0xe6f9e7da65b247cb!8m2!3d51.9764987!4d5.9123102!16s%2Fg%2F1tf2rgc0!19sChIJ05NT07mlx0cRy0eyZdrn-eY?authuser=0&hl=nl&rclk=1"
16,Stichting Centrummanagement Maastricht,info@cmmaastricht.nl,https://cmmaastricht.nl/,043 851 8977,Maastricht,markt organisatie,https://www.google.com/maps/place/Stichting+Centrummanagement+Maastricht/data=!4m7!3m6!1s0x47c0e9bddfa8f835:0xdca5cbd87b6e43e!8m2!3d50.8482685!4d5.687795!16s%2Fg%2F11ckr6t9dl!19sChIJNfio373pwEcRPuS2h71cyg0?authuser=0&hl=nl&rclk=1
16,Stichting Maastricht Gallery Weekend,info@artichoque.nl,http://www.maastrichtgalleryweekend.nl/,,Maastricht,markt organisatie,https://www.google.com/maps/place/Stichting+Maastricht+Gallery+Weekend/data=!4m7!3m6!1s0x47c0e91e8e05768b:0x3412e40caee1bbe8!8m2!3d50.8479796!4d5.6905368!16s%2Fg%2F11sv6vszm9!19sChIJi3YFjh7pwEcR6LvhrgzkEjQ?authuser=0&hl=nl&rclk=1
16,Stichting 't Gilde Maastricht,info@gildemaastricht.nl,https://www.gildemaastricht.nl/,043 344 0910,Maastricht,markt organisatie,https://www.google.com/maps/place/Stichting+%27t+Gilde+Maastricht/data=!4m7!3m6!1s0x47c0e84b2c10cc7f:0xc9fe79dc88c219a9!8m2!3d50.8506098!4d5.675986!16s%2Fg%2F1tg34c2j!19sChIJf8wQLEvowEcRqRnCiNx5_sk?authuser=0&hl=nl&rclk=1
16,Woningstichting Maasvallei Maastricht,info@maasvallei.nl,http://www.maasvallei.nl/,043 368 3737,Maastricht,markt organisatie,https://www.google.com/maps/place/Woningstichting+Maasvallei+Maastricht/data=!4m7!3m6!1s0x47c0e9f824c3da4f:0xc904856114048c79!8m2!3d50.8621412!4d5.7279507!16s%2Fg%2F1tdmd0nt!19sChIJT9rDJPjpwEcReYwEFGGFBMk?authuser=0&hl=nl&rclk=1
16,Stichting Ateliers Maastricht,info@sam-ateliers.nl,http://sam-ateliers.nl/,043 361 4561,Maastricht,markt organisatie,https://www.google.com/maps/place/Stichting+Ateliers+Maastricht/data=!4m7!3m6!1s0x47c0e9c8157e70db:0xeba7059744347f82!8m2!3d50.8542186!4d5.688363!16s%2Fg%2F1tgmvdnq!19sChIJ23B-FcjpwEcRgn80RJcFp-s?authuser=0&hl=nl&rclk=1
16,Stichting Hart voor Zwolle,info@stichtinghartvoorzwolle.nl,http://stichtinghartvoorzwolle.nl/,06 20770629,Zwolle,markt organisatie,https://www.google.com/maps/place/Stichting+Hart+voor+Zwolle/data=!4m7!3m6!1s0x47c7ded5926778cf:0x1fb6abd5dfc818f4!8m2!3d52.5161135!4d6.0997351!16s%2Fg%2F11g6jrq274!19sChIJz3hnktXex0cR9BjI39Wrth8?authuser=0&hl=nl&rclk=1
16,Stichting Present Zwolle,info@presentzwolle.nl,http://www.presentzwolle.nl/,038 460 8570,Zwolle,markt organisatie,https://www.google.com/maps/place/Stichting+Present+Zwolle/data=!4m7!3m6!1s0x47c7d8ce07346c55:0x37da5fd5af21c926!8m2!3d52.5161135!4d6.0997351!16s%2Fg%2F11cm863kb8!19sChIJVWw0B87Yx0cRJskhr9Vf2jc?authuser=0&hl=nl&rclk=1
16,Stichting 10 mijl van Zwolle Zuid,info@10mijlvanzwollezuid.nl,http://www.10mijlvanzwollezuid.nl/,,Zwolle,markt organisatie,https://www.google.com/maps/place/Stichting+10+mijl+van+Zwolle+Zuid/data=!4m7!3m6!1s0x47c7dfa04c411379:0x994f458dca0f1ad!8m2!3d52.5118525!4d6.0953796!16s%2Fg%2F11hdg__3__!19sChIJeRNBTKDfx0cRrfGg3Fj0lAk?authuser=0&hl=nl&rclk=1
16,Zwolle Marketing,info@zwollemarketing.nl,http://www.zwollemarketing.nl/,038 421 3844,Zwolle,markt organisatie,https://www.google.com/maps/place/Zwolle+Marketing/data=!4m7!3m6!1s0x47c7df2c792152d5:0xe5b6ec194f7a5892!8m2!3d52.508583!4d6.0662373!16s%2Fg%2F1tf4d89y!19sChIJ1VIheSzfx0cRklh6TxnstuU?authuser=0&hl=nl&rclk=1
16,Stichting Voor Elkaar Zwolle,info@voorelkaarzwolle.nl,http://voorelkaarzwolle.nl/,088 145 0040,Zwolle,markt organisatie,https://www.google.com/maps/place/Stichting+Voor+Elkaar+Zwolle/data=!4m7!3m6!1s0x47c7df102f245f49:0xe0c60bcd742b9f65!8m2!3d52.5141748!4d6.0812045!16s%2Fg%2F11g6mwlmnq!19sChIJSV8kLxDfx0cRZZ8rdM0LxuA?authuser=0&hl=nl&rclk=1
16,Stichting Gilde Zwolle,info@gildezwolle.nl,https://www.gildezwolle.nl/,,Zwolle,markt organisatie,https://www.google.com/maps/place/Stichting+Gilde+Zwolle/data=!4m7!3m6!1s0x47c7df124f44182d:0x441c8091c9172047!8m2!3d52.5134819!4d6.0929162!16s%2Fg%2F11s7zzgl13!19sChIJLRhETxLfx0cRRyAXyZGAHEQ?authuser=0&hl=nl&rclk=1
16,MarketingOost - Regie op vrijetijdseconomie,info@marketingoost.nl,https://www.marketingoost.nl/,038 421 6798,Zwolle,markt organisatie,https://www.google.com/maps/place/MarketingOost+-+Regie+op+vrijetijdseconomie/data=!4m7!3m6!1s0x47c7df2c792152d5:0x939e1ad97f5c91e6!8m2!3d52.5089607!4d6.0658225!16s%2Fg%2F11cn3w1p_l!19sChIJ1VIheSzfx0cR5pFcf9kanpM?authuser=0&hl=nl&rclk=1
16,Rommelmarkt Wielerbaan Alkmaar (Stichting Rommelmarkten Egmond),info@rommelmarktalkmaar.nl,http://www.st-re.nl/,06 20114461,Alkmaar,markt organisatie,https://www.google.com/maps/place/Rommelmarkt+Wielerbaan+Alkmaar+%28Stichting+Rommelmarkten+Egmond%29/data=!4m7!3m6!1s0x47cf568f70e4be83:0xa402aed94c6df4f6!8m2!3d52.6346733!4d4.7165513!16s%2Fg%2F11fsmvjv_x!19sChIJg77kcI9Wz0cR9vRtTNmuAqQ?authuser=0&hl=nl&rclk=1
16,Stichting Muziekkoepel Nering Bögel Worpplantsoen,Info@muziekkoepelneringbogel.nl,https://www.muziekkoepelneringbogel.nl/,0570 655 649,Deventer,markt organisatie,https://www.google.com/maps/place/Stichting+Muziekkoepel+Nering+B%C3%B6gel+Worpplantsoen/data=!4m7!3m6!1s0x47c7ea647db07aa9:0xa0be94f5b19baee3!8m2!3d52.2498281!4d6.1485777!16s%2Fg%2F11cnrcdnbz!19sChIJqXqwfWTqx0cR466bsfWUvqA?authuser=0&hl=nl&rclk=1
16,stichting dEVENTer,info@eventsdeventer.nl,http://www.eventsdeventer.nl/,0570 745 030,Deventer,markt organisatie,https://www.google.com/maps/place/stichting+dEVENTer/data=!4m7!3m6!1s0x47c7eb2da398efef:0xd144cf2ce1e91554!8m2!3d52.2489241!4d6.1984583!16s%2Fg%2F11n6rk6ps4!19sChIJ7--Yoy3rx0cRVBXp4SzPRNE?authuser=0&hl=nl&rclk=1
16,Stichting Vierdaagsefeesten Nijmegen 🎉,info@vierdaagsefeesten.nl,http://www.vierdaagsefeesten.nl/,024 323 3163,Nijmegen,marktorganisator,https://www.google.com/maps/place/Stichting+Vierdaagsefeesten+Nijmegen+%F0%9F%8E%89/data=!4m7!3m6!1s0x47c7085c97618093:0x88b1705551a6a6cb!8m2!3d51.8428851!4d5.8559536!16s%2Fg%2F1tgcr2t2!19sChIJk4Bhl1wIx0cRy6amUVVwsYg?authuser=0&hl=nl&rclk=1
16,Stichting Basta,info@bastanijmegen.nl,http://bastanijmegen.nl/,,Nijmegen,bazaar organisatie,https://www.google.com/maps/place/Stichting+Basta/data=!4m7!3m6!1s0x47c708f8bec0759b:0x8533edc8e2557d36!8m2!3d51.8317478!4d5.8719322!16s%2Fg%2F1v3km90n!19sChIJm3XAvvgIx0cRNn1V4sjtM4U?authuser=0&hl=nl&rclk=1
16,Marktkantoor,info@debazaar.nl,https://debazaar.nl/hallen/marktkantoor/,,Leiden,bazaar organisatie,https://www.google.com/maps/place/Marktkantoor/data=!4m7!3m6!1s0x47c5f07f329cebfb:0xa7719a3e8994fb7f!8m2!3d52.4772521!4d4.6721615!16s%2Fg%2F11h_slcz7m!19sChIJ--ucMn_wxUcRf_uUiT6acac?authuser=0&hl=nl&rclk=1
16,Yasar Market,info@yasarmarketmaastricht.nl,https://www.facebook.com/YasarMarketMaastricht/,043 363 8520,Maastricht,bazaar organisatie,https://www.google.com/maps/place/Yasar+Market/data=!4m7!3m6!1s0x47c0e992ec5fb4a7:0xea9726098ce895f!8m2!3d50.8501226!4d5.712991!16s%2Fg%2F1thk__ds!19sChIJp7Rf7JLpwEcRX4nOmGByqQ4?authuser=0&hl=nl&rclk=1
16,JOUW Lijfrente,info@jouw-pensioen.nl,https://www.jouw-pensioen.nl/,020 638 8226,Amsterdam,straatmarkt organisatie,https://www.google.com/maps/place/JOUW+Lijfrente/data=!4m7!3m6!1s0x47c609ff106d0e29:0x571e6c0015299c62!8m2!3d52.365714!4d4.8910971!16s%2Fg%2F11p3hzghpy!19sChIJKQ5tEP8JxkcRYpwpFQBsHlc?authuser=0&hl=nl&rclk=1
16,NDSM-Werf,info@ndsm.nl,http://www.ndsm.nl/,,Amsterdam,straatmarkt organisatie,https://www.google.com/maps/place/NDSM-Werf/data=!4m7!3m6!1s0x47c60839a130b683:0x882051e1a7c91c75!8m2!3d52.4005238!4d4.8958329!16s%2Fg%2F1tdc8_ld!19sChIJg7YwoTkIxkcRdRzJp-FRIIg?authuser=0&hl=nl&rclk=1
16,Sportvereniging Real Sranang,info@realsranang.nl,https://www.realsranang.nl/,020 633 2935,Amsterdam,straatmarkt organisatie,https://www.google.com/maps/place/Sportvereniging+Real+Sranang/data=!4m7!3m6!1s0x47c60967b75f7ae1:0xadf3e7b3c60a4495!8m2!3d52.3495407!4d4.9481079!16s%2Fg%2F1tf_mhn_!19sChIJ4Xpft2cJxkcRlUQKxrPn860?authuser=0&hl=nl&rclk=1
16,Buurthulp Oost,info@buurthulpoost.nl,http://buurthulpoost.nl/,06 30356840,Amsterdam,straatmarkt organisatie,https://www.google.com/maps/place/Buurthulp+Oost/data=!4m7!3m6!1s0x47c6096cdf87311f:0xa1548debea18a653!8m2!3d52.3636323!4d4.9372544!16s%2Fg%2F11c7wdd35t!19sChIJHzGH32wJxkcRU6YY6uuNVKE?authuser=0&hl=nl&rclk=1
16,The Beach - Indoor Sport & Event Center,info@beach.nl,http://www.beach.nl/,0297 347 444,Amsterdam,straatmarkt organisatie,https://www.google.com/maps/place/The+Beach+-+Indoor+Sport+%26+Event+Center/data=!4m7!3m6!1s0x47c5e091f0867ff5:0xd82454e19f1bf073!8m2!3d52.280422!4d4.7862331!16s%2Fg%2F1tp1x_mz!19sChIJ9X-G8JHgxUcRc_Abn-FUJNg?authuser=0&hl=nl&rclk=1
16,Sloterkerk,info@sloterkerk.nl,http://www.sloterkerk.nl/,020 615 2110,Amsterdam,straatmarkt organisatie,https://www.google.com/maps/place/Sloterkerk/data=!4m7!3m6!1s0x47c5e17b3013ec4b:0xab31fbeb868b7a55!8m2!3d52.3421699!4d4.7978425!16s%2Fg%2F121gps82!19sChIJS-wTMHvhxUcRVXqLhuv7Mas?authuser=0&hl=nl&rclk=1
16,Buurtteam Bijlmer-Oost,info@buurtteamamsterdamzuidoost.nl,https://www.buurtteamamsterdam.nl/zuidoost/,020 314 1618,Amsterdam,straatmarkt organisatie,https://www.google.com/maps/place/Buurtteam+Bijlmer-Oost/data=!4m7!3m6!1s0x47c60dc27191bb2f:0x822bca13830f0616!8m2!3d52.3150352!4d4.9750393!16s%2Fg%2F11rcms396p!19sChIJL7uRccINxkcRFgYPgxPKK4I?authuser=0&hl=nl&rclk=1
16,QRU Amsterdam,info@qru.amsterdam,http://www.qru.amsterdam/,06 38444141,Amsterdam,straatmarkt organisatie,https://www.google.com/maps/place/QRU+Amsterdam/data=!4m7!3m6!1s0x47c6093c00837a39:0x8d87c1ad015b6b00!8m2!3d52.3433318!4d4.9191297!16s%2Fg%2F11d_9db4_q!19sChIJOXqDADwJxkcRAGtbAa3Bh40?authuser=0&hl=nl&rclk=1
16,Antiekcentrum Amsterdam,info@antiekcentrumamsterdam.nl,http://www.antiekcentrumamsterdam.nl/,020 624 9038,Amsterdam,straatmarkt organisatie,https://www.google.com/maps/place/Antiekcentrum+Amsterdam/data=!4m7!3m6!1s0x47c609dd0b8a2a63:0xf715d12e4837716a!8m2!3d52.3688074!4d4.8788256!16s%2Fg%2F1hc26325c!19sChIJYyqKC90JxkcRanE3SC7RFfc?authuser=0&hl=nl&rclk=1
16,Noorddamcentrum,info@noorddamcentrum.nl,http://www.noorddamcentrum.nl/,020 641 6744,Amsterdam,straatmarkt organisatie,https://www.google.com/maps/place/Noorddamcentrum/data=!4m7!3m6!1s0x47c5e0398d1a1979:0xca4e3673552cc5d6!8m2!3d52.2931204!4d4.8345384!16s%2Fg%2F1tdl9xkq!19sChIJeRkajTngxUcR1sUsVXM2Tso?authuser=0&hl=nl&rclk=1
16,Zilver Wonen Fonds,info@zilverwonengroep.nl,http://zilverwoneninvest.nl/,,Amsterdam,straatmarkt organisatie,https://www.google.com/maps/place/Zilver+Wonen+Fonds/data=!4m7!3m6!1s0x47c609ea8a8c36e5:0xf7b9012c6224f80c!8m2!3d52.3656408!4d4.8910646!16s%2Fg%2F11c6dy_hp2!19sChIJ5TaMiuoJxkcRDPgkYiwBufc?authuser=0&hl=nl&rclk=1
16,Opzoomer Mee,info@opzoomermee.nl,https://www.opzoomermee.nl/,010 213 1055,Rotterdam,straatmarkt organisatie,https://www.google.com/maps/place/Opzoomer+Mee/data=!4m7!3m6!1s0x47c4335e1632fdd3:0x1a4a169e6a3833d0!8m2!3d51.9120564!4d4.4502629!16s%2Fg%2F1tf19y5f!19sChIJ0_0yFl4zxEcR0DM4ap4WSho?authuser=0&hl=nl&rclk=1
16,Marbo Promotions B.V.,info@marbo.nl,http://marbo.nl/,010 202 2511,Rotterdam,straatmarkt organisatie,https://www.google.com/maps/place/Marbo+Promotions+B.V./data=!4m7!3m6!1s0x47c432b57191edb7:0xfd80a93ddb96b32!8m2!3d51.911454!4d4.5576306!16s%2Fg%2F1tqydp13!19sChIJt-2RcbUyxEcRMmu53ZMK2A8?authuser=0&hl=nl&rclk=1
16,De Vechtsebanen Sports & Businesscampus,info@vechtsebanen.nl,http://www.vechtsebanen.nl/,030 262 7878,Utrecht,straatmarkt organisatie,https://www.google.com/maps/place/De+Vechtsebanen+Sports+%26+Businesscampus/data=!4m7!3m6!1s0x47c66fab19d34b99:0x36dcaccbba0154e8!8m2!3d52.1231076!4d5.0858938!16s%2Fg%2F124xvz_fr!19sChIJmUvTGatvxkcR6FQBusus3DY?authuser=0&hl=nl&rclk=1
16,Scouting St. Frans,info@scoutingstfrans.nl,http://www.scoutingsintfrans.nl/site/contact/contactpersonen/,040 281 9438,Eindhoven,straatmarkt organisatie,https://www.google.com/maps/place/Scouting+St.+Frans/data=!4m7!3m6!1s0x47c6d8bb80304271:0x57b81022bfb5bd65!8m2!3d51.4539098!4d5.523179!16s%2Fg%2F1tczzr2h!19sChIJcUIwgLvYxkcRZb21vyIQuFc?authuser=0&hl=nl&rclk=1
16,Breda Barst,info@bredabarst.nl,http://www.bredabarst.nl/,,Breda,straatmarkt organisatie,https://www.google.com/maps/place/Breda+Barst/data=!4m7!3m6!1s0x47c69f9f708fc7b1:0x30b156881935ffe3!8m2!3d51.5918505!4d4.7796259!16s%2Fg%2F11gmyv0jgg!19sChIJscePcJ-fxkcR4_81GYhWsTA?authuser=0&hl=nl&rclk=1
16,De Weerselose Markt,info@weerselosemarkt.nl,http://www.weerselosemarkt.nl/,0541 661 640,Nijmegen,straatmarkt organisatie,https://www.google.com/maps/place/De+Weerselose+Markt/data=!4m7!3m6!1s0x47b81abe5638c231:0xb9f8f74fb9c12e1!8m2!3d52.352756!4d6.833999!16s%2Fg%2F1tjdkv7l!19sChIJMcI4Vr4auEcR4RKc-3SPnws?authuser=0&hl=nl&rclk=1
16,Bijna Gratis Markt,info@bijnagratismarkt.nl,https://www.bijnagratismarkt.nl/,06 51341544,Haarlem,straatmarkt organisatie,https://www.google.com/maps/place/Bijna+Gratis+Markt/data=!4m7!3m6!1s0x47c5ef135e0cdf55:0x7d74bf421d87ef1e!8m2!3d52.3831129!4d4.6305637!16s%2Fg%2F113dnw3jd!19sChIJVd8MXhPvxUcRHu-HHUK_dH0?authuser=0&hl=nl&rclk=1
16,samen Twekkelerveld,info@samentwekkelerveld.nl,https://samentwekkelerveld.nl/,06 18609845,Enschede,straatmarkt organisatie,https://www.google.com/maps/place/samen+Twekkelerveld/data=!4m7!3m6!1s0x47b81366a3992dbf:0xfb7261d06cbc777c!8m2!3d52.2305391!4d6.8562221!16s%2Fg%2F11lm56yckn!19sChIJvy2Zo2YTuEcRfHe8bNBhcvs?authuser=0&hl=nl&rclk=1
16,"Wijkvereniging ""De Oostelaar""",info@mooiedomeinnaam.nl,http://oostelaar.nl/,,Arnhem,straatmarkt organisatie,https://www.google.com/maps/place/Wijkvereniging+%22De+Oostelaar%22/data=!4m7!3m6!1s0x47c7a611b1d2c539:0x7b4f411efb7139f1!8m2!3d51.9477609!4d5.8684837!16s%2Fg%2F1tlc_dqk!19sChIJOcXSsRGmx0cR8Tlx-x5BT3s?authuser=0&hl=nl&rclk=1
16,Eeri,info@eeri.nl,https://vakantiemarkten.nl/wb/pages/agenda.php,06 26352200,Arnhem,straatmarkt organisatie,https://www.google.com/maps/place/Eeri/data=!4m7!3m6!1s0x47c7468e2c114aad:0x4c087489efc3bff6!8m2!3d51.922083!4d5.868093!16s%2Fg%2F1tfft53g!19sChIJrUoRLI5Gx0cR9r_D74l0CEw?authuser=0&hl=nl&rclk=1
16,De Ulebelt,info@ulebelt.nl,https://www.ulebelt.nl/,0570 653 437,Deventer,straatmarkt organisatie,https://www.google.com/maps/place/De+Ulebelt/data=!4m7!3m6!1s0x47c7eb95c8a15dbb:0xa447887a33139386!8m2!3d52.2576183!4d6.2177844!16s%2Fg%2F1tfzwr38!19sChIJu12hyJXrx0cRhpMTM3qIR6Q?authuser=0&hl=nl&rclk=1
16,Stichting Opkikker,info@opkikker.nl,https://opkikker.nl/,036 538 6660,Almere,boerenmarkt organisatie,https://www.google.com/maps/place/Stichting+Opkikker/data=!4m7!3m6!1s0x47c6169ccafc4e49:0x13a122f59d4d202e!8m2!3d52.3507303!4d5.1925857!16s%2Fg%2F11h3jhcjzl!19sChIJSU78ypwWxkcRLiBNnfUioRM?authuser=0&hl=nl&rclk=1
16,Stichting Stad & Natuur Almere,info@stadennatuur.nl,http://www.stadennatuur.nl/,036 547 5050,Almere,boerenmarkt organisatie,https://www.google.com/maps/place/Stichting+Stad+%26+Natuur+Almere/data=!4m7!3m6!1s0x47c61611b42a6de5:0xcc359fa2ea75d42a!8m2!3d52.3412887!4d5.2725351!16s%2Fg%2F1tgdh5hd!19sChIJ5W0qtBEWxkcRKtR16qKfNcw?authuser=0&hl=nl&rclk=1
14,NoordOogst Stadslandbouwproject,info@noordoogst.org,http://www.noordoogst.org/,06 22505291,Amsterdam,straatmarkt organisatie,https://www.google.com/maps/place/NoordOogst+Stadslandbouwproject/data=!4m7!3m6!1s0x47c5e2a679605fe3:0x1ee41cc9bf9e445!8m2!3d52.4187995!4d4.87092!16s%2Fg%2F11clt6z4q1!19sChIJ419geabixUcRReT5m8xB7gE?authuser=0&hl=nl&rclk=1
13,De Hallen Amsterdam,info@themakermarket.nl,http://www.dehallen-amsterdam.nl/,,Amsterdam,markt organisatie,https://www.google.com/maps/place/De+Hallen+Amsterdam/data=!4m7!3m6!1s0x47c609e01d4b189b:0xf3bfaa521febef29!8m2!3d52.3668448!4d4.8687693!16s%2Fg%2F1q64qtc5z!19sChIJmxhLHeAJxkcRKe_rH1Kqv_M?authuser=0&hl=nl&rclk=1
13,ZuiderMRKT,info@zuidermrkt.nl,https://www.zuidermrkt.nl/,,Amsterdam,markt organisatie,https://www.google.com/maps/place/ZuiderMRKT/data=!4m7!3m6!1s0x47c609fb1f8c3fcd:0x8e81c2fc9a77ddf9!8m2!3d52.3554393!4d4.875817!16s%2Fg%2F11ckr5pkzv!19sChIJzT-MH_sJxkcR-d13mvzCgY4?authuser=0&hl=nl&rclk=1
13,SierMarkt,Info@siermarkt.nl,http://www.siermarkt.nl/,06 16650831,Amsterdam,markt organisatie,https://www.google.com/maps/place/SierMarkt/data=!4m7!3m6!1s0x47c5e22588db4607:0xc5de0a40e446b19f!8m2!3d52.3552722!4d4.8263843!16s%2Fg%2F1vh_7kwz!19sChIJB0bbiCXixUcRn7FG5EAK3sU?authuser=0&hl=nl&rclk=1
13,Amsterdam Grapes,info@amsterdamgrapes.nl,https://amsterdamgrapes.nl/,06 57889702,Amsterdam,markt organisatie,https://www.google.com/maps/place/Amsterdam+Grapes/data=!4m7!3m6!1s0x47c609a6654d4791:0xf5313f7362724aad!8m2!3d52.3838946!4d4.8644457!16s%2Fg%2F11sww_34cg!19sChIJkUdNZaYJxkcRrUpyYnM_MfU?authuser=0&hl=nl&rclk=1
13,Klassiek op het Amstelveld,info@stichtingkoha.nl,http://klassiekophetamstelveld.nl/,06 50657301,Amsterdam,markt organisatie,https://www.google.com/maps/place/Klassiek+op+het+Amstelveld/data=!4m7!3m6!1s0x47c6099442c317cd:0x6a4f018d6f0a5a01!8m2!3d52.3626691!4d4.8980639!16s%2Fg%2F11hbc4clql!19sChIJzRfDQpQJxkcRAVoKb40BT2o?authuser=0&hl=nl&rclk=1
13,artKitchen Projects,info@artkitchen.nl,http://www.artkitchen.nl/,06 22803829,Amsterdam,markt organisatie,https://www.google.com/maps/place/artKitchen+Projects/data=!4m7!3m6!1s0x47c5e39ac30715b5:0x2dec81fb6b29bc0d!8m2!3d52.3579336!4d4.9004941!16s%2Fg%2F1tqydpqc!19sChIJtRUHw5rjxUcRDbwpa_uB7C0?authuser=0&hl=nl&rclk=1
13,Art Amsterdam Spui,info@artamsterdam-spui.com,https://artamsterdam-spui.com/,06 24992403,Amsterdam,markt organisatie,https://www.google.com/maps/place/Art+Amsterdam+Spui/data=!4m7!3m6!1s0x47c609c197f03cfd:0xa26dc7d41b67e8a6!8m2!3d52.3688778!4d4.8900891!16s%2Fg%2F1tf27wj3!19sChIJ_Tzwl8EJxkcRpuhnG9THbaI?authuser=0&hl=nl&rclk=1
13,EXPO Greater Amsterdam,info@expogreateramsterdam.nl,https://www.expogreateramsterdam.nl/,023 566 0140,Amsterdam,markt organisatie,https://www.google.com/maps/place/EXPO+Greater+Amsterdam/data=!4m7!3m6!1s0x47c5e67242f1e7db:0x354cc79f0e89ad5a!8m2!3d52.3414895!4d4.6780706!16s%2Fg%2F11cn6f30cp!19sChIJ2-fxQnLmxUcRWq2JDp_HTDU?authuser=0&hl=nl&rclk=1
13,RAI Amsterdam,info@rai.nl,https://www.rai.nl/,020 549 1212,Amsterdam,markt organisatie,https://www.google.com/maps/place/RAI+Amsterdam/data=!4m7!3m6!1s0x47c60a1f63d57e25:0xa08f37a724d09338!8m2!3d52.3411906!4d4.8886156!16s%2Fm%2F064pf4f!19sChIJJX7VYx8KxkcROJPQJKc3j6A?authuser=0&hl=nl&rclk=1
13,Amsterdam Crsc,Info@crsc.nl,http://amsterdamcrsc.org/,020 623 6856,Amsterdam,markt organisatie,https://www.google.com/maps/place/Amsterdam+Crsc/data=!4m7!3m6!1s0x47c5e27947315ca7:0x5f802aa6414ee049!8m2!3d52.3829031!4d4.8656181!16s%2Fg%2F11dy_g1g1m!19sChIJp1wxR3nixUcRSeBOQaYqgF8?authuser=0&hl=nl&rclk=1
13,Unfold,info@unfold.art,http://www.unfold.art/,,Amsterdam,markt organisatie,https://www.google.com/maps/place/Unfold/data=!4m7!3m6!1s0x47c6099225528355:0x5dfa643f90cdf08d!8m2!3d52.3637788!4d4.8869936!16s%2Fg%2F11jz8bf_nr!19sChIJVYNSJZIJxkcRjfDNkD9k-l0?authuser=0&hl=nl&rclk=1
13,Noordermarkt,info@noordmarkt-amsterdam.nl,https://www.noordermarkt-amsterdam.nl/,,Amsterdam,markt organisatie,https://www.google.com/maps/place/Noordermarkt/data=!4m7!3m6!1s0x47c609004c6754c3:0xe07b3931cf38f923!8m2!3d52.3798759!4d4.8860858!16s%2Fg%2F11y3nql27_!19sChIJw1RnTAAJxkcRI_k4zzE5e-A?authuser=0&hl=nl&rclk=1
13,Posthoornkerk⛪,info@stadsherstel.nl,http://www.stadsherstel.nl/posthoornkerk,020 520 0090,Amsterdam,markt organisatie,https://www.google.com/maps/place/Posthoornkerk%E2%9B%AA/data=!4m7!3m6!1s0x47c609cecd12cd33:0x6f249f29eb747230!8m2!3d52.381136!4d4.890351!16s%2Fg%2F122c67dy!19sChIJM80Szc4JxkcRMHJ06ymfJG8?authuser=0&hl=nl&rclk=1
13,"Amsterdamliebe | Stadtführungen, Grachtenfahrten und Events auf Deutsch",info@amsterdamliebe.de,http://www.amsterdamliebe.de/,06 22295867,Amsterdam,markt organisatie,"https://www.google.com/maps/place/Amsterdamliebe+%7C+Stadtf%C3%BChrungen,+Grachtenfahrten+und+Events+auf+Deutsch/data=!4m7!3m6!1s0x47c609357683a6b9:0xb01a74a53c1c864a!8m2!3d52.3717345!4d4.8844104!16s%2Fg%2F11fm6pwtq0!19sChIJuaaDdjUJxkcRSoYcPKV0GrA?authuser=0&hl=nl&rclk=1"
13,Taets Art and Event Park,info@taets.com,http://www.taets.com/,020 788 2600,Amsterdam,markt organisatie,https://www.google.com/maps/place/Taets+Art+and+Event+Park/data=!4m7!3m6!1s0x47c5e2d8769c41e5:0x6fd21dd3712f8282!8m2!3d52.4213074!4d4.8335418!16s%2Fg%2F1tjxdvt7!19sChIJ5UGcdtjixUcRgoIvcdMd0m8?authuser=0&hl=nl&rclk=1
13,Pure Markt Park Frankendael,info@puremarkt.nl,http://www.puremarkt.nl/,,Amsterdam,markt organisatie,https://www.google.com/maps/place/Pure+Markt+Park+Frankendael/data=!4m7!3m6!1s0x47c609231e13dbd1:0x8471e7bfa11862a0!8m2!3d52.3510473!4d4.929818!16s%2Fg%2F11g0knzb76!19sChIJ0dsTHiMJxkcRoGIYob_ncYQ?authuser=0&hl=nl&rclk=1
13,Markt Centraal,info@marktcentraal.nl,https://www.marktcentraal.nl/,,Amsterdam,markt organisatie,https://www.google.com/maps/place/Markt+Centraal/data=!4m7!3m6!1s0x47c5e30316ae49f9:0xc13df06138977b3d!8m2!3d52.3777111!4d4.8665679!16s%2Fg%2F11rghh_bfq!19sChIJ-UmuFgPjxUcRPXuXOGHwPcE?authuser=0&hl=nl&rclk=1
13,Leger des Heils 50|50 Food,info@legerdesheils.nl,https://www.legerdesheils.nl/participatie,,Amsterdam,markt organisatie,https://www.google.com/maps/place/Leger+des+Heils+50%7C50+Food/data=!4m7!3m6!1s0x47c5e3c1d97b46e5:0xf451682de97c836c!8m2!3d52.3831697!4d4.8655073!16s%2Fg%2F11w2k4x6wf!19sChIJ5UZ72cHjxUcRbIN86S1oUfQ?authuser=0&hl=nl&rclk=1
13,Ten Kate Markt,info@tenkatemarkt.nl,https://www.tenkatemarkt.nl/,,Amsterdam,markt organisatie,https://www.google.com/maps/place/Ten+Kate+Markt/data=!4m7!3m6!1s0x47c5e339376b453b:0x30c97d0471dbc2c9!8m2!3d52.3660142!4d4.867456!16s%2Fg%2F11kkps67wh!19sChIJO0VrNznjxUcRycLbcQR9yTA?authuser=0&hl=nl&rclk=1
13,De Hallen Studio's,info@dehallenstudios.nl,http://www.dehallenstudios.nl/,020 820 8206,Amsterdam,markt organisatie,https://www.google.com/maps/place/De+Hallen+Studio%27s/data=!4m7!3m6!1s0x47c5e20aa7158ce5:0x8d3d830e9144bd51!8m2!3d52.3667502!4d4.867797!16s%2Fg%2F11b6xyd4k9!19sChIJ5YwVpwrixUcRUb1EkQ6DPY0?authuser=0&hl=nl&rclk=1
13,Hal West,info@halwest.amsterdam,http://www.halwest.amsterdam/,020 820 8206,Amsterdam,markt organisatie,https://www.google.com/maps/place/Hal+West/data=!4m7!3m6!1s0x47c5e38af9d9588d:0x2a6478961fdb1e2a!8m2!3d52.366511!4d4.8677675!16s%2Fg%2F11x7cy4zrn!19sChIJjVjZ-YrjxUcRKh7bH5Z4ZCo?authuser=0&hl=nl&rclk=1
13,Treehouse NDSM,info@treehousendsm.com,http://www.treehousendsm.com/,06 48166966,Amsterdam,markt organisatie,https://www.google.com/maps/place/Treehouse+NDSM/data=!4m7!3m6!1s0x47c609fc5f2bdbef:0x799801f77a1a387b!8m2!3d52.3995345!4d4.8934247!16s%2Fg%2F11flwsftpy!19sChIJ79srX_wJxkcRezgaevcBmHk?authuser=0&hl=nl&rclk=1
13,Escape Factory Amsterdam,info@escapefactory.nl,https://escapefactory.nl/,020 205 0970,Amsterdam,markt organisatie,https://www.google.com/maps/place/Escape+Factory+Amsterdam/data=!4m7!3m6!1s0x47c609abac06430d:0x84ff5444f4da7d8b!8m2!3d52.3828917!4d4.9208128!16s%2Fg%2F11c0rncjn9!19sChIJDUMGrKsJxkcRi33a9ERU_4Q?authuser=0&hl=nl&rclk=1
13,SV-Westerpark,info@sv-westerpark.nl,http://www.sv-westerpark.nl/,06 43204585,Amsterdam,markt organisatie,https://www.google.com/maps/place/SV-Westerpark/data=!4m7!3m6!1s0x47c5e27bfa4a4e1b:0x1252a7c97166e0e0!8m2!3d52.3835533!4d4.8636691!16s%2Fg%2F1vxfzc0t!19sChIJG05K-nvixUcR4OBmccmnUhI?authuser=0&hl=nl&rclk=1
13,Carbon Events,info@carbonevents.nl,http://www.carbonevents.nl/,020 752 2781,Amsterdam,markt organisatie,https://www.google.com/maps/place/Carbon+Events/data=!4m7!3m6!1s0x47c609982ca90e5b:0xdd7407387e2da4fa!8m2!3d52.3393164!4d4.9200643!16s%2Fg%2F1hc5mbkm9!19sChIJWw6pLJgJxkcR-qQtfjgHdN0?authuser=0&hl=nl&rclk=1
13,possibilities open studio,info@possibilitiesopenstudio.com.,https://possibilitiesopenstudio.com/,,Amsterdam,markt organisatie,https://www.google.com/maps/place/possibilities+open+studio/data=!4m7!3m6!1s0x47c5e3b15ba3c46f:0xb35b94c3a3510de4!8m2!3d52.3787564!4d4.8652567!16s%2Fg%2F11vyhgnl36!19sChIJb8SjW7HjxUcR5A1Ro8OUW7M?authuser=0&hl=nl&rclk=1
13,Markt Alexanderpolder,mm@marktenmarkten.nl,http://www.marktenmarkten.nl/,,Rotterdam,markt organisatie,https://www.google.com/maps/place/Markt+Alexanderpolder/data=!4m7!3m6!1s0x47c5cd31a265b141:0xbbdeecd1fe79ff4a!8m2!3d51.9399669!4d4.5487465!16s%2Fg%2F11clymsdn8!19sChIJQbFlojHNxUcRSv95_tHs3rs?authuser=0&hl=nl&rclk=1
13,Markt Binnenrotte,marktenstz@rotterdam.nl,https://www.rotterdam.nl/markten,,Rotterdam,markt organisatie,https://www.google.com/maps/place/Markt+Binnenrotte/data=!4m7!3m6!1s0x47c4335bcdfe1781:0x84f1d0393c0f12d6!8m2!3d51.9229239!4d4.4851141!16s%2Fg%2F1hd_6rhhj!19sChIJgRf-zVszxEcR1hIPPDnQ8YQ?authuser=0&hl=nl&rclk=1
13,Jouw Marktkraam Rotterdam-Noord,rotterdam-noord@jouwmarktkraam.nl,http://jouwmarktkraamrotterdamnoord.nl/,,Rotterdam,markt organisatie,https://www.google.com/maps/place/Jouw+Marktkraam+Rotterdam-Noord/data=!4m7!3m6!1s0x47c433539ab309cb:0x890b6598cc56019a!8m2!3d51.9329396!4d4.4869254!16s%2Fg%2F11btx0n2ct!19sChIJywmzmlMzxEcRmgFWzJhlC4k?authuser=0&hl=nl&rclk=1
13,De Broodfabriek B.V.,info@de-broodfabriek.nl,http://www.de-broodfabriek.nl/,070 307 5900,Den Haag,markt organisatie,https://www.google.com/maps/place/De+Broodfabriek+B.V./data=!4m7!3m6!1s0x47c5b685bd97ed35:0xf58c5deaa98ad9bd!8m2!3d52.0364885!4d4.3303735!16s%2Fm%2F0hglnj4!19sChIJNe2XvYW2xUcRvdmKqepdjPU?authuser=0&hl=nl&rclk=1
13,Grote Markt Den Haag,info@gmdh.nl,https://gmdh.nl/,06 12968282,Den Haag,markt organisatie,https://www.google.com/maps/place/Grote+Markt+Den+Haag/data=!4m7!3m6!1s0x47c5b725dbec0001:0xbda49abf5a1d5e08!8m2!3d52.0757606!4d4.3089258!16s%2Fg%2F11gr64t06q!19sChIJAQDs2yW3xUcRCF4dWr-apL0?authuser=0&hl=nl&rclk=1
13,Huygenskwartier Voorburg,info@huygenskwartier.nl,http://www.huygenskwartier.nl/,,Den Haag,markt organisatie,https://www.google.com/maps/place/Huygenskwartier+Voorburg/data=!4m7!3m6!1s0x47c5b64cbe8f2813:0x1ae42c6993097193!8m2!3d52.066546!4d4.3615852!16s%2Fg%2F11g_fgd54!19sChIJEyiPvky2xUcRk3EJk2ks5Bo?authuser=0&hl=nl&rclk=1
13,Sniester,info@sniester.nl,http://sniester.nl/,070 363 4250,Den Haag,markt organisatie,https://www.google.com/maps/place/Sniester/data=!4m7!3m6!1s0x47c5b725db82c235:0x27c22b15158384a8!8m2!3d52.0759588!4d4.3084315!16s%2Fg%2F11c1wrps0h!19sChIJNcKC2yW3xUcRqISDFRUrwic?authuser=0&hl=nl&rclk=1
13,Marché Royal,info@MarcheRoyal.nl,https://www.facebook.com/MarcheRoyal,070 338 4400,Den Haag,markt organisatie,https://www.google.com/maps/place/March%C3%A9+Royal/data=!4m7!3m6!1s0x47c5b7172feb80fd:0xff877790947d16f8!8m2!3d52.0791205!4d4.3052494!16s%2Fg%2F11gnp9c0wt!19sChIJ_YDrLxe3xUcR-BZ9lJB3h_8?authuser=0&hl=nl&rclk=1
13,Zuiderpark,info@zuiderparkdenhaag.com,https://www.zuiderparkdenhaag.com/,14 070,Den Haag,markt organisatie,https://www.google.com/maps/place/Zuiderpark/data=!4m7!3m6!1s0x47c5b149f8928765:0xfeb1a6fca2db5909!8m2!3d52.0557933!4d4.2858237!16s%2Fg%2F122tprz8!19sChIJZYeS-EmxxUcRCVnbovymsf4?authuser=0&hl=nl&rclk=1
13,Erlebe Deinen Markt,info@wuwm.org,http://www.erlebedeinenmarkt.org/010_wuwm.html,070 361 1728,Den Haag,markt organisatie,https://www.google.com/maps/place/Erlebe+Deinen+Markt/data=!4m7!3m6!1s0x47c5b72feff15555:0x86360026b11111ff!8m2!3d52.0801721!4d4.3069378!16s%2Fg%2F11fm338xp0!19sChIJVVXx7y-3xUcR_xERsSYANoY?authuser=0&hl=nl&rclk=1
13,Neuzelbeurs,info@neuzelbeurs.nl,http://www.neuzelbeurs.nl/,070 307 5900,Den Haag,markt organisatie,https://www.google.com/maps/place/Neuzelbeurs/data=!4m7!3m6!1s0x47c5b6857d554cbf:0x639adc29873b4b2f!8m2!3d52.0362207!4d4.330449!16s%2Fg%2F1v_nbpvl!19sChIJv0xVfYW2xUcRL0s7hyncmmM?authuser=0&hl=nl&rclk=1
13,de Boterwaag,info@boterwaag.nl,https://www.boterwaag.nl/,085 087 6096,Den Haag,markt organisatie,https://www.google.com/maps/place/de+Boterwaag/data=!4m7!3m6!1s0x47c5b725e0ed2c2b:0xcf3847cf157ee421!8m2!3d52.0756527!4d4.3086867!16s%2Fg%2F1q67hqrys!19sChIJKyzt4CW3xUcRIeR-Fc9HOM8?authuser=0&hl=nl&rclk=1
13,De Haagse Toren,info@gadenhaag.nl,http://www.dehaagsetoren.nl/,070 747 0102,Den Haag,markt organisatie,https://www.google.com/maps/place/De+Haagse+Toren/data=!4m7!3m6!1s0x47c5b72f633fffff:0x1db93a2a681e8e25!8m2!3d52.077363!4d4.3065769!16s%2Fg%2F11hck1xq7k!19sChIJ__8_Yy-3xUcRJY4eaCo6uR0?authuser=0&hl=nl&rclk=1
13,Buurthuis in de 3 Krone,contact@buurthuisinde3krone.nl,https://buurthuisinde3krone.nl/,,Utrecht,markt organisatie,https://www.google.com/maps/place/Buurthuis+in+de+3+Krone/data=!4m7!3m6!1s0x47c66f5a64c32b3f:0x43a73d77be9fc7e3!8m2!3d52.0877148!4d5.1213767!16s%2Fg%2F1hc4yj04r!19sChIJPyvDZFpvxkcR48efvnc9p0M?authuser=0&hl=nl&rclk=1
13,Kringloop De Arm Hoograven,info@kringloopcentrumutrecht.nl,http://www.kringloopcentrumutrecht.nl/,030 280 1091,Utrecht,markt organisatie,https://www.google.com/maps/place/Kringloop+De+Arm+Hoograven/data=!4m7!3m6!1s0x47c665e85ea6d1c7:0x1ea1c639c5b79ca8!8m2!3d52.061207!4d5.1151429!16s%2Fg%2F1tfcsfcr!19sChIJx9GmXuhlxkcRqJy3xTnGoR4?authuser=0&hl=nl&rclk=1
13,DePlaatsmaker,info@deplaatsmaker.nl,https://deplaatsmaker.nl/,030 271 7677,Utrecht,markt organisatie,https://www.google.com/maps/place/DePlaatsmaker/data=!4m7!3m6!1s0x47c66f403c3b7b31:0x6fbe45c6987f906a!8m2!3d52.0976322!4d5.1166043!16s%2Fg%2F11fm33sfb5!19sChIJMXs7PEBvxkcRapB_mMZFvm8?authuser=0&hl=nl&rclk=1
13,Markt Smaragdplein,markten@utrecht.nl,https://www.utrecht.nl/wonen-en-leven/vrije-tijd/markten/,,Utrecht,markt organisatie,https://www.google.com/maps/place/Markt+Smaragdplein/data=!4m7!3m6!1s0x47c66593830813fd:0xd886c42a05868522!8m2!3d52.072561!4d5.1250171!16s%2Fg%2F11f658ymbl!19sChIJ_RMIg5NlxkcRIoWGBSrEhtg?authuser=0&hl=nl&rclk=1
13,Werkspoorkathedraal Utrecht,info@werkspoorkathedraal.nl,https://werkspoorkathedraal.nl/,030 305 0333,Utrecht,markt organisatie,https://www.google.com/maps/place/Werkspoorkathedraal+Utrecht/data=!4m7!3m6!1s0x47c66fa18faaaaab:0x78aaffbb15eb977!8m2!3d52.1056572!4d5.0801192!16s%2Fg%2F11c54p5z_4!19sChIJq6qqj6FvxkcRd7lesfuvigc?authuser=0&hl=nl&rclk=1
13,De Beursfabriek,info@beursfabriek.nl,https://beursfabriek.nl/,030 303 2700,Utrecht,markt organisatie,https://www.google.com/maps/place/De+Beursfabriek/data=!4m7!3m6!1s0x47c665defb91c197:0x6ccb13a633ee80db!8m2!3d52.0488142!4d5.0901508!16s%2Fg%2F11ydkfdmpw!19sChIJl8GR-95lxkcR24DuM6YTy2w?authuser=0&hl=nl&rclk=1
13,Uit in Eindhoven,info@uitineindhoven.nl,http://www.uitineindhoven.nl/,,Eindhoven,markt organisatie,https://www.google.com/maps/place/Uit+in+Eindhoven/data=!4m7!3m6!1s0x47c6d904dc65413f:0xfd2525a1e6fb7262!8m2!3d51.4333985!4d5.4303839!16s%2Fg%2F1tht0p90!19sChIJP0Fl3ATZxkcRYnL75qElJf0?authuser=0&hl=nl&rclk=1
13,Marktonderzoeksbureau Markteffect,info@markteffect.nl,https://markteffect.nl/,040 239 2290,Eindhoven,markt organisatie,https://www.google.com/maps/place/Marktonderzoeksbureau+Markteffect/data=!4m7!3m6!1s0x47c6d9039cdaa541:0x719c4da079f321b4!8m2!3d51.443117!4d5.475096!16s%2Fg%2F1tdl5bty!19sChIJQaXanAPZxkcRtCHzeaBNnHE?authuser=0&hl=nl&rclk=1
13,Thomas Eindhoven,Info@thomaseindhoven.nl,http://www.thomaseindhoven.nl/,040 844 0344,Eindhoven,markt organisatie,https://www.google.com/maps/place/Thomas+Eindhoven/data=!4m7!3m6!1s0x47c6d90255a1aa61:0x8babede89f5a2575!8m2!3d51.4369836!4d5.4804239!16s%2Fg%2F1td29k2f!19sChIJYaqhVQLZxkcRdSVan-jtq4s?authuser=0&hl=nl&rclk=1
13,Vastelastenbond,info@vastelastenbond.nl,https://www.vastelastenbond.nl/?utm_source=gmb&utm_medium=link&utm_campaign=vlb&utm_content=gmb,040 720 0200,Eindhoven,markt organisatie,https://www.google.com/maps/place/Vastelastenbond/data=!4m7!3m6!1s0x47c6d914aaaf7e25:0x58ac300e81826972!8m2!3d51.445475!4d5.4603479!16s%2Fg%2F1vh_7lvq!19sChIJJX6vqhTZxkcRcmmCgQ4wrFg?authuser=0&hl=nl&rclk=1
13,Sendcloud,contact@sendcloud.sc,https://www.sendcloud.nl/,,Eindhoven,markt organisatie,https://www.google.com/maps/place/Sendcloud/data=!4m7!3m6!1s0x47c6d91a14431087:0x860022c3fb44fc9d!8m2!3d51.4350479!4d5.4795048!16s%2Fg%2F11b63fs8hl!19sChIJhxBDFBrZxkcRnfxE-8MiAIY?authuser=0&hl=nl&rclk=1
13,W.Jansen Marktkramenverhuur,info@onsmien.nl,http://www.onsmien.nl/,06 17602900,Eindhoven,markt organisatie,https://www.google.com/maps/place/W.Jansen+Marktkramenverhuur/data=!4m7!3m6!1s0x47c6d8bcfe14821b:0xd112e483faffb346!8m2!3d51.4434173!4d5.5182348!16s%2Fg%2F1w0q_3s1!19sChIJG4IU_rzYxkcRRrP_-oPkEtE?authuser=0&hl=nl&rclk=1
13,Scouting Doornakkers,info@doornakkers.com,http://www.doornakkers.com/,040 281 1275,Eindhoven,markt organisatie,https://www.google.com/maps/place/Scouting+Doornakkers/data=!4m7!3m6!1s0x47c6d898fa4c856d:0xa93556d0e15456ad!8m2!3d51.4458697!4d5.5281117!16s%2Fg%2F1v_vs3w5!19sChIJbYVM-pjYxkcRrVZU4dBWNak?authuser=0&hl=nl&rclk=1
13,Helmond Centrum Management,info@helmondcentrum.nl,http://helmondcentrum.nl/,0492 554 184,Eindhoven,markt organisatie,https://www.google.com/maps/place/Helmond+Centrum+Management/data=!4m7!3m6!1s0x47c723e72c9158f9:0xa3eaade0a055b979!8m2!3d51.4806629!4d5.6566408!16s%2Fg%2F11f04474p3!19sChIJ-ViRLOcjx0cReblVoOCt6qM?authuser=0&hl=nl&rclk=1
13,Piet Hein Eek,info@robertknight.nl,http://www.pietheineek.nl/,040 304 1040,Eindhoven,markt organisatie,https://www.google.com/maps/place/Piet+Hein+Eek/data=!4m7!3m6!1s0x47c6d966297049ab:0x3961b51e7c3be9d7!8m2!3d51.4492115!4d5.4454942!16s%2Fg%2F1tkkt27v!19sChIJq0lwKWbZxkcR1-k7fB61YTk?authuser=0&hl=nl&rclk=1
13,Foodtruckbooking,info@foodtruckbooking.nl,http://www.foodtruckbooking.com/,,Eindhoven,markt organisatie,https://www.google.com/maps/place/Foodtruckbooking/data=!4m7!3m6!1s0x47c6d908bf7c89d5:0xa46144f499e81fdd!8m2!3d51.4296998!4d5.4683472!16s%2Fg%2F11c5b17fjl!19sChIJ1Yl8vwjZxkcR3R_omfREYaQ?authuser=0&hl=nl&rclk=1
13,Achtse Barrier Hartveilig,info@abhartveilig.nl,https://www.abhartveilig.nl/informatie/privacyverklaring,06 18671988,Eindhoven,markt organisatie,https://www.google.com/maps/place/Achtse+Barrier+Hartveilig/data=!4m7!3m6!1s0x47c6deb19683ffff:0xf0bc0f758ec0542c!8m2!3d51.4789138!4d5.4546706!16s%2Fg%2F11h4bsk1yt!19sChIJ__-DlrHexkcRLFTAjnUPvPA?authuser=0&hl=nl&rclk=1
13,Mettom Payrolling Eindhoven,info@mettom.nl,https://mettom.nl/?utm_source=GoogleMyBusiness&utm_medium=Organic&utm_campaign=GoogleMyBusiness,040 820 0398,Eindhoven,markt organisatie,https://www.google.com/maps/place/Mettom+Payrolling+Eindhoven/data=!4m7!3m6!1s0x4171cb26b5423f9f:0x64b1ac64133825ae!8m2!3d51.4478898!4d5.4585309!16s%2Fg%2F11b6b9r3gj!19sChIJnz9CtSbLcUERriU4E2SssWQ?authuser=0&hl=nl&rclk=1
13,MBM Bedrijfsfinancieringen B.V.,info@mbm-bedrijfsfinancieringen.nl,http://www.matchbymitch.nl/,06 34465867,Eindhoven,markt organisatie,https://www.google.com/maps/place/MBM+Bedrijfsfinancieringen+B.V./data=!4m7!3m6!1s0x47c6d9f6ea6a3de9:0x6cb326bab4568f47!8m2!3d51.4421!4d5.46613!16s%2Fg%2F11tww6fbq5!19sChIJ6T1q6vbZxkcRR49WtLoms2w?authuser=0&hl=nl&rclk=1
13,CKE - Cultuur & Kunst Eindhoven,info@cke.nl,https://cke.nl/?utm_source=google&utm_medium=googlebedrijfsprofiel,040 216 3263,Eindhoven,markt organisatie,https://www.google.com/maps/place/CKE+-+Cultuur+%26+Kunst+Eindhoven/data=!4m7!3m6!1s0x47c6d91a2425e2dd:0xe5b9b4da1a7c7aab!8m2!3d51.445066!4d5.4746666!16s%2Fg%2F1td5kxlt!19sChIJ3eIlJBrZxkcRq3p8Gtq0ueU?authuser=0&hl=nl&rclk=1
13,Top Events Food & Beverage Group,Info@top-eventsgroup.nl,http://www.top-eventsgroup.nl/,06 50730013,Eindhoven,markt organisatie,https://www.google.com/maps/place/Top+Events+Food+%26+Beverage+Group/data=!4m7!3m6!1s0x47c6d6e2e3f1c911:0x458271ca43e8d6b3!8m2!3d51.4411903!4d5.4667742!16s%2Fg%2F11cn2mc20l!19sChIJEcnx4-LWxkcRs9boQ8pxgkU?authuser=0&hl=nl&rclk=1
13,Peakz Padel Eindhoven Beursgebouw | Padelclub,info@peakzpadel.nl,https://www.peakzpadel.nl/locaties/beursgebouw,,Eindhoven,markt organisatie,https://www.google.com/maps/place/Peakz+Padel+Eindhoven+Beursgebouw+%7C+Padelclub/data=!4m7!3m6!1s0x47c6d9e6f8045605:0xb0db4d6fa76060a3!8m2!3d51.4430527!4d5.4759302!16s%2Fg%2F11s7ndfgsz!19sChIJBVYE-ObZxkcRo2Bgp29N27A?authuser=0&hl=nl&rclk=1
13,ParkingYou B.V.,info@parkingyou.nl,http://www.parkingyou.nl/,085 401 1647,Eindhoven,markt organisatie,https://www.google.com/maps/place/ParkingYou+B.V./data=!4m7!3m6!1s0x47c6d96f97112901:0x33ed49ee32948c35!8m2!3d51.4403122!4d5.4720048!16s%2Fg%2F11bz_8kbwx!19sChIJASkRl2_ZxkcRNYyUMu5J7TM?authuser=0&hl=nl&rclk=1
13,Stroom Recruitment Eindhoven | Supply Chain/Logistiek | Werving & selectie | Interim | van starter tot c-level,info@stroomrecruitment.com,https://www.stroomrecruitment.nl/,076 808 0123,Eindhoven,markt organisatie,https://www.google.com/maps/place/Stroom+Recruitment+Eindhoven+%7C+Supply+Chain%2FLogistiek+%7C+Werving+%26+selectie+%7C+Interim+%7C+van+starter+tot+c-level/data=!4m7!3m6!1s0x47c6d9fff4b06b73:0xe9d72cb2a71a36d7!8m2!3d51.4348568!4d5.4794234!16s%2Fg%2F11wnmmx5wl!19sChIJc2uw9P_ZxkcR1zYap7Is1-k?authuser=0&hl=nl&rclk=1
13,POPEI,info@popei.nl,http://www.popei.nl/,040 243 1444,Eindhoven,markt organisatie,https://www.google.com/maps/place/POPEI/data=!4m7!3m6!1s0x47c6d96aeef44879:0x8bc9ac932418f84!8m2!3d51.4493615!4d5.4574701!16s%2Fg%2F1tksh049!19sChIJeUj07mrZxkcRhI9BMsmavAg?authuser=0&hl=nl&rclk=1
13,Kerstmarkten,info@kerstmarkten.nl,https://www.kerstmarkten.nl/,06 18571554,Eindhoven,markt organisatie,https://www.google.com/maps/place/Kerstmarkten/data=!4m7!3m6!1s0x47c6d95a002bc365:0x71e3ca1e4f33e494!8m2!3d51.4223444!4d5.4319373!16s%2Fg%2F11kpj7n3vk!19sChIJZcMrAFrZxkcRlOQzTx7K43E?authuser=0&hl=nl&rclk=1
13,Scouting Panta Rhei,info@scoutingpantarhei.nl,http://www.scoutingpantarhei.nl/,,Eindhoven,markt organisatie,https://www.google.com/maps/place/Scouting+Panta+Rhei/data=!4m7!3m6!1s0x47c720ac6ae98313:0xb3638b152b44d713!8m2!3d51.4632892!4d5.563527!16s%2Fg%2F1tfs0916!19sChIJE4Ppaqwgx0cRE9dEKxWLY7M?authuser=0&hl=nl&rclk=1
13,buurtontmoeting Trompstraat2a,info@trompstraat2a.nl,https://trompstraat2a.nl/,,Eindhoven,markt organisatie,https://www.google.com/maps/place/buurtontmoeting+Trompstraat2a/data=!4m7!3m6!1s0x47c6d9cb55b50d8b:0x5908c9ae687ed0af!8m2!3d51.45159!4d5.4704206!16s%2Fg%2F11tch6bcp9!19sChIJiw21VcvZxkcRr9B-aK7JCFk?authuser=0&hl=nl&rclk=1
13,Graanfabriek,Hallo@graanfabriek.nl,https://www.graanfabriek.nl/,050 211 5186,Groningen,markt organisatie,https://www.google.com/maps/place/Graanfabriek/data=!4m7!3m6!1s0x47c9d2b6a4abf66d:0xe5c8b7865f353d3e!8m2!3d53.2141649!4d6.5974138!16s%2Fg%2F11f_p31r15!19sChIJbfarpLbSyUcRPj01X4a3yOU?authuser=0&hl=nl&rclk=1
13,Vlooienmarkt Eelde Flowerdome,info@vitalismarkten.nl,https://www.vitalismarkten.nl/nl/agenda,0591 611 411,Groningen,markt organisatie,https://www.google.com/maps/place/Vlooienmarkt+Eelde+Flowerdome/data=!4m7!3m6!1s0x47c82dd72023bda9:0x59afc3d16e14633e!8m2!3d53.1260113!4d6.597982!16s%2Fg%2F1tjppr6l!19sChIJqb0jINctyEcRPmMUbtHDr1k?authuser=0&hl=nl&rclk=1
13,Groningse 4daagse,info@groningse4daagse.nl,https://groningse4daagse.nl/,085 045 0060,Groningen,markt organisatie,https://www.google.com/maps/place/Groningse+4daagse/data=!4m7!3m6!1s0x47c9cd6e80936381:0xb289596fefc9aebe!8m2!3d53.2188135!4d6.5675217!16s%2Fg%2F11x1lqc285!19sChIJgWOTgG7NyUcRvq7J729ZibI?authuser=0&hl=nl&rclk=1
13,Oost Groningen,info@oost-groningen.net,http://www.oost-groningen.net/,050 792 0021,Groningen,markt organisatie,https://www.google.com/maps/place/Oost+Groningen/data=!4m7!3m6!1s0x47b7cd579f65cf8f:0xf07b310bef3e1115!8m2!3d53.1121607!4d7.0214769!16s%2Fg%2F11h60f7v_1!19sChIJj89ln1fNt0cRFRE-7wsxe_A?authuser=0&hl=nl&rclk=1
13,Martinitoren,info@vvvgroningen.nl,https://www.visitgroningen.nl/nl/plekken/stad/martinitoren,050 313 9741,Groningen,markt organisatie,https://www.google.com/maps/place/Martinitoren/data=!4m7!3m6!1s0x47c9cd50b7d9bbc3:0xe25a0f6b9b675895!8m2!3d53.2193699!4d6.5682226!16s%2Fg%2F1tdbv_kt!19sChIJw7vZt1DNyUcRlVhnm2sPWuI?authuser=0&hl=nl&rclk=1
13,Ocean41,info@ocean41.nl,https://www.ocean41.nl/,050 313 7108,Groningen,markt organisatie,https://www.google.com/maps/place/Ocean41/data=!4m7!3m6!1s0x47c9cd50d92d6ac9:0x22d8b3ba39d1af13!8m2!3d53.2181792!4d6.5676112!16s%2Fg%2F1tnmqzmv!19sChIJyWot2VDNyUcRE6_RObqz2CI?authuser=0&hl=nl&rclk=1
13,F. Marcelis' jaarmarkten,info@jaarmarkt.org,http://jaarmarkten.org/,013 542 3381,Tilburg,markt organisatie,https://www.google.com/maps/place/F.+Marcelis%27+jaarmarkten/data=!4m7!3m6!1s0x47c6be2664df7539:0xcbbc5b640a1d1906!8m2!3d51.569292!4d5.0767892!16s%2Fg%2F11dyzd6jd1!19sChIJOXXfZCa-xkcRBhkdCmRbvMs?authuser=0&hl=nl&rclk=1
13,VVV Almere,info@visitalmere.com,https://www.visitalmere.com/,036 548 5041,Almere,markt organisatie,https://www.google.com/maps/place/VVV+Almere/data=!4m7!3m6!1s0x47c616e161510253:0x30d59f6cbc68114d!8m2!3d52.3690546!4d5.2199165!16s%2Fg%2F1hc2zhqkd!19sChIJUwJRYeEWxkcRTRFovGyf1TA?authuser=0&hl=nl&rclk=1
13,Almere Jungle,info@almerejungle.nl,http://www.almerejungle.nl/,036 530 9930,Almere,markt organisatie,https://www.google.com/maps/place/Almere+Jungle/data=!4m7!3m6!1s0x47c61612299d5947:0x1003cf4ae604cbec!8m2!3d52.3417751!4d5.2696161!16s%2Fg%2F11cm0gbg6y!19sChIJR1mdKRIWxkcR7MsE5krPAxA?authuser=0&hl=nl&rclk=1
13,Weekmarkt Almere Poort,marktalmerepoort@kpnmail.nl,https://m.facebook.com/marktAlmerePoort/?locale2=nl_NL,06 41601238,Almere,markt organisatie,https://www.google.com/maps/place/Weekmarkt+Almere+Poort/data=!4m7!3m6!1s0x47c611733bf211dd:0x3019ac3a72ea1e4d!8m2!3d52.3570797!4d5.1537519!16s%2Fg%2F11h3pbcqq5!19sChIJ3RHyO3MRxkcRTR7qcjqsGTA?authuser=0&hl=nl&rclk=1
13,Oostwouder Events VOF,info@oostwouderevents.nl,https://www.oostwouderevents.nl/,036 525 3227,Almere,markt organisatie,https://www.google.com/maps/place/Oostwouder+Events+VOF/data=!4m7!3m6!1s0x47c616460e541ac1:0xcd71df4449a7f326!8m2!3d52.3607896!4d5.2605723!16s%2Fg%2F11c2ls7s07!19sChIJwRpUDkYWxkcRJvOnSUTfcc0?authuser=0&hl=nl&rclk=1
13,JCC Breda,info@jcc.nl,http://www.jcc.nl/,,Breda,markt organisatie,https://www.google.com/maps/place/JCC+Breda/data=!4m7!3m6!1s0x47c69f789dcbfd5b:0x757e428faeb03d58!8m2!3d51.5876623!4d4.7768149!16s%2Fg%2F1tj2mpb5!19sChIJW_3LnXifxkcRWD2wro9CfnU?authuser=0&hl=nl&rclk=1
13,Breepark,info@breepark.nl,http://breepark.nl/,076 763 0476,Breda,markt organisatie,https://www.google.com/maps/place/Breepark/data=!4m7!3m6!1s0x47c6a1ffc3cb587f:0xfdf2fe8803b70bec!8m2!3d51.5806655!4d4.8369512!16s%2Fg%2F11cmy4qpdd!19sChIJf1jLw_-hxkcR7Au3A4j-8v0?authuser=0&hl=nl&rclk=1
13,Breda voor Iedereen,info@bredavooriedereen.nl,http://bredavooriedereen.nl/,06 51381780,Breda,markt organisatie,https://www.google.com/maps/place/Breda+voor+Iedereen/data=!4m7!3m6!1s0x47c6a049cfb738ff:0xec86207b89ed9492!8m2!3d51.5833979!4d4.7749429!16s%2Fg%2F11c5sx1c_2!19sChIJ_zi3z0mgxkcRkpTtiXsghuw?authuser=0&hl=nl&rclk=1
13,Ontmoetingscentrum De Vlieren,info@devlierenbreda.nl,http://www.ocdevlieren.nl/,076 514 2855,Breda,markt organisatie,https://www.google.com/maps/place/Ontmoetingscentrum+De+Vlieren/data=!4m7!3m6!1s0x47c6a016bf52e483:0x6f9efcc04605c379!8m2!3d51.5729662!4d4.7512103!16s%2Fg%2F11c45c841m!19sChIJg-RSvxagxkcRecMFRsD8nm8?authuser=0&hl=nl&rclk=1
13,Grote Kerk Breda,info@grotekerkbreda.nl,https://grotekerkbreda.nl/,076 521 8267,Breda,markt organisatie,https://www.google.com/maps/place/Grote+Kerk+Breda/data=!4m7!3m6!1s0x47c69f8706caf4eb:0xa3ac769dda68a819!8m2!3d51.5890009!4d4.7757429!16s%2Fm%2F0bmh_8d!19sChIJ6_TKBoefxkcRGaho2p12rKM?authuser=0&hl=nl&rclk=1
13,STEK,info@stekbreda.nl,http://stekbreda.nl/,,Breda,markt organisatie,https://www.google.com/maps/place/STEK/data=!4m7!3m6!1s0x47c69f922395d4db:0x8b5e8fa41be1e819!8m2!3d51.5990138!4d4.7666352!16s%2Fg%2F11dxmjnh66!19sChIJ29SVI5KfxkcRGejhG6SPXos?authuser=0&hl=nl&rclk=1
13,intonijmegen,info@intonijmegen.com,https://www.intonijmegen.com/,,Nijmegen,markt organisatie,https://www.google.com/maps/place/intonijmegen/data=!4m7!3m6!1s0x47c709fa5a4b3263:0xfa949ac3a620fdfc!8m2!3d51.842886!4d5.8559278!16s%2Fg%2F11jgt690pm!19sChIJYzJLWvoJx0cR_P0gpsOalPo?authuser=0&hl=nl&rclk=1
13,Hangar 11 (Vliegveld Twenthe),info@vliegveldtwenthe.nl,http://www.vliegveldtwenthe.nl/,,Nijmegen,markt organisatie,https://www.google.com/maps/place/Hangar+11+%28Vliegveld+Twenthe%29/data=!4m7!3m6!1s0x47b8114b27827f25:0x91508ff093923f64!8m2!3d52.2671864!4d6.9040131!16s%2Fg%2F11j00rpfzv!19sChIJJX-CJ0sRuEcRZD-Sk_CPUJE?authuser=0&hl=nl&rclk=1
13,NYMA makersplaats,info@nymamakersplaats.nl,http://www.nymamakersplaats.nl/,06 43233990,Nijmegen,markt organisatie,https://www.google.com/maps/place/NYMA+makersplaats/data=!4m7!3m6!1s0x47c709a889f9900b:0x887cea3ba2d0d4b7!8m2!3d51.8565514!4d5.8379132!16s%2Fg%2F11rzjjk9h7!19sChIJC5D5iagJx0cRt9TQojvqfIg?authuser=0&hl=nl&rclk=1
13,Goffertpark Nijmegen,info@goffertparknijmegen.nl.,https://www.goffertparknijmegen.nl/,,Nijmegen,markt organisatie,https://www.google.com/maps/place/Goffertpark+Nijmegen/data=!4m7!3m6!1s0x47c7097b99051235:0x48464b06b5ebbd28!8m2!3d51.827502!4d5.833903!16s%2Fg%2F11gkzw4x1q!19sChIJNRIFmXsJx0cRKL3rtQZLRkg?authuser=0&hl=nl&rclk=1
13,Het Theezaakje 🫖,info@het-theezaakje.nl,https://www.het-theezaakje.nl/,024 750 3523,Nijmegen,markt organisatie,https://www.google.com/maps/place/Het+Theezaakje+%F0%9F%AB%96/data=!4m7!3m6!1s0x47c7086eb492f075:0x211a065f7e23c628!8m2!3d51.8481584!4d5.8592495!16s%2Fg%2F11clv9nvhf!19sChIJdfCStG4Ix0cRKMYjfl8GGiE?authuser=0&hl=nl&rclk=1
13,Hatert Markt - elke woensdag,info@uwmarktspecialist.nl,https://www.uwmarktspecialist.nl/markten/markt/hatert/nijmegen/woensdag/centrum-55/,,Nijmegen,markt organisatie,https://www.google.com/maps/place/Hatert+Markt+-+elke+woensdag/data=!4m7!3m6!1s0x47c709b7003ba387:0x1863454072687e6c!8m2!3d51.8070028!4d5.8250542!16s%2Fg%2F11hzn4vzmg!19sChIJh6M7ALcJx0cRbH5ockBFYxg?authuser=0&hl=nl&rclk=1
13,Markthal Didam,info@markthaldidam.nl,http://www.markthaldidam.nl/,0316 523 219,Nijmegen,markt organisatie,https://www.google.com/maps/place/Markthal+Didam/data=!4m7!3m6!1s0x47c79ed1e8c6e88d:0xdc5578d88314b990!8m2!3d51.9406469!4d6.1293852!16s%2Fg%2F11f1302s2m!19sChIJjejG6NGex0cRkLkUg9h4Vdw?authuser=0&hl=nl&rclk=1
13,Citystore Rijk van Nijmegen - Tourist Information 🗺,info@citystorenijmegen.com,https://www.visitnijmegen.com/plan-je-bezoek/citystorenijmegen,0900 1122344,Nijmegen,markt organisatie,https://www.google.com/maps/place/Citystore+Rijk+van+Nijmegen+-+Tourist+Information+%F0%9F%97%BA/data=!4m7!3m6!1s0x47c7085d03c09565:0x758d02b6140fe039!8m2!3d51.8475146!4d5.8632106!16s%2Fg%2F1tdq9th7!19sChIJZZXAA10Ix0cROeAPFLYCjXU?authuser=0&hl=nl&rclk=1
13,Stevenskerk,info@stevenskerk.nl,https://www.stevenskerk.nl/,024 360 4710,Nijmegen,markt organisatie,https://www.google.com/maps/place/Stevenskerk/data=!4m7!3m6!1s0x47c708438abd1aed:0x423b669a721b3e5f!8m2!3d51.8480072!4d5.8626845!16s%2Fg%2F1wv_rfx7!19sChIJ7Rq9ikMIx0cRXz4bcppmO0I?authuser=0&hl=nl&rclk=1
13,Slagwerkgroep Neerbosch-Oost,info@slagwerkneerbosch-oost.nl,https://www.slagwerkneerbosch-oost.nl/,,Nijmegen,markt organisatie,https://www.google.com/maps/place/Slagwerkgroep+Neerbosch-Oost/data=!4m7!3m6!1s0x47c7063204b5915d:0x79ca27c3395df03c!8m2!3d51.8309878!4d5.8127996!16s%2Fg%2F11b7gl6vhc!19sChIJXZG1BDIGx0cRPPBdOcMnynk?authuser=0&hl=nl&rclk=1
13,NYMA,info@nymanijmegen.nl,https://www.nymanijmegen.nl/,,Nijmegen,markt organisatie,https://www.google.com/maps/place/NYMA/data=!4m7!3m6!1s0x47c709c320d9984b:0x1f4ac777fd984b18!8m2!3d51.8561217!4d5.8391287!16s%2Fg%2F11vby75tv0!19sChIJS5jZIMMJx0cRGEuY_XfHSh8?authuser=0&hl=nl&rclk=1
13,Oranjelent,info@oranjelent.nl,http://www.oranjelent.nl/,,Nijmegen,markt organisatie,https://www.google.com/maps/place/Oranjelent/data=!4m7!3m6!1s0x47c709583cef8b2f:0x88ec92c7d8b1a485!8m2!3d51.8675396!4d5.8618697!16s%2Fg%2F11j8f4tg7x!19sChIJL4vvPFgJx0cRhaSx2MeS7Ig?authuser=0&hl=nl&rclk=1
13,bvcnl,info@bvcnl.nl,https://bvcnl.nl/contact/,,Haarlem,markt organisatie,https://www.google.com/maps/place/bvcnl/data=!4m7!3m6!1s0x47c66b6d33b29965:0x2eb83ff578c5dc15!8m2!3d52.3870157!4d4.6528594!16s%2Fg%2F11h4ydjvdx!19sChIJZZmyM21rxkcRFdzFePU_uC4?authuser=0&hl=nl&rclk=1
13,Waalse Kerk Haarlem⛪,info@waalsekerkhaarlem.nl,http://www.waalsekerkhaarlem.nl/,,Haarlem,markt organisatie,https://www.google.com/maps/place/Waalse+Kerk+Haarlem%E2%9B%AA/data=!4m7!3m6!1s0x47c5ef6eac878693:0x4f36049541e081f1!8m2!3d52.3824864!4d4.6391539!16s%2Fm%2F0g5rd00!19sChIJk4aHrG7vxUcR8YHgQZUENk8?authuser=0&hl=nl&rclk=1
13,HAARLEM CULINAIR,info@haarlemculinair.nl,http://haarlemculinair.nl/,023 542 4332,Haarlem,markt organisatie,https://www.google.com/maps/place/HAARLEM+CULINAIR/data=!4m7!3m6!1s0x47c5ef6b74c4c707:0x8e8d0f23d83fb9fb!8m2!3d52.3812156!4d4.6349988!16s%2Fg%2F11c1wzg_rf!19sChIJB8fEdGvvxUcR-7k_2CMPjY4?authuser=0&hl=nl&rclk=1
13,De Grote of St. Bavokerk te Haarlem,info@bavo.nl,https://www.bavo.nl/,023 553 2040,Haarlem,markt organisatie,https://www.google.com/maps/place/De+Grote+of+St.+Bavokerk+te+Haarlem/data=!4m7!3m6!1s0x47c5ef6bea0a4215:0x2cefd774cf4e0dab!8m2!3d52.381141!4d4.6372071!16s%2Fg%2F1tj72sps!19sChIJFUIK6mvvxUcRqw1Oz3TX7yw?authuser=0&hl=nl&rclk=1
13,De Vishal,info@devishal.nl,https://www.devishal.nl/,,Haarlem,markt organisatie,https://www.google.com/maps/place/De+Vishal/data=!4m7!3m6!1s0x47c5efc8429eee6b:0xeb877b4231a1ebb8!8m2!3d52.381288!4d4.6364368!16s%2Fm%2F0n489j0!19sChIJa-6eQsjvxUcRuOuhMUJ7h-s?authuser=0&hl=nl&rclk=1
13,MAAK Haarlem,info@maakhaarlem.nl,http://www.maakhaarlem.nl/,023 820 0587,Haarlem,markt organisatie,https://www.google.com/maps/place/MAAK+Haarlem/data=!4m7!3m6!1s0x47c5ef62f6c70129:0x46951faf23034865!8m2!3d52.3848693!4d4.6570592!16s%2Fg%2F11ckvvv1wh!19sChIJKQHH9mLvxUcRZUgDI68flUY?authuser=0&hl=nl&rclk=1
13,Markt Enschede,info@marktenschede.nl,https://www.marktenschede.nl/,06 41608901,Enschede,markt organisatie,https://www.google.com/maps/place/Markt+Enschede/data=!4m7!3m6!1s0x47b81522c6c4126b:0x68ad11516905b208!8m2!3d52.2175561!4d6.8975117!16s%2Fg%2F11x5kcrt48!19sChIJaxLExiIVuEcRCLIFaVERrWg?authuser=0&hl=nl&rclk=1
13,Grote Kerk,info@pgenschede.nl,http://www.pgenschede.nl/grotekerk,053 485 8585,Enschede,markt organisatie,https://www.google.com/maps/place/Grote+Kerk/data=!4m7!3m6!1s0x47b814739634d427:0xff75bef8d740f697!8m2!3d52.2206907!4d6.8958917!16s%2Fg%2F121ts_1r!19sChIJJ9Q0lnMUuEcRl_ZA1_i-df8?authuser=0&hl=nl&rclk=1
13,Military Boekelo Enschede,info@military-boekelo.nl,https://www.military-boekelo.nl/,053 428 2831,Enschede,markt organisatie,https://www.google.com/maps/place/Military+Boekelo+Enschede/data=!4m7!3m6!1s0x47b812fb9ffff99d:0x54f74a956c83fd15!8m2!3d52.2026294!4d6.811338!16s%2Fg%2F1tcxhvlm!19sChIJnfn_n_sSuEcRFf2DbJVK91Q?authuser=0&hl=nl&rclk=1
13,S.V. Tuks,info@tuks.dev,http://tuks.dev/,,Enschede,markt organisatie,https://www.google.com/maps/place/S.V.+Tuks/data=!4m7!3m6!1s0x47b815537b5d2e77:0x6d1b12774b71050d!8m2!3d52.2197058!4d6.8889784!16s%2Fg%2F11tddbb6g9!19sChIJdy5de1MVuEcRDQVxS3cSG20?authuser=0&hl=nl&rclk=1
13,De Wonne Enschede,info@dewonne.nl,https://dewonne.nl/,053 431 8787,Enschede,markt organisatie,https://www.google.com/maps/place/De+Wonne+Enschede/data=!4m7!3m6!1s0x47b814737b19fdb1:0xc20874c22a30b37e!8m2!3d52.2221277!4d6.8951809!16s%2Fg%2F1td2lkj6!19sChIJsf0Ze3MUuEcRfrMwKsJ0CMI?authuser=0&hl=nl&rclk=1
13,Kennispunt Twente,info@kennispunttwente.nl,http://kennispunttwente.nl/,053 487 6720,Enschede,markt organisatie,https://www.google.com/maps/place/Kennispunt+Twente/data=!4m7!3m6!1s0x47b814768305540f:0x21096701cd0bcd2d!8m2!3d52.2187566!4d6.890941!16s%2Fg%2F11c717xzgj!19sChIJD1QFg3YUuEcRLc0LzQFnCSE?authuser=0&hl=nl&rclk=1
13,Huis voor Taal & Meedoen,info@huisvoortaalenmeedoen.nl,https://www.huisvoortaalenmeedoen.nl/,06 42079378,Enschede,markt organisatie,https://www.google.com/maps/place/Huis+voor+Taal+%26+Meedoen/data=!4m7!3m6!1s0x47b8140927f9c78b:0xe75b0db2e3493f44!8m2!3d52.2190678!4d6.8934256!16s%2Fg%2F11hdrwm4vf!19sChIJi8f5JwkUuEcRRD9J47INW-c?authuser=0&hl=nl&rclk=1
13,Twente Board,info@twenteboard.nl,https://twenteboard.nl/,085 022 0605,Enschede,markt organisatie,https://www.google.com/maps/place/Twente+Board/data=!4m7!3m6!1s0x47b8153bc4cd79d1:0x9333f5fd6a6ac44e!8m2!3d52.2206275!4d6.890486!16s%2Fg%2F11rhj8zjj6!19sChIJ0XnNxDsVuEcRTsRqav31M5M?authuser=0&hl=nl&rclk=1
13,Boekelo,info@soundgardens.nl,http://www.boekelo.info/,053 428 1680,Enschede,markt organisatie,https://www.google.com/maps/place/Boekelo/data=!4m7!3m6!1s0x47b8128bcabb222b:0x9d74f47a33ded363!8m2!3d52.20572!4d6.7962882!16s%2Fg%2F1v6p7yg5!19sChIJKyK7yosSuEcRY9PeM3r0dJ0?authuser=0&hl=nl&rclk=1
13,Rézi Organisaties Bv,info@rezimarkten.nl,https://www.rezimarkten.nl/,,Enschede,markt organisatie,https://www.google.com/maps/place/R%C3%A9zi+Organisaties+Bv/data=!4m7!3m6!1s0x47b86b7d16ffffff:0xe45283383f0e663c!8m2!3d52.1282171!4d6.8666269!16s%2Fg%2F11fmtlwv4q!19sChIJ____Fn1ruEcRPGYOPziDUuQ?authuser=0&hl=nl&rclk=1
13,Concordia,info@concordia.nl,https://www.concordia.nl/,053 430 0999,Enschede,markt organisatie,https://www.google.com/maps/place/Concordia/data=!4m7!3m6!1s0x47b81473bfa10447:0x95e2a8ae31248d89!8m2!3d52.2211581!4d6.8958525!16s%2Fg%2F1z3t2y4yj!19sChIJRwShv3MUuEcRiY0kMa6o4pU?authuser=0&hl=nl&rclk=1
13,Jouw Marktkraam Enschede,enschede@jouwmarktkraam.nl,http://www.jouwmarktkraamenschede.nl/,06 42521752,Enschede,markt organisatie,https://www.google.com/maps/place/Jouw+Marktkraam+Enschede/data=!4m7!3m6!1s0x47b813864febeee7:0xa2ef8a89a9165f1a!8m2!3d52.2122665!4d6.8810018!16s%2Fg%2F11b5pjh_8x!19sChIJ5-7rT4YTuEcRGl8WqYmK76I?authuser=0&hl=nl&rclk=1
