Name,Email,Website,Phone,Maps URL,City,Query
Doosopmaat.nl BV,sales@doosopmaat.nl,,,,,Recovered from log
Packaging Discounter B.V. | Do,info@packagingdiscounter.nl,,,,,Recovered from log
"Recypack BV, Duurzaam verpakke",info@recypack.nl,,,,,Recovered from log
Kdoos Verpakkingen,info@kdoos.nl,,,,,Recovered from log
Verpakkingsmateriaal.nu,info@panhuijsen.nl,,,,,Recovered from log
Verpakgigant Verpakkingsmateri,support@verpakgigant.nl,,,,,Recovered from log
Paco Verpakkingen,info@pacoverpakkingen.nl,,,,,Recovered from log
Kuyl disposables B.V.,info@kuylbv.nl,,,,,Recovered from log
Verpakking Voordeel,info@verpakkingvoordeel.nl,,,,,Recovered from log
JK Verpakking / De Horecaspeci,info@jkverpakking.nl,,,,,Recovered from log
FD Verpakkingen,info@fdverpakkingen.nl,,,,,Recovered from log
ATA PACK | Groothandel Verpakk,info@atapack.nl,,,,,Recovered from log
Goedkoop-verpakking,info@goedkoop-verpakking.nl,,,,,Recovered from log
Nipak BV - Anders Verpakken,info@nipak.nl,,,,,Recovered from log
H.A.S. Groothandel B.V.,info@hasgroothandel.nl,,,,,Recovered from log
Firma J.J. Becker Verpakkingen,info@becker-verpakkingen.nl,,,,,Recovered from log
Schouten Driepak Verpakking,info@driepakverpakkingen.nl,,,,,Recovered from log
Westland Verpakkingen,info@westlandverpakkingen.nl,,,,,Recovered from log
VerpakkingenXL - Kantooradres,info@verpakkingenxl.nl,,,,,Recovered from log
Brocacef supplies,dpo@brocacef.nl.,,,,,Recovered from log
SVG-Kapteyn,info@svg-kapteyn.nl,,,,,Recovered from log
Packaging.nl,info@packaging.nl,,,,,Recovered from log
Three Stars b.v.,info@threestars.nl,,,,,Recovered from log
Profipack Verpakkingsmateriale,verkoop@profipack.nl,,,,,Recovered from log
Contimeta Nederland,info@contimeta.com,,,,,Recovered from log
Barneveld Verpakkingen B.V.,info@barneveld-verpakkingen.nl,,,,,Recovered from log
Beko Groothandel | DC midden |,info@beko-groothandel.nl,,,,,Recovered from log
Ultrapak B.V.,info@ultrapak.nl,,,,,Recovered from log
Pellikaan Verpakkingen BV,info@pellikaan.nl,,,,,Recovered from log
Vermeij B.V. Groothandel in Ve,contact@vermeij.nl,,,,,Recovered from log
Jongeneel Verpakkingen BV,info@jongeneelverpakking.nl,,,,,Recovered from log
Brabo Verpakking B.V.,info@braboverpakking.nl,,,,,Recovered from log
Flexpak Transparant Verpakking,orders@flexpak.nl,,,,,Recovered from log
EXPORT PACKING BV,info@exportpacking.nl,,,,,Recovered from log
ER Verpakkingen,info@erverpakkingen.nl,,,,,Recovered from log
Verpakkingsindustrie Veenendaa,info@viv.nl,,,,,Recovered from log
ZPH Verpakkingen BV,info@zph-verpakkingen.nl,,,,,Recovered from log
Baas Verpakkingen,info@baasverpakkingen.nl,,,,,Recovered from log
Verpakkingsmaterialen,verkoop@verpakkingsmaterialen.nl,,,,,Recovered from log
Van Gennip Verpakking,info@gennip.nl,,,,,Recovered from log
Labro Verpakkingen BV,info@labro.nl,,,,,Recovered from log
Van Veghel Industrial Packagin,sales@nicsell.com,,,,,Recovered from log
Menga Trading,info@mengatrading.com,,,,,Recovered from log
Faes,info@faes.nl,,,,,Recovered from log
Dropgigant,info@dropgigant.nl,,,,,Recovered from log
Sikkema Verpakking,info@sikkemaverpakking.nl,,,,,Recovered from log
HANOS Groningen,receptie_groningen@hanos.nl,,,,,Recovered from log
Noordpak Verpakking B.V.,info@noordpak.nl,,,,,Recovered from log
Bonsema Packaging Group,info@bonsema-verpakking.nl,,,,,Recovered from log
BS Verpakkingen B.V.,info@bsverpakkingen.nl,,,,,Recovered from log
Dozenhandel Brabant B.V.,info@dozenhandelbrabant.nl,,,,,Recovered from log
Pont Packaging BV,sales@pontuk.com,,,,,Recovered from log
Hoogstraten Verpakkingsmateria,hoogstraten@dimensio.nl,,,,,Recovered from log
My Pack Horeca Groothandel,info@my-pack.nl,,,,,Recovered from log
Dimensio Groep,info@dimensio.nl,,,,,Recovered from log
123 Kartonnen Dozen - Speciali,info@123kartonnendozen.nl,,,,,Recovered from log
Havelaar Verpakkingen B.V.,verkoop@havelaar-verpakkingen.nl,,,,,Recovered from log
Bunzl,sales.almere@bunzl.nl,,,,,Recovered from log
WE BOX IT,info@weboxit.nl,,,,,Recovered from log
Cargo Packaging,info@cargopackaging.nl,,,,,Recovered from log
Spring Creative Packaging BV,hello@springpackaging.nl,,,,,Recovered from log
Akdag Groothandel B.V,info@akdaggroothandel.nl,,,,,Recovered from log
Hodi Verpakkingsmaterialen BV,verkoop@hodi.nl,,,,,Recovered from log
Koemans Verpakkingen B.V.,verkoop@koemansverpakkingen.nl,,,,,Recovered from log
Trade Bazaar B.V.,tradebazaar@hotmail.com,,,,,Recovered from log
Van Wezel Verpakkingen Breda,info@vanwezel.nl,,,,,Recovered from log
Verpakking & Zo,info@verpakkingenzo.nl,,,,,Recovered from log
Superdoos B.V. - Dozen op maat,klantenservice@superdoos.nl,,,,,Recovered from log
Wegro Verpakkingen,info@wegroverpakkingen.nl,,,,,Recovered from log
Nedupack Thermoforming B.V.,info@nedupack.nl,,,,,Recovered from log
A Plast B.V.,info@aplast.nl,,,,,Recovered from log
House of Products B.V.,hello@houseofproducts.com,,,,,Recovered from log
Vadrupak B.V.,info@vadrupak.nl,,,,,Recovered from log
Trimbach Dozen B.V.,info@trimbachdozen.nl,,,,,Recovered from log
Eurofolie B.V.,verkoop@eurofolie.nl,,,,,Recovered from log
GOPACK BV,info@gopack.nl,,,,,Recovered from log
BVP Verpakkingen B.V.,info@bvp.nl,,,,,Recovered from log
RAJAPACK Nederland,sales@rajapack.nl,,,,,Recovered from log
Mokrupak Verpakkingen & Dispos,info@mokrupak.nl,,,,,Recovered from log
Janssen Packaging,info-arnhem@bunzl.nl,,,,,Recovered from log
Brabopak,mail@brabopak.com,,,,,Recovered from log
MMB Verpakkingen B.V.,info@mmbverpakkingen.nl,,,,,Recovered from log
Papyrasse,info@papyrasse.nl,,,,,Recovered from log
FROMM Nederland B.V.,info@fromm.nl,,,,,Recovered from log
Groothandel verpakkingsmateria,info@dtsd.nl,,,,,Recovered from log
Macropack B.V. | Verpakkingsbe,sales@macropack.nl,,,,,Recovered from log
Krabbendam Kadoverpakking BV,sales@krabbendam.nl,,,,,Recovered from log
Dampack International B.V.,info@dampack.nl,,,,,Recovered from log
PeroPack,info@peropack.be,,,,,Recovered from log
Bozikova verpakkingen en dispo,info@bozikova.nl,,,,,Recovered from log
Uniek verpakkingen,info@uniekverpakkingen.nl,,,,,Recovered from log
Twepa,info@twepa.nl,,,,,Recovered from log
PACKcenter Verpakkingen Almelo,info@packcenter.nl,,,,,Recovered from log
Zontopper - Groothandel in zon,info@zontopper.nl,,,,,Recovered from log
Rotim Verpakkingen,info@rotim.nl,,,,,Recovered from log
Eggink Verpakkingen Enschede,industrie@eggink-verpakkingen.com,,,,,Recovered from log
Impack Verpakkingen,info@im-pack.com,,,,,Recovered from log
Tieke Packaging vof,info@tiekepackaging.nl,,,,,Recovered from log
Klingele Golfkarton,webshop@klingele.com,,,,,Recovered from log
Makro Hengelo,contact@makro.nl,,,,,Recovered from log
Dozencentrale (Dozen Op Maat),verkoop@dozencentrale.nl,,,,,Recovered from log
Kilsdonk Packaging & Presentat,info@kilsdonkpackaging.nl,,,,,Recovered from log
IPP Packaging Materials,info@ipp-pm.com,,,,,Recovered from log
MMF Transparant B.V.,info@mmftransparant.nl,,,,,Recovered from log
Vendrig Packaging,info@vendrigpackaging.com,,,,,Recovered from log
Kerklau Shop Supplies,info@kerklau.nl,,,,,Recovered from log
Wellpack Verpakkingen,webmaster@wellpack.nl,,,,,Recovered from log
Kartonplus,info@kartonplus.nl,,,,,Recovered from log
Decoma B.V. - Groot in verpakk,klantenservice@decoma.nl,,,,,Recovered from log
VHK Kantoorartikelen,info@vhkbv.nl,,,,,Recovered from log
Keizer International B.V.,info@keizerinternational.com,,,,,Recovered from log
Verzendverpakkingenshop,info@verzendverpakkingenshop.nl,,,,,Recovered from log
D-Box Verpakkingen B.V.,info@d-box.nl,,,,,Recovered from log
Ompak B.V.,info@ompak.nl,,,,,Recovered from log
Musdeco,info@snoepverpakking.nl,,,,,Recovered from log
Van Walraven Amersfoort,amersfoort@vanwalraven.com,,,,,Recovered from log
VPP Packaging B.V.,info@vpp.nl,,,,,Recovered from log
Impact Verpakken & Verpakkinge,info@impactverpakken.nl,,,,,Recovered from log
Barneveldse Dozenhandel B.V.,info@dozenhandel.nl,,,,,Recovered from log
Inpakspot,info@inpakspot.nl,,,,,Recovered from log
Demca | Officiële Smipack Impo,info@demca.nl,,,,,Recovered from log
V.S.S. Verpakkingen,info@vssverpakkingen.com,,,,,Recovered from log
verpakkingendirect,info@dozendeal.nl,,,,,Recovered from log
Horecavoordeelshop,info@horecavoordeelshop.nl,,,,,Recovered from log
Velpa Zutphen B.V.,info@velpa.nl,,,,,Recovered from log
Marhaba Halal Food B.V.,info@marhabafood.com,,,,,Recovered from log
Zonpack,info@zonpack.nl,,,,,Recovered from log
Frapak Packaging,sales@frapak.com,,,,,Recovered from log
Alupet,info@alupet.com,,,,,Recovered from log
FF-PACKAGING,info@ff-packaging.com,,,,,Recovered from log
Sabé Verpakkingen,info@sabeverpakkingen.nl,,,,,Recovered from log
Dirksen Verpakkingen,info@dirksenverpakkingen.nl,,,,,Recovered from log
Eipack B.V.,info@eipack.nl,,,,,Recovered from log
Amfors Productiebedrijf,info@amfors.nl,,,,,Recovered from log
De Kruiden Koning,info@dekruidenkoning.nl,,,,,Recovered from log
Amazing Oriental Duivendrecht,info@orientalholding.com,,,,,Recovered from log
vacuumverpakt.nl,info@vacuumverpakt.nl,,,,,Recovered from log
Eco-Groothandel,inkoop@eco-groothandel.nl,,,,,Recovered from log
Caspi Europe B.V.,info@caspieurope.com,,,,,Recovered from log
Azimli Horeca Groothandel/ M&O,infoazimli@gmail.com,,,,,Recovered from log
BioDisposables.shop,info@disposablegroup.com,,,,,Recovered from log
VerpakkingsExpress,info@verpakkingsexpress.nl,,,,,Recovered from log
Deepak Packaging,info@deepakpackaging.nl,,,,,Recovered from log
PRO PACKING B.V.,info@propacking.nl,,,,,Recovered from log
Paul van Dillen,info@paulvandillen.nl,,,,,Recovered from log
Boxo,sales@serenco.nl,,,,,Recovered from log
Cobra Suspension,info@cobra-suspension.com,,,,,Recovered from log
BOXO I herbruikbare statiegeld,contact@boxo.nu,,,,,Recovered from log
Vital Supply - de collageenpoe,service@vital-supply.com,,,,,Recovered from log
Horeca Vlees Centrum Maarssen,Info@horecavleescentrum.nl,,,,,Recovered from log
Horeca.com,info@horeca.com,,,,,Recovered from log
Rundvlees & Co B.V.,bestellingen@rundvleesco.nl,,,,,Recovered from log
Plexiglas discounter,info@plexiglasdiscounter.nl,,,,,Recovered from log
Must Have Malts,info@musthavemalts.com,,,,,Recovered from log
Power Components B.V.,info@powercomponents.nl,,,,,Recovered from log
DYKA Utrecht,utrecht@dyka.nl,,,,,Recovered from log
Simple Deal,klantenservice@simpledeal.nl,,,,,Recovered from log
DEM GOOD CHAI,info@demgoodchai.com,,,,,Recovered from log
IT'S A PRESENT! UTRECHT,webshop@itsapresent.nl,,,,,Recovered from log
NLW Groep Venray,info@nlw.nl,,,,,Recovered from log
CorLog Verpakkingen,guido@corlog.nl,,,,,Recovered from log
Horecagoedkoop.nl,info@horecagoedkoop.nl,,,,,Recovered from log
Lasaulec,klantenservice@lasaulec.nl,,,,,Recovered from log
Wovar,info@wovar.nl,,,,,Recovered from log
INDI,klantenservice@indi.nl,,,,,Recovered from log
Dutch Petfood B.V.,info@dutchpetfood.nl,,,,,Recovered from log
Kopak BV,info@kopakbv.nl,,,,,Recovered from log
Equipe Trading B.V.,info@equipe-trading.com,,,,,Recovered from log
Zpp Etalagematerialen,info@zppetalagematerialen.nl,,,,,Recovered from log
CarParts-Expert,support@carparts-expert.com,,,,,Recovered from log
SOS PUMP,webshop@sospump.nl,,,,,Recovered from log
Cristallo,info@mozaiekpakket.nl,,,,,Recovered from log
Zoektuwat,rob@zoektuwat.nl,,,,,Recovered from log
Versteijnen Logistic Services,info@versteijnen.com,,,,,Recovered from log
FMM Holding B.V.,GlobalSales@innoseal.com,,,,,Recovered from log
Ladoc,info@ladoc.nl,,,,,Recovered from log
UMI. Headspa,info@umiheadspa.com,,,,,Recovered from log
Youngsunpack Europe B.V.,info@youngsunpack.nl,,,,,Recovered from log
SEM Fulfilment,info@semfulfilment.nl,,,,,Recovered from log
Kuypers Graszoden | Gazonplus.,info@kuypersgraszoden.nl,,,,,Recovered from log
CUPSZ Printed Round Cardboard,sales@cupsz.com,,,,,Recovered from log
Het Groene Paradijs BV,info@groeneparadijs.nl,,,,,Recovered from log
Erma Verpakkingen,info@erma.nl,,,,,Recovered from log
Horeca Groothandel Tilburg,verkoop@hgt-tilburg.nl,,,,,Recovered from log
Global Co-packing,info@globalcopacking.nl,,,,,Recovered from log
Catalonie Glas Verpakkingen B.,info@catalonieglas.nl,,,,,Recovered from log
Van Dommelen Luxe Verpakkingsm,dommelen@mooipapier.com,,,,,Recovered from log
Paper Planet B.V. | Verpakking,info@paperplanet.nl,,,,,Recovered from log
Welkoop Enschede,klantenservice@welkoop.nl.,,,,,Recovered from log
DraagtasDirect.nl,info@draagtasdirect.nl,,,,,Recovered from log
Ella Sleeps,contact@ellasleeps.com,,,,,Recovered from log
Fons Mallien Supplies,info@fonsmalliensupplies.nl,,,,,Recovered from log
L'Abeille Champagne,info@labeillechampagne.nl,,,,,Recovered from log
Kortpack B.V.,info@kortpack.nl,,,,,Recovered from log
van der Heijden Nederland Verp,verkoop@heijned.nl,,,,,Recovered from log
Van Halder boxmaking & display,info@vanhalder.com,,,,,Recovered from log
Horeca King - Horeca Groothand,info@horecaking.nl,,,,,Recovered from log
Tripa Converting Solutions B.V,info@tripaconverting.nl,,,,,Recovered from log
Beko Verpakkingen BV,info@beko-verpakkingen.nl,,,,,Recovered from log
Tallpack International,info@tallpack.nl,,,,,Recovered from log
Touwslager Adhesive Solutions,info@touwslageradhesivesolutions.nl,,,,,Recovered from log
Schenk Recycling,aanvraag@schenk-recycling.nl,,,,,Recovered from log
HG International B.V.,info@hg.eu,,,,,Recovered from log
Antalis BV,info.nl@antalis.com,,,,,Recovered from log
Vekto B.V.,verkoop@vekto.nl,,,,,Recovered from log
Kroon Packaging BV,info@kroonpackaging.nl,,,,,Recovered from log
Get Cleaning Products BV,info@getcleaningproducts.nl,,,,,Recovered from log
Food Disposables Company B.V.,info@fooddisposables.nl,,,,,Recovered from log
Kappersvoordeelshop,info@kappersvoordeelshop.nl,,,,,Recovered from log
VHC Jongens Almere BV,klantenservice@vhcjongensalmere.nl,,,,,Recovered from log
Bevcraft NL,info@bevcraft.com,,,,,Recovered from log
Rillprint,info@rillprint.nl,,,,,Recovered from log
HANOS Hengelo,receptie_hengelo@hanos.nl,,,,,Recovered from log
goedkoopdrank,info@goedkoopdrank.nl,,,,,Recovered from log
Zora packaging & drinks bv,info@zorapackaging.nl,,,,,Recovered from log
trockenblumengrosshandel,trockenblumengrosshandel@gmail.com,,,,,Recovered from log
Hildering Packaging BV,info@hildering.com,,,,,Recovered from log
vatenonline.nl,info@vatenonline.nl,,,,,Recovered from log
AllDriveParts – Onderdelen bed,info@alldriveparts.nl,,,,,Recovered from log
HST Groep,info@hst.nl,,,,,Recovered from log
Menkehorst Kwekerijen B.V.,martin@menkehorst.nl,,,,,Recovered from log
Mondial Pack B.V.,info@mondialpack.nl,,,,,Recovered from log
SCW B.V. Superior in Paper & B,planning@scwconverting.nl,,,,,Recovered from log
Na-Nomi Co-Packing,info@na-nomi.nl,,,,,Recovered from log
West Coast General Store,info@westcoastgeneralstore.com,,,,,Recovered from log
Steigerbuisstunter,info@steigerbuisstunter.nl,,,,,Recovered from log
Drukkerij Leeflang B.V.,info@drukkerijleeflang.nl,,,,,Recovered from log
SunStar Producten,info@sunstar.nl,,,,,Recovered from log
W. Franken Horecagroothandel B,info@wfrankengroothandel.nl,,,,,Recovered from log
Geno Foods,info@genofoods.nl,,,,,Recovered from log
CandyOnline,info@candyonline.nl,,,,,Recovered from log
Rode Beagle Kunstbloemen,info@rodebeagle.nl,,,,,Recovered from log
Engel Kantoor - Kado - Printsh,amersfoort@multicopy.nl,,,,,Recovered from log
Packstore BV,info@packstore.nl,,,,,Recovered from log
Omur Markt,omur38@live.nl,,,,,Recovered from log
EHBO-koffer.nl,klantenservice@ehbo-koffer.nl,,,,,Recovered from log
Degros,help@degros.nl,,,,,Recovered from log
Trukado,shop@trukado.nl,,,,,Recovered from log
Plieger Amersfoort Express,express.amersfoort@plieger.nl,,,,,Recovered from log
"Linten Kopen, Lint en Band",info@lintenkopen.nl,,,,,Recovered from log
winkeltjevananne.nl,info@winkeltjevananne.nl,,,,,Recovered from log
Office1 Kantoorartikelen,info@office1.nl,,,,,Recovered from log
Mooi Deurbeslag,service@mooideurbeslag.nl,,,,,Recovered from log
Patisserie Chocolaterie Nijtma,bestellingen@patisserienijtmans.nl,,,,,Recovered from log
DoubleFOnline,info@doublefonline.nl,,,,,Recovered from log
Habermehl klompen en souvenirs,habermehl@gmail.com,,,,,Recovered from log
MagneetjesWinkel.nl – Sterke n,klanten@magneetjeswinkel.nl,,,,,Recovered from log
Scootplaza,info@scootplaza.nl,,,,,Recovered from log
Greif Nederland B.V.,event@greif.com,,,,,Recovered from log
Koninklijke Moorman Karton Wee,info@moorman.nl,,,,,Recovered from log
Liesbeth Ronden Packaging Desi,liesbeth@liesbethronden.nl,,,,,Recovered from log
Biobased Packaging Innovations,info@greenserendipity.nl,,,,,Recovered from log
Haymana Groothandel & Horecale,info@haymana.nl,,,,,Recovered from log
ArtiPack Verpakkingen NL,info@artipack.nl,,,,,Recovered from log
Audion Packaging machines,customerservice@audion.com,,,,,Recovered from log
Keralit Kopen bij KunststofPan,verkoop@kunststofpanelen.nl,,,,,Recovered from log
Print&Bind,info@printenbind.nl,,,,,Recovered from log
Happy Brand,support@happybrandofficial.com,,,,,Recovered from log
Drukkerij de Bij BV | Duurzame,drukkerij@debij.nl,,,,,Recovered from log
Margot Bardot,service@margotbardot.com,,,,,Recovered from log
FPS Flexible Packaging Solutio,csr.apac@fps.com,,,,,Recovered from log
Butternut Box BeNeLux,blaf@butternutbox.com,,,,,Recovered from log
Paradise Seeds,customerservice@paradise-seeds.com,,,,,Recovered from log
Thijssens Packaging b.v.,info@thijssens.com,,,,,Recovered from log
Europe Packaging,info@europepackaging.nl,,,,,Recovered from log
Martin de Jong Packaging B.V.,info@mdjpackaging.nl,,,,,Recovered from log
Tupak Packaging B.V.,info@tupak.com,,,,,Recovered from log
Van Dam Machine Europe B.V.,info@vandammachine.com,,,,,Recovered from log
New Packaging Group,info@newpackaginggroup.nl,,,,,Recovered from log
NOVITALIA,info@novitalia.nl,,,,,Recovered from log
Pure Goat Company,info@puregoatcompany.com,,,,,Recovered from log
GGM Gastro Amsterdam,info@ggmgastro.nl,,,,,Recovered from log
BSS van Paddenburg,info@bssvanpaddenburg.nl,,,,,Recovered from log
Bataafsche Teeken Maatschappij,info@btm.nl,,,,,Recovered from log
Qargo Packers B.V.,info@maplegroup.nl,,,,,Recovered from log
Packaging Rebels,hallo@packagingrebels.nl,,,,,Recovered from log
The Packtory,info@thepacktory.nl,,,,,Recovered from log
Dacro B.V. - A Signode Brand,webinfo@signode.com,,,,,Recovered from log
Complementair Relatiegeschenke,info@complementair.net,,,,,Recovered from log
Kral Gastro,info@kralgastro.com,,,,,Recovered from log
Candy Festival,info@candyfestival.nl,,,,,Recovered from log
Koro PackVision,info@koropackvision.nl,,,,,Recovered from log
Custom Packaging Pro,info@custompackagingpro.nl,,,,,Recovered from log
Rotterdams Ballonnen Bedrijf,info@rotterdamsballonnenbedrijf.nl,,,,,Recovered from log
Glazen-en-Potten.nl,support@floracura.com,,,,,Recovered from log
Hopeway B.V.,info@hopewayamd.com,,,,,Recovered from log
Vp Transport,info@vptransport.nl,,,,,Recovered from log
Mavotrans B.V.,info@mavotrans.nl,,,,,Recovered from log
Snelweg Logistics B.V.,info@snelweg-transport.com,,,,,Recovered from log
Looije Packing Rotterdam - The,sales@looijegroup.com,,,,,Recovered from log
Source Pack B.V.,verkoop@sourcepack.nl,,,,,Recovered from log
Horeca Palace,Support@horecapalace.com,,,,,Recovered from log
Retif Rotterdam,joinus@retif.eu,,,,,Recovered from log
IJzerhandel Overschie,info@ijzerhandeloverschie.nl,,,,,Recovered from log
Infinity Global,infinity@infinityrp.com,,,,,Recovered from log
M.G. van Meel,info@mgvanmeel.com,,,,,Recovered from log
Eastern Trading Agencies B.V.,customercare@eastern-trading.com,,,,,Recovered from log
De Jong Verpakking by Stora En,info@dejongverpakking.com,,,,,Recovered from log
embreze,mail@embreze.com,,,,,Recovered from log
Koro Enveloppen,info@enveloppenland.nl,,,,,Recovered from log
Hupack International BV,sales@hupack.com,,,,,Recovered from log
Ontbijt NU,info@ontbijtNU.nl,,,,,Recovered from log
Queal,support@queal.com,,,,,Recovered from log
Quality Pack B.V.,info@qualitypack.nl,,,,,Recovered from log
NSD International,customerservice@nsd-labelling.com,,,,,Recovered from log
HorecaRama,verkoop@horecarama.nl,,,,,Recovered from log
WXLab,info@wxlab.com,,,,,Recovered from log
Magazijn Blijdorp Rotterdam,info@magazijnblijdorp.nl,,,,,Recovered from log
Fladderak Industriële Verpakki,info@fladderak.nl,,,,,Recovered from log
Valo Trading,verkoop@valo.nl,,,,,Recovered from log
Easy Repro,info@easyrepro.nl,,,,,Recovered from log
Van Oordt The Portion Company,info@oordt.com,,,,,Recovered from log
"KKEC kunst, kaarten en cadeaus",kkecrotterdam@gmail.com,,,,,Recovered from log
De Kruidenbaron,info@dekruidenbaron.nl,,,,,Recovered from log
Weighpack International,info@weighpack.nl,,,,,Recovered from log
PouchWorks,info@pouchworks.nl,,,,,Recovered from log
Paardekooper Den Haag,info@paardekooper.nl,,,,,Recovered from log
Rollor Packaging,support@rollor.com,,,,,Recovered from log
Argos Packaging & Protection,verpakken@argos.nu,,,,,Recovered from log
Origin Bridge,europe@originbridge.coffee,,,,,Recovered from log
123Bedankt.nl,info@123bedankt.nl,,,,,Recovered from log
WIKO Verpakkingen,info@wikoverpakkingen.nl,,,,,Recovered from log
AIR-PAQ B.V.,factory@air-paq.net,,,,,Recovered from log
Naimi Foods,contact@naimi.com,,,,,Recovered from log
SNOW DONUTS | Native Brand & P,info@snowdonuts.com,,,,,Recovered from log
Kennisinstituut Duurzaam Verpa,info@kidv.nl,,,,,Recovered from log
Slagerij Amin🥩,info@slagerijamin.nl,,,,,Recovered from log
Drogistdeal,info@drogistdeal.nl,,,,,Recovered from log
Haagsche Broeder Brouwerij,info@brouwerijhaagschebroeder.nl,,,,,Recovered from log
pipoos,klantenservice@pipoos.nl,,,,,Recovered from log
Den Haag,info@blisterpartner.nl,,,,,Recovered from log
Recycling glas & papier,inclusiefsamenleven@denhaag.nl,,,,,Recovered from log
TailorPack Group B.V.,info@tailorpackgroup.com,,,,,Recovered from log
Persian Caviar,info@persiancaviar.nl,,,,,Recovered from log
Houweling Group,info@houweling.nl,,,,,Recovered from log
Koerier Nodig? Easy2send.nl,planning@easy2send.nl,,,,,Recovered from log
Rubox BV,info@rubox.nl,,,,,Recovered from log
Plasticarto Verpakkingsindustr,info@plasticarto.nl,,,,,Recovered from log
Kiwi Electronics B.V.,support@kiwi-electronics.com,,,,,Recovered from log
Turtle B.V.,info@turtlebox.com,,,,,Recovered from log
HQ Pack B.V.,info@hqpack.nl,,,,,Recovered from log
Eindhoven Packaging,info@eindhovenpackaging.nl,,,,,Recovered from log
Pink smart packaging,bart@pinksmartpackaging.nl,,,,,Recovered from log
Heuman Verpakkingen,info@heuman.nl,,,,,Recovered from log
GKS Packaging b.v.,sales@gkspackaging.com,,,,,Recovered from log
Jopak Packaging Solutions,info@jopak.eu,,,,,Recovered from log
Smurfit Westrock Rapidcorr Ein,Info.Benelux@smurfitkappa.com,,,,,Recovered from log
Worldpack Trading BV,online@worldpack.eu,,,,,Recovered from log
Tenfold Packaging Supplies,info@tenfoldgroup.com,,,,,Recovered from log
Packaging Partners,info@packagingpartners.nl,,,,,Recovered from log
Bangma Verpakking BV,sales@bangma.nl,,,,,Recovered from log
Tomingroep,secretariaat@tomingroep.nl,,,,,Recovered from log
123schoon.nl,info@123schoon.nl,,,,,Recovered from log
Plastopil Europe B.V.,info@plastopil.com,,,,,Recovered from log
Van Leyen Packaging B.V.,info@vanleyenpallets.nl,,,,,Recovered from log
schroeven.nl,koop@schroeven.nl,,,,,Recovered from log
Dent Tool Company,info@denttoolcompany.nl,,,,,Recovered from log
Breda Packaging B.V.,sales@cswbv.nl,,,,,Recovered from log
Ergowerken,klantenservice@ergowerken.nl,,,,,Recovered from log
Janus Vaten,info@janusvaten.nl,,,,,Recovered from log
Service Pack B.V.,info@servicepack.nl,,,,,Recovered from log
DEC Netherlands B.V.,info@dec-group.net,,,,,Recovered from log
Foresco Industrial Packaging W,sales.nederland@foresco.eu,,,,,Recovered from log
Tjoapack Netherlands B.V.,info@tjoapack.com,,,,,Recovered from log
Pakketservice Breda,info@pakketservice-breda.nl,,,,,Recovered from log
Smits Autopack,info@SmitsAutopack.nl,,,,,Recovered from log
Karpack BV,info@karpack.nl,,,,,Recovered from log
Boerschappen,hallo@boerschappen.nl,,,,,Recovered from log
4K PRINT,traffic@4kprint.com,,,,,Recovered from log
Holland Packaging B.V.,info@hollandpackaging.nl,,,,,Recovered from log
Doosjes.nl,hallo@doosjes.nl,,,,,Recovered from log
Frietzakjes.nl,info@frietzakjes.nl,,,,,Recovered from log
Altorffer,Drukkerij@altorffer.nl,,,,,Recovered from log
Doosjesopmaat.nl,studio@doosjes.nl,,,,,Recovered from log
Corex Nederland BV,info@corexgroup.com,,,,,Recovered from log
Yoem RTI,info@yormax.nl,,,,,Recovered from log
HJ Packaging,info@hjpackaging.nl,,,,,Recovered from log
Boon Packaging,info@boonpackaging.com,,,,,Recovered from log
AH Packaging,service@ahpackaging.nl,,,,,Recovered from log
Used Products Haarlem,haarlem@usedproducts.nl,,,,,Recovered from log
Atom Retail,info@atom-retail.com,,,,,Recovered from log
Stoelman Papierrecycling,office@stoelman.nl,,,,,Recovered from log
Warmteservice Haarlem,haarlem@warmteservice.nl,,,,,Recovered from log
De Grossier Meat&Food,info@degrossiervleesgroothandel.nl.nl,,,,,Recovered from log
Cold Chain Technologies - Haar,orders@coldchaintech.com,,,,,Recovered from log
Hansen Schroeven | RVS Schroev,edwin@hansenschroeven.nl,,,,,Recovered from log
Vos Packaging,vospackaging@kpnmail.nl,,,,,Recovered from log
Verhuisbedrijf Magic Movers |,info@magicmovers.nl,,,,,Recovered from log
Neomounts B.V.,info.neomounts@globalmountsgroup.com,,,,,Recovered from log
Jesper Home,customercare@jesperhome.com,,,,,Recovered from log
RVS Bouten en Moeren,info@rvs-bouten-en-moeren.nl,,,,,Recovered from log
WeedSeedsExpress,support@weedseedsexpress.com,,,,,Recovered from log
Bobplaza,info@bobplaza.com,,,,,Recovered from log
"Martijn van Roon ""Kitchen Gear",info@martijnvanroon.nl,,,,,Recovered from log
ABI b.v.,info@abi.nl,,,,,Recovered from log
Mascota Box,info@mascota-box.com,,,,,Recovered from log
Paardenslager Henk Wisker,info@slagerijwisker.nl,,,,,Recovered from log
Gerard Smit kunstschilder en h,info@gerardsmit.nl,,,,,Recovered from log
EquipIC supply chain,sales@equipic.com,,,,,Recovered from log
Plasti Forma B.V.,mail@plastiforma.nl,,,,,Recovered from log
Gelria Pakking,info@gelria.nl,,,,,Recovered from log
Masterpack Group B.V.,info@masterpackgroup.com,,,,,Recovered from log
Tieke Packaging vof,info@tiekepackaging.eu,,,,,Recovered from log
I-Pack BV,info@i-pack.nu,,,,,Recovered from log
Lechuza Benelux,office@collectclick.nl,,,,,Recovered from log
SP Packaging B.V.,info@sppackaging.nl,,,,,Recovered from log
SomSix,info@somsix.com,,,,,Recovered from log
2M verpakking,klantenservice@2mverpakking.nl,,,,,Recovered from log
DupliPrint - (bedrukte/gegrave,bestanden@dupliprint.nl,,,,,Recovered from log
Flexwerf,info@flexwerf.nl,,,,,Recovered from log
VitaLife | Ontbijtproducten,info@vitalife-products.nl,,,,,Recovered from log
Eco Tray Packaging,info@ecotraypackaging.com,,,,,Recovered from log
Smart Packaging Solutions,orderdesk@smartpaso.com,,,,,Recovered from log
MPS Systems B.V.,info@mps-printing.com,,,,,Recovered from log
Kanyona,info@kanyona.com,,,,,Recovered from log
Hogenkamp Verpakkingen,info@hogenkampverpakkingen.nl,,,,,Recovered from log
Topemballages,info@topemballages.be,,,,,Recovered from log
Brown Cartonnages,info@browncartonnages.nl,,,,,Recovered from log
adapa the Netherlands Amersfoo,contact@adapa-group.com,,,,,Recovered from log
Pack Company,ilona@packcompany.nl,,,,,Recovered from log
Packaginc. BV,info@packaginc.nl,,,,,Recovered from log
Maed Verpakkingen,info@maedverpakkingen.nl,,,,,Recovered from log
Chubby Gorilla Europe B.V.,sales@chubbygorilla.com,,,,,Recovered from log
Cordupack BV,info@cordupack.nl,,,,,Recovered from log
Disposable Markt,klantenservice@disposablemarkt.nl,,,,,Recovered from log
"Berlage Kantoor & Kado, Koffer",info@berlagekvh.nl,,,,,Recovered from log
Wah Nam Hong Cash and Carry,info@wahnamhong.com,,,,,Recovered from log
HANOS Den Haag - Delft,receptie_delft@hanos.nl,,,,,Recovered from log
