Name,Website,Email,Phone,Funding?,Ops Pain?,Maps URL,City,Query
CreativeGrounds,http://www.creativegrounds.com/,hello@creativegrounds.com,020 225 0128,No,No,https://www.google.com/maps/place/CreativeGrounds/data=!4m7!3m6!1s0x47c5e31407b99081:0xe0a29e4d8e996d7a!8m2!3d52.35499!4d4.862511!16s%2Fg%2F11jmyypplh!19sChIJgZC5BxTjxUcRem2Zjk2eouA?authuser=0&hl=nl&rclk=1,Amsterdam,startup incubator
Startup Village,https://www.startupvillage.nl/,user@domain.com.,085 273 3127,Yes,Yes,https://www.google.com/maps/place/Startup+Village/data=!4m7!3m6!1s0x47c6094f8c78f543:0xa2685989f68620e0!8m2!3d52.3544787!4d4.9589822!16s%2Fg%2F11c5817k8c!19sChIJQ_V4jE8JxkcR4CCG9olZaKI?authuser=0&hl=nl&rclk=1,Amsterdam,startup incubator
StartupAmsterdam Corporate Network,https://www.iamsterdam.com/en/business/startupamsterdam,u003ecitycard@iamsterdam.com,,Yes,Yes,https://www.google.com/maps/place/StartupAmsterdam+Corporate+Network/data=!4m7!3m6!1s0x47c609bdb22fffe5:0x571e2862ca55a656!8m2!3d52.3678116!4d4.9008888!16s%2Fg%2F11f03nvl29!19sChIJ5f8vsr0JxkcRVqZVymIoHlc?authuser=0&hl=nl&rclk=1,Amsterdam,startup incubator
Rockstart,https://www.rockstart.com/,streamline-icon-startup-product-rocket-box@48x48-1.svg,,Yes,Yes,https://www.google.com/maps/place/Rockstart/data=!4m7!3m6!1s0x47c609ea1aab7d29:0xa9d5e3a4319a85bb!8m2!3d52.3842255!4d4.9016392!16s%2Fg%2F11f7r09vc0!19sChIJKX2rGuoJxkcRu4WaMaTj1ak?authuser=0&hl=nl&rclk=1,Amsterdam,startup incubator
Impact Hub Amsterdam,http://amsterdam.impacthub.net/,,020 427 4283,Yes,Yes,https://www.google.com/maps/place/Impact+Hub+Amsterdam/data=!4m7!3m6!1s0x47c609d00a861501:0xe588d9d90e632eae!8m2!3d52.3739229!4d4.914683!16s%2Fg%2F1tj7d7lr!19sChIJARWGCtAJxkcRri5jDtnZiOU?authuser=0&hl=nl&rclk=1,Amsterdam,startup incubator
Amsterdam Center for Entrepreneurship (ACE),https://www.uvaventures.nl/onderneming/ace-incubator-bv/,info@aav.nl,,Yes,Yes,https://www.google.com/maps/place/Amsterdam+Center+for+Entrepreneurship+%28ACE%29/data=!4m7!3m6!1s0x47c60998fa468ce1:0xa291c88219180a5f!8m2!3d52.3544695!4d4.9593122!16s%2Fg%2F1vnrptdn!19sChIJ4YxG-pgJxkcRXwoYGYLIkaI?authuser=0&hl=nl&rclk=1,Amsterdam,startup incubator
Builders,http://builders.studio/,hello@builders.studio,,Yes,Yes,https://www.google.com/maps/place/Builders/data=!4m7!3m6!1s0x47c434a44de547a5:0x6cea02e443d9ba18!8m2!3d51.9233738!4d4.4692207!16s%2Fg%2F11css6621x!19sChIJpUflTaQ0xEcRGLrZQ-QC6mw?authuser=0&hl=nl&rclk=1,Rotterdam,startup incubator
Erasmus MC Incubator,http://www.erasmusmcincubator.com/,gebruiker@domein.com,010 703 8988,Yes,Yes,https://www.google.com/maps/place/Erasmus+MC+Incubator/data=!4m7!3m6!1s0x47c434e15b8c40bd:0x89b107716ad71377!8m2!3d51.9123056!4d4.4296402!16s%2Fg%2F11cm6dblyt!19sChIJvUCMW-E0xEcRdxPXanEHsYk?authuser=0&hl=nl&rclk=1,Rotterdam,startup incubator
Rotterdam Science Tower - Kadans,https://www.kadanssciencepartner.nl/portfolio-items/rotterdam-science-tower/,wght@14..32,010 476 1509,Yes,No,https://www.google.com/maps/place/Rotterdam+Science+Tower+-+Kadans/data=!4m7!3m6!1s0x47c434e15b896d4b:0xda9830898842f409!8m2!3d51.912304!4d4.429628!16s%2Fg%2F1pp2x72h3!19sChIJS22JW-E0xEcRCfRCiIkwmNo?authuser=0&hl=nl&rclk=1,Rotterdam,startup incubator
Spaces Hofplein,https://www.spacesworks.com/nl/nl/3729?utm_source=google_uberall&utm_medium=places&utm_campaign=uberall&utm_content=uberall,enquiries@regus.com,010 310 0800,No,No,https://www.google.com/maps/place/Spaces+Hofplein/data=!4m7!3m6!1s0x47c4335808ec3ca5:0x207ddedce2d5a2a!8m2!3d51.9253141!4d4.4766207!16s%2Fg%2F11cjnnpdpt!19sChIJpTzsCFgzxEcRKlotzu3dBwI?authuser=0&hl=nl&rclk=1,Rotterdam,startup incubator
Venture Café Rotterdam,https://venturecaferotterdam.org/,,,Yes,No,https://www.google.com/maps/place/Venture+Caf%C3%A9+Rotterdam/data=!4m7!3m6!1s0x47c434a44de54643:0x9f88be9e05a2f262!8m2!3d51.923336!4d4.469152!16s%2Fg%2F11bx2krsf7!19sChIJQ0blTaQ0xEcRYvKiBZ6-iJ8?authuser=0&hl=nl&rclk=1,Rotterdam,startup incubator
Progress Bar Coworking Space Rotterdam,https://progress.bar/,,010 322 0320,Yes,Yes,https://www.google.com/maps/place/Progress+Bar+Coworking+Space+Rotterdam/data=!4m7!3m6!1s0x47c43357cbb2cddd:0x3ba72518ce990b99!8m2!3d51.9165497!4d4.4874314!16s%2Fg%2F1pty4_qcf!19sChIJ3c2yy1czxEcRmQuZzhglpzs?authuser=0&hl=nl&rclk=1,Rotterdam,startup incubator
42workspace - Tech Coworking Space Rotterdam,http://www.42workspace.com/,,010 333 0401,Yes,Yes,https://www.google.com/maps/place/42workspace+-+Tech+Coworking+Space+Rotterdam/data=!4m7!3m6!1s0x47c4335e3336a6c7:0xeb6103e2f62caa34!8m2!3d51.9161117!4d4.4801407!16s%2Fg%2F11c53sg8k4!19sChIJx6Y2M14zxEcRNKos9uIDYes?authuser=0&hl=nl&rclk=1,Rotterdam,startup incubator
CIC Rotterdam,http://cic.com/rotterdam,wght@100..900,010 808 0013,Yes,Yes,https://www.google.com/maps/place/CIC+Rotterdam/data=!4m7!3m6!1s0x47c434a44d94f465:0x955c8fa631131731!8m2!3d51.9234551!4d4.4691239!16s%2Fg%2F11bxbb0cfj!19sChIJZfSUTaQ0xEcRMRcTMaaPXJU?authuser=0&hl=nl&rclk=1,Rotterdam,startup incubator
Hubbz Offices - Co Working Spaces Rotterdam,https://www.hubbzoffices.com/,info@hubbzoffices.com,085 080 5377,No,No,https://www.google.com/maps/place/Hubbz+Offices+-+Co+Working+Spaces+Rotterdam/data=!4m7!3m6!1s0x47c433d7ffe50711:0x517b187f0d74d3a4!8m2!3d51.9043645!4d4.4859603!16s%2Fg%2F11y3mdmdvv!19sChIJEQfl_9czxEcRpNN0DX8Ye1E?authuser=0&hl=nl&rclk=1,Rotterdam,startup incubator
Rotterdam Collective - RoCo,http://ro-co.nl/,your@email.com,06 30461344,No,Yes,https://www.google.com/maps/place/Rotterdam+Collective+-+RoCo/data=!4m7!3m6!1s0x47c434a764b9ee2b:0xf7771b76b187e640!8m2!3d51.9256766!4d4.4766061!16s%2Fg%2F11ggbz1swz!19sChIJK-65ZKc0xEcRQOaHsXYbd_c?authuser=0&hl=nl&rclk=1,Rotterdam,startup incubator
UtrechtInc - Startup Incubator,http://www.utrechtinc.nl/,info@utrechtinc.nl,030 253 6169,Yes,Yes,https://www.google.com/maps/place/UtrechtInc+-+Startup+Incubator/data=!4m7!3m6!1s0x47c66886a8c2e0d5:0x616842bfbfa23960!8m2!3d52.0884263!4d5.1658991!16s%2Fg%2F1tmz646p!19sChIJ1eDCqIZoxkcRYDmiv79CaGE?authuser=0&hl=nl&rclk=1,Utrecht,startup incubator
Life Sciences Incubator,https://incubatorutrecht.nl/,20info@incubatorutrecht.nl,030 207 4230,Yes,No,https://www.google.com/maps/place/Life+Sciences+Incubator/data=!4m7!3m6!1s0x47c668840c58f9ef:0xc2d8de89cf897ecb!8m2!3d52.0834125!4d5.179114!16s%2Fg%2F11cly2vf4t!19sChIJ7_lYDIRoxkcRy36Jz4ne2MI?authuser=0&hl=nl&rclk=1,Utrecht,startup incubator
Brainport Industries Campus (BIC),https://www.brainportindustriescampus.com/,,040 256 1500,No,No,https://www.google.com/maps/place/Brainport+Industries+Campus+%28BIC%29/data=!4m7!3m6!1s0x47c6db2320b1a491:0x15a0cf1fe859ff9a!8m2!3d51.4619798!4d5.4024782!16s%2Fg%2F11h3gnmjtg!19sChIJkaSxICPbxkcRmv9Z6B_PoBU?authuser=0&hl=nl&rclk=1,Eindhoven,startup incubator
Knowledge Transfer Office - TU/e,https://tue.nl/kto,Bookings-TheGateWalkinHours@bookings.tue.nl,040 247 5952,Yes,Yes,https://www.google.com/maps/place/Knowledge+Transfer+Office+-+TU%2Fe/data=!4m7!3m6!1s0x47c6d97a5b279333:0xc6f127e2e2d6e868!8m2!3d51.4497749!4d5.4908806!16s%2Fg%2F11sc262k4s!19sChIJM5MnW3rZxkcRaOjW4uIn8cY?authuser=0&hl=nl&rclk=1,Eindhoven,startup incubator
LUMO labs,http://www.lumolabs.io/,,,Yes,No,https://www.google.com/maps/place/LUMO+labs/data=!4m7!3m6!1s0x47c6d9135b0835c7:0x6164b39310649297!8m2!3d51.4107224!4d5.453593!16s%2Fg%2F11cs1sd9b8!19sChIJxzUIWxPZxkcRl5JkEJOzZGE?authuser=0&hl=nl&rclk=1,Eindhoven,startup incubator
TU/e innovation Space - Matrix,http://www.tueinnovationspace.nl/,,040 247 5356,No,Yes,https://www.google.com/maps/place/TU%2Fe+innovation+Space+-+Matrix/data=!4m7!3m6!1s0x47c6d8e1ea136a69:0x46a90bb1a603aa0c!8m2!3d51.4464202!4d5.4867847!16s%2Fg%2F11dx8l2z8r!19sChIJaWoT6uHYxkcRDKoDprELqUY?authuser=0&hl=nl&rclk=1,Eindhoven,startup incubator
Bright society,http://www.bright-society.com/,info@bright-society.com,040 230 4117,No,No,https://www.google.com/maps/place/Bright+society/data=!4m7!3m6!1s0x47c6d9c0dd9d0d55:0x6840a80dd34a857f!8m2!3d51.408579!4d5.456775!16s%2Fg%2F11bwyxkm1x!19sChIJVQ2d3cDZxkcRf4VK0w2oQGg?authuser=0&hl=nl&rclk=1,Eindhoven,startup incubator
Spaces Fellenoord,https://www.spacesworks.com/nl/nl/5613?utm_source=google_uberall&utm_medium=places&utm_campaign=uberall&utm_content=uberall,enquiries@regus.com,040 798 5900,No,No,https://www.google.com/maps/place/Spaces+Fellenoord/data=!4m7!3m6!1s0x47c6d97309fd9705:0xb53926701d3eb283!8m2!3d51.4427611!4d5.4755843!16s%2Fg%2F11jcjn70pt!19sChIJBZf9CXPZxkcRg7I-HXAmObU?authuser=0&hl=nl&rclk=1,Eindhoven,startup incubator
"BounceSpace Eindhoven Coworking, Lunch and Office Space",https://nlcompanies.org/details/bouncespace-eindhoven-coworking-lunch-and-office-space-ChIJQcJ,mapdetailscom@gmail.com,040 760 0009,No,No,"https://www.google.com/maps/place/BounceSpace+Eindhoven+Coworking,+Lunch+and+Office+Space/data=!4m7!3m6!1s0x47c6d91a1676c241:0x895362ed43a77122!8m2!3d51.4443479!4d5.4733721!16s%2Fg%2F1q62g5t03!19sChIJQcJ2FhrZxkcRInGnQ-1iU4k?authuser=0&hl=nl&rclk=1",Eindhoven,startup incubator
High Tech Campus Eindhoven,https://www.hightechcampus.com/,info@hightechcampus.com,040 230 5500,Yes,Yes,https://www.google.com/maps/place/High+Tech+Campus+Eindhoven/data=!4m7!3m6!1s0x47c6d9bf3f922b89:0x3fa7c0a0ae409b7!8m2!3d51.4117456!4d5.456659!16s%2Fm%2F0cz97tx!19sChIJiSuSP7_ZxkcRtwnkCgp8-gM?authuser=0&hl=nl&rclk=1,Eindhoven,startup incubator
HighTechXL,http://www.hightechxl.com/,info@hightechxl.com,,Yes,Yes,https://www.google.com/maps/place/HighTechXL/data=!4m7!3m6!1s0x47c6d99553e9d32b:0xe0d7512ded9d922e!8m2!3d51.4130228!4d5.4546558!16s%2Fg%2F11b620dgxn!19sChIJK9PpU5XZxkcRLpKd7S1R1-A?authuser=0&hl=nl&rclk=1,Eindhoven,startup incubator
PLNT Leiden | Centrum voor Innovatie en Ondernemerschap,http://www.plnt.nl/,split-type@0.3.4,071 527 2467,No,No,https://www.google.com/maps/place/PLNT+Leiden+%7C+Centrum+voor+Innovatie+en+Ondernemerschap/data=!4m7!3m6!1s0x47c5c6935ca128d3:0x8979448a419f89c4!8m2!3d52.1636202!4d4.4923516!16s%2Fg%2F11c2k87b46!19sChIJ0yihXJPGxUcRxImfQYpEeYk?authuser=0&hl=nl&rclk=1,Leiden,startup incubator
Biopartner Center Leiden,https://biopartnerleiden.nl/,info@biopartnerleiden.nl,071 332 2800,No,Yes,https://www.google.com/maps/place/Biopartner+Center+Leiden/data=!4m7!3m6!1s0x47c5c71fc37b7e4b:0xe187e773ebeda113!8m2!3d52.1690445!4d4.4650284!16s%2Fg%2F1tf2rdr7!19sChIJS357wx_HxUcRE6Ht63Pnh-E?authuser=0&hl=nl&rclk=1,Leiden,startup incubator
unlock_ Life Science Incubator Leiden,https://unlock.bio/,hello@unlock.bio,,Yes,Yes,https://www.google.com/maps/place/unlock_+Life+Science+Incubator+Leiden/data=!4m7!3m6!1s0x47c5c725376e8465:0x41114cc05e9a80d9!8m2!3d52.1688522!4d4.4664671!16s%2Fg%2F11s1f364vy!19sChIJZYRuNyXHxUcR2YCaXsBMEUE?authuser=0&hl=nl&rclk=1,Leiden,startup incubator
Business Accelerator,http://www.businessaccelerator.nl/,user@domain.com.,,No,Yes,https://www.google.com/maps/place/Business+Accelerator/data=!4m7!3m6!1s0x47c5e18fa855eddf:0x7954938d110bb4aa!8m2!3d52.3366101!4d4.8854321!16s%2Fg%2F11f48v1h3j!19sChIJ3-1VqI_hxUcRqrQLEY2TVHk?authuser=0&hl=nl&rclk=1,Amsterdam,startup accelerator
Startup Accelerator B.V.,https://www.startupaccelerator.nl/,bart@startupaccelerator.nl,,Yes,Yes,https://www.google.com/maps/place/Startup+Accelerator+B.V./data=!4m7!3m6!1s0x47c60bf244f95b3b:0xab20facff50d95e1!8m2!3d52.3366101!4d4.8854321!16s%2Fg%2F11sqsccv8m!19sChIJO1v5RPILxkcR4ZUN9c_6IKs?authuser=0&hl=nl&rclk=1,Amsterdam,startup accelerator
PortXL,http://www.portxl.org/,PortXL-10-yr_logo_handtekening@1.png,,Yes,Yes,https://www.google.com/maps/place/PortXL/data=!4m7!3m6!1s0x47c434e15b8c40bd:0x533c2f29e42777cf!8m2!3d51.8982029!4d4.4190522!16s%2Fg%2F11clvngjj_!19sChIJvUCMW-E0xEcRz3cn5CkvPFM?authuser=0&hl=nl&rclk=1,Rotterdam,startup accelerator
PHI Factory,http://www.phifactory.com/,info@phifactory.com,0180 453 432,No,No,https://www.google.com/maps/place/PHI+Factory/data=!4m7!3m6!1s0x47c42dea396572e7:0x71f5b5de0dbf116f!8m2!3d51.9237836!4d4.4694873!16s%2Fg%2F11g4fs39f3!19sChIJ53JlOeotxEcRbxG_Dd619XE?authuser=0&hl=nl&rclk=1,Rotterdam,startup accelerator
Easystart Office Business Center | Postadres voor Bedrijf,http://www.easystartoffice.com/,info@easystartoffice.com,085 130 4512,No,No,https://www.google.com/maps/place/Easystart+Office+Business+Center+%7C+Postadres+voor+Bedrijf/data=!4m7!3m6!1s0x47c433f677bca603:0x8f07bfe32ccb914d!8m2!3d51.9178523!4d4.4836783!16s%2Fg%2F11l061prz0!19sChIJA6a8d_YzxEcRTZHLLOO_B48?authuser=0&hl=nl&rclk=1,Rotterdam,startup accelerator
BlueCity,https://www.bluecity.nl/,,010 307 2247,No,No,https://www.google.com/maps/place/BlueCity/data=!4m7!3m6!1s0x47c433474ac9990b:0x74a1eecc8202bf42!8m2!3d51.9198928!4d4.5017167!16s%2Fg%2F1tnl0l09!19sChIJC5nJSkczxEcRQr8CgszuoXQ?authuser=0&hl=nl&rclk=1,Rotterdam,startup accelerator
Accelerator,https://kadans.com/accelerator,wght@14..32,0411 625 625,Yes,No,https://www.google.com/maps/place/Accelerator/data=!4m7!3m6!1s0x47c66990fa29d46b:0x849842a5ee372ec8!8m2!3d52.0904082!4d5.1782842!16s%2Fg%2F11sy70tp0h!19sChIJa9Qp-pBpxkcRyC437qVCmIQ?authuser=0&hl=nl&rclk=1,Utrecht,startup accelerator
Strategy Unit B.V.,http://www.strategyunit.nl/,info@strategyunit.nl,,No,No,https://www.google.com/maps/place/Strategy+Unit+B.V./data=!4m7!3m6!1s0x47c6d91b284b6fc7:0xa28a0a11aefe9f68!8m2!3d51.4406094!4d5.474276!16s%2Fg%2F11gfgq2tkz!19sChIJx29LKBvZxkcRaJ_-rhEKiqI?authuser=0&hl=nl&rclk=1,Eindhoven,startup accelerator
Innovation Powerhouse,https://www.gebouwtr.nl/,,,No,No,https://www.google.com/maps/place/Innovation+Powerhouse/data=!4m7!3m6!1s0x47c6d969842fc48f:0xae83ee6a796c7dd5!8m2!3d51.4494934!4d5.4526696!16s%2Fg%2F11f_0s_2xl!19sChIJj8QvhGnZxkcR1X1seWrug64?authuser=0&hl=nl&rclk=1,Eindhoven,startup accelerator
Place for Bizz Eindhoven (Centrum),http://www.placeforbizz.nl/,info@placeforbizz.nl,040 263 1111,No,No,https://www.google.com/maps/place/Place+for+Bizz+Eindhoven+%28Centrum%29/data=!4m7!3m6!1s0x47c6d8fb9e46d99d:0xe80b096f1141bfbd!8m2!3d51.4363346!4d5.4909668!16s%2Fg%2F1pwftltxl!19sChIJndlGnvvYxkcRvb9BEW8JC-g?authuser=0&hl=nl&rclk=1,Eindhoven,startup accelerator
De Zuster,https://dezuster.com/,,,No,No,https://www.google.com/maps/place/De+Zuster/data=!4m7!3m6!1s0x47c5b5c1c232dafb:0x1182671de2052700!8m2!3d52.0083795!4d4.360242!16s%2Fg%2F119v2smt1!19sChIJ-9oywsG1xUcRACcF4h1nghE?authuser=0&hl=nl&rclk=1,Delft,startup accelerator
NEXT Delft,https://nextdelft.com/,,015 820 0920,No,No,https://www.google.com/maps/place/NEXT+Delft/data=!4m7!3m6!1s0x47c5cb22c8ca74af:0xe5b621f101ab3d71!8m2!3d51.9926281!4d4.3852984!16s%2Fg%2F11rjt2g57t!19sChIJr3TKyCLLxUcRcT2rAfEhtuU?authuser=0&hl=nl&rclk=1,Delft,startup accelerator
YES!Delft,https://www.yesdelft.com/,,,Yes,Yes,https://www.google.com/maps/place/YES!Delft/data=!4m7!3m6!1s0x47c5b59267824a8b:0x9df273c1f3312b8d!8m2!3d51.9933333!4d4.3869444!16s%2Fg%2F1tcx65wh!19sChIJi0qCZ5K1xUcRjSsx88Fz8p0?authuser=0&hl=nl&rclk=1,Delft,startup accelerator
New Future Lab,http://www.newfuturelab.nl/,gsap@3.13.0,015 202 4900,No,No,https://www.google.com/maps/place/New+Future+Lab/data=!4m7!3m6!1s0x47c5b50624c468f5:0x497356d23c9d2f00!8m2!3d51.9951247!4d4.3642198!16s%2Fg%2F11j1hpjdfv!19sChIJ9WjEJAa1xUcRAC-dPNJWc0k?authuser=0&hl=nl&rclk=1,Delft,startup accelerator
Buccaneer Delft,http://www.buccaneerdelft.com/,,088 024 3900,Yes,Yes,https://www.google.com/maps/place/Buccaneer+Delft/data=!4m7!3m6!1s0x47c5b5dcddfa6b57:0x28987156f45d23b3!8m2!3d52.0166782!4d4.3591046!16s%2Fg%2F11c502zdw6!19sChIJV2v63dy1xUcRsyNd9FZxmCg?authuser=0&hl=nl&rclk=1,Delft,startup accelerator
YES!Delft Students,http://www.yesdelftstudents.nl/,info@yesdelftstudents.nl,015 278 1291,No,No,https://www.google.com/maps/place/YES!Delft+Students/data=!4m7!3m6!1s0x47c5ca77918ad337:0x8bfcd526864bb323!8m2!3d51.9935676!4d4.3869426!16s%2Fg%2F12hs1ks8z!19sChIJN9OKkXfKxUcRI7NLhibV_Is?authuser=0&hl=nl&rclk=1,Delft,startup accelerator
Biopartner 3,https://www.biopartnerleiden.nl/,info@biopartnerleiden.nl,071 332 2800,No,Yes,https://www.google.com/maps/place/Biopartner+3/data=!4m7!3m6!1s0x47c5c6e037f3a11d:0x9221189c2e09f113!8m2!3d52.1689214!4d4.4668217!16s%2Fg%2F1pp2x90zk!19sChIJHaHzN-DGxUcRE_EJLpwYIZI?authuser=0&hl=nl&rclk=1,Leiden,startup accelerator
Leiden International Centre,https://www.leideninternationalcentre.nl/,helpdesk@leideninternationalcentre.nl,071 516 6005,No,Yes,https://www.google.com/maps/place/Leiden+International+Centre/data=!4m7!3m6!1s0x47c5c6e953aa6019:0x30b240a13651cfff!8m2!3d52.1661037!4d4.4806362!16s%2Fg%2F11fx9cz_fh!19sChIJGWCqU-nGxUcR_89RNqFAsjA?authuser=0&hl=nl&rclk=1,Leiden,startup accelerator
Space Business Innovation Centre Noordwijk,https://www.sbicnoordwijk.nl/,info@sbicnoordwijk.nl,071 202 0307,Yes,Yes,https://www.google.com/maps/place/Space+Business+Innovation+Centre+Noordwijk/data=!4m7!3m6!1s0x47c5c0a28b92b2cb:0x8f1cb6a7a280588e!8m2!3d52.2137213!4d4.4325108!16s%2Fg%2F1tvdhzrz!19sChIJy7KSi6LAxUcRjliAoqe2HI8?authuser=0&hl=nl&rclk=1,Leiden,startup accelerator
ChannelEngine,https://www.channelengine.com/,slick-carousel@1.8.1,071 528 8795,No,Yes,https://www.google.com/maps/place/ChannelEngine/data=!4m7!3m6!1s0x47c5c6f2085437e3:0x98c5faa35256fab6!8m2!3d52.1631618!4d4.4761233!16s%2Fg%2F11cn3w8tbk!19sChIJ4zdUCPLGxUcRtvpWUqP6xZg?authuser=0&hl=nl&rclk=1,Leiden,startup accelerator
Biopartner 5,http://biopartnerleiden.nl/,info@biopartnerleiden.nl,071 332 2500,No,Yes,https://www.google.com/maps/place/Biopartner+5/data=!4m7!3m6!1s0x47c5c7a8ab7dd37d:0x40891d52d4546c8c!8m2!3d52.1708335!4d4.4500569!16s%2Fg%2F11rfd93z8s!19sChIJfdN9q6jHxUcRjGxU1FIdiUA?authuser=0&hl=nl&rclk=1,Leiden,startup accelerator
The Field Leiden,http://www.thefieldleiden.nl/,thefield@plnt.nl,071 527 2467,No,No,https://www.google.com/maps/place/The+Field+Leiden/data=!4m7!3m6!1s0x47c5c728c187fc03:0xd048e47558c7bb52!8m2!3d52.1640034!4d4.4800191!16s%2Fg%2F11j384kx6x!19sChIJA_yHwSjHxUcRUrvHWHXkSNA?authuser=0&hl=nl&rclk=1,Leiden,startup accelerator
Leiden Bio Science Park Foundation,https://leidenbiosciencepark.nl/,,071 524 7555,Yes,Yes,https://www.google.com/maps/place/Leiden+Bio+Science+Park+Foundation/data=!4m7!3m6!1s0x47c5c6ddbb458da9:0xe816d470a714f1a5!8m2!3d52.1688522!4d4.4664671!16s%2Fg%2F1215vwf9!19sChIJqY1Fu93GxUcRpfEUp3DUFug?authuser=0&hl=nl&rclk=1,Leiden,startup accelerator
Incubator Studio - branding & web agency,https://www.incubator.studio/fr/accueil/,,,Yes,Yes,https://www.google.com/maps/place/Incubator+Studio+-+branding+%26+web+agency/data=!4m7!3m6!1s0x47c5e348aa269ed1:0xfacd00b14d173358!8m2!3d31.949641!4d-47.3600762!16s%2Fg%2F11llk9l3n5!19sChIJ0Z4mqkjjxUcRWDMXTbEAzfo?authuser=0&hl=nl&rclk=1,Amsterdam,business incubator
Erasmus Centre for Entrepreneurship,https://ece.nl/,executive-education@ece.nl,010 740 2336,No,No,https://www.google.com/maps/place/Erasmus+Centre+for+Entrepreneurship/data=!4m7!3m6!1s0x47c434e15b8c40bd:0x60e0b212036d407a!8m2!3d51.921412!4d4.477412!16s%2Fg%2F1pp2txhjn!19sChIJvUCMW-E0xEcRekBtAxKy4GA?authuser=0&hl=nl&rclk=1,Rotterdam,business incubator
Meulensteen House of Robotics,https://www.kadans.com/portfolio-items/meulensteen-house-of-robotics/,wght@14..32,0411 625 625,Yes,No,https://www.google.com/maps/place/Meulensteen+House+of+Robotics/data=!4m7!3m6!1s0x47c6d98ff99142d5:0xf66868fc0dadd69b!8m2!3d51.4477196!4d5.4947344!16s%2Fg%2F11h4cypgyw!19sChIJ1UKR-Y_ZxkcRm9atDfxoaPY?authuser=0&hl=nl&rclk=1,Eindhoven,business incubator
HTC 12,http://www.hightechxl-plaza.com/,,040 851 4610,Yes,Yes,https://www.google.com/maps/place/HTC+12/data=!4m7!3m6!1s0x47c6d9bfd5d5eba7:0x3144a6377788a8b0!8m2!3d51.4118049!4d5.4529921!16s%2Fg%2F11g9vx_sry!19sChIJp-vV1b_ZxkcRsKiIdzemRDE?authuser=0&hl=nl&rclk=1,Eindhoven,business incubator
HTC 9 Beta,http://www.twice.nl/,dev@mediacooks.nl,040 851 4600,No,Yes,https://www.google.com/maps/place/HTC+9+Beta/data=!4m7!3m6!1s0x47c6d99547a77267:0xfde0571da5e6de5!8m2!3d51.4102518!4d5.450958!16s%2Fg%2F11g9ghzsc0!19sChIJZ3KnR5XZxkcR5W1e2nEF3g8?authuser=0&hl=nl&rclk=1,Eindhoven,business incubator
Conference Center High Tech Campus,https://www.hightechcampus.nl/conference-center,info@hightechcampus.com,040 230 5700,Yes,Yes,https://www.google.com/maps/place/Conference+Center+High+Tech+Campus/data=!4m7!3m6!1s0x47c6d97bccb14987:0xb01d380f844e530b!8m2!3d51.4105262!4d5.4572112!16s%2Fg%2F11kdlny6m1!19sChIJh0mxzHvZxkcRC1NOhA84HbA?authuser=0&hl=nl&rclk=1,Eindhoven,business incubator
Leap. The Innovation Agency - Delft,https://www.leap.nl/?utm_source=Google&utm_medium=GMB&utm_campaign=Delft,info@leap.nl,024 711 3349,No,No,https://www.google.com/maps/place/Leap.+The+Innovation+Agency+-+Delft/data=!4m7!3m6!1s0x47c5b73950c87c8b:0x7e355d450090ddad!8m2!3d51.9977174!4d4.3849508!16s%2Fg%2F11cn3w8t9g!19sChIJi3zIUDm3xUcRrd2QAEVdNX4?authuser=0&hl=nl&rclk=1,Delft,business incubator
YES!Delft The Hague,https://www.yesdelft.com/yesdelft-the-hague/,,,Yes,Yes,https://www.google.com/maps/place/YES!Delft+The+Hague/data=!4m7!3m6!1s0x47c5b7adc9392fe1:0x7384344559fcfb08!8m2!3d52.0700225!4d4.3249249!16s%2Fg%2F11fk4c_05w!19sChIJ4S85ya23xUcRCPv8WUU0hHM?authuser=0&hl=nl&rclk=1,Delft,business incubator
BK-Launch,https://bk-launch.nl/,BK-Launch@tudelft.nl,06 83976060,Yes,Yes,https://www.google.com/maps/place/BK-Launch/data=!4m7!3m6!1s0x47c5b5300e527541:0x37d2144b04c1db58!8m2!3d52.006475!4d4.3716395!16s%2Fg%2F11pb7c1hs0!19sChIJQXVSDjC1xUcRWNvBBEsU0jc?authuser=0&hl=nl&rclk=1,Delft,business incubator
Biotech Campus Delft,http://www.biotechcampusdelft.com/,,015 279 2053,No,Yes,https://www.google.com/maps/place/Biotech+Campus+Delft/data=!4m7!3m6!1s0x47c5b527869d2c87:0xb5b6ad1da2f06650!8m2!3d52.015532!4d4.3388572!16s%2Fg%2F11gwnr9ntj!19sChIJhyydhie1xUcRUGbwoh2ttrU?authuser=0&hl=nl&rclk=1,Delft,business incubator
Workspace Leiden,https://www.workspaceleiden.nl/,gebruiker@domein.com,071 573 0500,No,Yes,https://www.google.com/maps/place/Workspace+Leiden/data=!4m7!3m6!1s0x290cdf7676f5862b:0x4be8e8d2b0d996f5!8m2!3d52.1470782!4d4.4882219!16s%2Fg%2F11lcpx3p5g!19sChIJK4b1dnbfDCkR9ZbZsNLo6Es?authuser=0&hl=nl&rclk=1,Leiden,business incubator
Science meets Business,http://sciencemeetsbusiness.nl/,intl-segmenter@11.7.10,,No,No,https://www.google.com/maps/place/Science+meets+Business/data=!4m7!3m6!1s0x47c5c71fdc19e1e7:0x71cddfe76b7f7c3f!8m2!3d52.1690445!4d4.4650286!16s%2Fg%2F11c2pw8p1r!19sChIJ5-EZ3B_HxUcRP3x_a-ffzXE?authuser=0&hl=nl&rclk=1,Leiden,business incubator
VU StartHub,https://vu-ondernemend.nl/vu-starthub/,starthub@vu.nl,06 22973797,Yes,Yes,https://www.google.com/maps/place/VU+StartHub/data=!4m7!3m6!1s0x47c60b915f7e1fe5:0xf72046873ba87e7b!8m2!3d52.3335781!4d4.8640591!16s%2Fg%2F11s93lgsl6!19sChIJ5R9-X5ELxkcRe36oO4dGIPc?authuser=0&hl=nl&rclk=1,Amsterdam,startup hub
StartDock Coworking Westplein,https://startdock.nl/nl/,Westplein-12-Rotterdam-1@2x-scaled.jpg,010 307 6366,No,No,https://www.google.com/maps/place/StartDock+Coworking+Westplein/data=!4m7!3m6!1s0x47c433d6cdf82621:0xd733268e9fd37e6a!8m2!3d51.9088437!4d4.4774853!16s%2Fg%2F11h3c4cr8l!19sChIJISb4zdYzxEcRan7Tn44mM9c?authuser=0&hl=nl&rclk=1,Rotterdam,startup hub
Easystart Office | Virtual Office Rotterdam | Vestigingsadres KvK,https://easystartoffice.com/,info@easystartoffice.com,085 130 4512,No,No,https://www.google.com/maps/place/Easystart+Office+%7C+Virtual+Office+Rotterdam+%7C+Vestigingsadres+KvK/data=!4m7!3m6!1s0x47c5ccb18c3b14b9:0x7aae0c93a34ef6eb!8m2!3d51.9416!4d4.4959465!16s%2Fg%2F11c6zw7w9h!19sChIJuRQ7jLHMxUcR6_ZOo5MMrno?authuser=0&hl=nl&rclk=1,Rotterdam,startup hub
StartHub Cafe Utrecht,http://www.starthubcafe.nl/,connect@starthubcafe.nl,,No,No,https://www.google.com/maps/place/StartHub+Cafe+Utrecht/data=!4m7!3m6!1s0x47c66f844f3b9bb9:0xa0e31cec6fd7bcb2!8m2!3d52.0934684!4d5.1163773!16s%2Fg%2F11vyyg92_4!19sChIJuZs7T4RvxkcRsrzXb-wc46A?authuser=0&hl=nl&rclk=1,Utrecht,startup hub
Pop-up professionals,http://www.popupprofessionals.nl/,,030 820 1104,No,No,https://www.google.com/maps/place/Pop-up+professionals/data=!4m7!3m6!1s0x47c66589ba434e3f:0x365efc8dac5df900!8m2!3d52.079376!4d5.0985763!16s%2Fg%2F1ptzvp7nw!19sChIJP05DuollxkcRAPldrI38XjY?authuser=0&hl=nl&rclk=1,Utrecht,startup hub
Dotslash Utrecht,http://www.dotslash.nl/,info@dotslash.nl,030 420 0000,No,No,https://www.google.com/maps/place/Dotslash+Utrecht/data=!4m7!3m6!1s0x47c665bf5599578b:0xc34c37f88d429f45!8m2!3d52.0639167!4d5.1094953!16s%2Fg%2F11gh_b88gq!19sChIJi1eZVb9lxkcRRZ9Cjfg3TMM?authuser=0&hl=nl&rclk=1,Utrecht,startup hub
The Startup Coworking,https://startup-coworking-utrecht.weebly.com/,,06 10626794,No,No,https://www.google.com/maps/place/The+Startup+Coworking/data=!4m7!3m6!1s0x47c66f7ce860d581:0x6912ad33bc9c140c!8m2!3d52.098652!4d5.1249032!16s%2Fg%2F11wpm4_459!19sChIJgdVg6HxvxkcRDBScvDOtEmk?authuser=0&hl=nl&rclk=1,Utrecht,startup hub
Forty,http://www.forty.nl/,hallo@forty.nl,030 273 7422,No,No,https://www.google.com/maps/place/Forty/data=!4m7!3m6!1s0x47c66f082381eeaf:0xcfe7ecfd5aaebfec!8m2!3d52.0924386!4d5.134545!16s%2Fg%2F11ryb533tm!19sChIJr-6BIwhvxkcR7L-uWv3s588?authuser=0&hl=nl&rclk=1,Utrecht,startup hub
The Unusual Space,https://theunusualspace.com/,info@theunusualspace.com,030 799 6023,Yes,Yes,https://www.google.com/maps/place/The+Unusual+Space/data=!4m7!3m6!1s0x47c66f0354811ca3:0x18d98e0ebce9a7e4!8m2!3d52.091999!4d5.1174433!16s%2Fg%2F11xlc9w1yy!19sChIJoxyBVANvxkcR5KfpvA6O2Rg?authuser=0&hl=nl&rclk=1,Utrecht,startup hub
Mindspace Utrecht,https://www.mindspace.me/c/utrecht/?utm_source=google&utm_medium=organic&utm_campaign=gmb&utm_content=utrecht,jack@greensock.com,030 307 4322,No,Yes,https://www.google.com/maps/place/Mindspace+Utrecht/data=!4m7!3m6!1s0x47c66fd8fde2b607:0xf1bc289c84f776a2!8m2!3d52.0843984!4d5.1157026!16s%2Fg%2F11ffm1d8vs!19sChIJB7bi_dhvxkcRonb3hJwovPE?authuser=0&hl=nl&rclk=1,Utrecht,startup hub
The Social Hub Eindhoven,https://www.thesocialhub.co/eindhoven/?utm_source=googlemybusiness&utm_medium=organic&y_source=1_Mjc4NzI2MDItNzE1LWxvY2F0aW9uLndlYnNpdGU%3D,font@7.2.96,040 231 9792,No,No,https://www.google.com/maps/place/The+Social+Hub+Eindhoven/data=!4m10!3m9!1s0x47c6d91d017f6171:0xe6bcd50684a3ac31!5m2!4m1!1i2!8m2!3d51.4419642!4d5.4812886!16s%2Fg%2F11c1wz7mx5!19sChIJcWF_AR3ZxkcRMayjhAbVvOY?authuser=0&hl=nl&rclk=1,Eindhoven,startup hub
HUB-S,https://www.hub-s.nl/,info@hub-s.nl,085 303 8480,No,No,https://www.google.com/maps/place/HUB-S/data=!4m7!3m6!1s0x47c6d9c4d378d07b:0xc12633b965cd4df!8m2!3d51.4472888!4d5.4539877!16s%2Fg%2F11m6dnv21q!19sChIJe9B408TZxkcR39RcljtjEgw?authuser=0&hl=nl&rclk=1,Eindhoven,startup hub
Start-up School,http://www.start-upschool.nl/,info@renewmyid.nl,040 269 4030,No,No,https://www.google.com/maps/place/Start-up+School/data=!4m7!3m6!1s0x47c6d9de9f05927b:0x7377e220c9867b2!8m2!3d51.4447772!4d5.4599642!16s%2Fg%2F11pkcm_w9q!19sChIJe5IFn97ZxkcRsmeYDCJ-Nwc?authuser=0&hl=nl&rclk=1,Eindhoven,startup hub
The Social Hub Delft,https://www.thesocialhub.co/delft/?utm_source=googlemybusiness&utm_medium=organic&y_source=1_Mjc4NzI2MTYtNzE1LWxvY2F0aW9uLndlYnNpdGU%3D,font@7.2.96,015 200 1323,No,No,https://www.google.com/maps/place/The+Social+Hub+Delft/data=!4m10!3m9!1s0x47c5b51eef66cbbd:0x7ee10caf629478c5!5m2!4m1!1i2!8m2!3d52.0066343!4d4.357507!16s%2Fg%2F11jl_sj8c9!19sChIJvctm7x61xUcRxXiUYq8M4X4?authuser=0&hl=nl&rclk=1,Delft,startup hub
Technische Universiteit Delft,https://www.tudelft.nl/,,015 278 9111,No,No,https://www.google.com/maps/place/Technische+Universiteit+Delft/data=!4m7!3m6!1s0x47c5b58e7e597879:0x3d1e05e58c2c037c!8m2!3d52.0021919!4d4.3735766!16zL20vMHExOXQ!19sChIJeXhZfo61xUcRfAMsjOUFHj0?authuser=0&hl=nl&rclk=1,Delft,startup hub
Planet B.io,http://www.planet-b.io/,,06 21999868,Yes,Yes,https://www.google.com/maps/place/Planet+B.io/data=!4m7!3m6!1s0x47c5b5904e97b8bb:0x5cfde50f781952ed!8m2!3d52.0156318!4d4.338836!16s%2Fg%2F11j0k1ccv6!19sChIJu7iXTpC1xUcR7VIZeA_l_Vw?authuser=0&hl=nl&rclk=1,Delft,startup hub
Loop Biotech,https://loop-biotech.com/nl/,NOS_Logo@3x.png,015 808 0149,No,No,https://www.google.com/maps/place/Loop+Biotech/data=!4m7!3m6!1s0x47c5cb9902fc7e47:0x1af2dcbac5df434e!8m2!3d51.9943041!4d4.3616982!16s%2Fg%2F11hrxmks8c!19sChIJR378ApnLxUcRTkPfxbrc8ho?authuser=0&hl=nl&rclk=1,Delft,startup hub
The Social Hub Coworking Delft,https://www.thesocialhub.co/delft/co-working-space/?utm_source=googlemybusiness&utm_medium=organic,font@7.2.96,020 214 9531,No,Yes,https://www.google.com/maps/place/The+Social+Hub+Coworking+Delft/data=!4m7!3m6!1s0x47c5b5b90c0d7cf9:0xf4a453b0096ca4cb!8m2!3d52.0064721!4d4.3575238!16s%2Fg%2F11lwm8pjy2!19sChIJ-XwNDLm1xUcRy6RsCbBTpPQ?authuser=0&hl=nl&rclk=1,Delft,startup hub
City Hub Delft | Zero-Emissie Stadsdistributie,https://www.cityhub.nl/,p.vdonk@cityhub.nl.,088 248 9451,No,No,https://www.google.com/maps/place/City+Hub+Delft+%7C+Zero-Emissie+Stadsdistributie/data=!4m7!3m6!1s0x47c5b5a25c64b6f1:0xceb68c45bfd5e792!8m2!3d51.9838945!4d4.337064!16s%2Fg%2F11wvcjrr_c!19sChIJ8bZkXKK1xUcRkufVv0WMts4?authuser=0&hl=nl&rclk=1,Delft,startup hub
Hubbz Offices - Co Working Spaces Delft,https://www.hubbzoffices.com/,info@hubbzoffices.com,085 080 5377,No,No,https://www.google.com/maps/place/Hubbz+Offices+-+Co+Working+Spaces+Delft/data=!4m7!3m6!1s0x47c5b5492c09047f:0xd64011aabd938c5f!8m2!3d51.9962504!4d4.3818633!16s%2Fg%2F11x31ykmtk!19sChIJfwQJLEm1xUcRX4yTvaoRQNY?authuser=0&hl=nl&rclk=1,Delft,startup hub
City Hub Leiden | Zero-Emissie Stadsdistributie,https://www.cityhub.nl/nl/vestigingen/leiden/,sales@cityhub.nl,06 28892211,No,No,https://www.google.com/maps/place/City+Hub+Leiden+%7C+Zero-Emissie+Stadsdistributie/data=!4m7!3m6!1s0x47c5c7d70e7f14c7:0x3063f27e584f34d9!8m2!3d52.1467122!4d4.4827012!16s%2Fg%2F11mw0xf008!19sChIJxxR_DtfHxUcR2TRPWH7yYzA?authuser=0&hl=nl&rclk=1,Leiden,startup hub
Hubbz Offices - Co Working Spaces Leiden,https://www.hubbzoffices.com/,info@hubbzoffices.com,085 080 5377,No,No,https://www.google.com/maps/place/Hubbz+Offices+-+Co+Working+Spaces+Leiden/data=!4m7!3m6!1s0x47c5c79c349fedb1:0x9a69bcac70557b97!8m2!3d52.1682759!4d4.4868466!16s%2Fg%2F11vm6vpx03!19sChIJse2fNJzHxUcRl3tVcKy8aZo?authuser=0&hl=nl&rclk=1,Leiden,startup hub
AH Online HUB Leiden,http://www.ah.nl/,klantenservice@ah.nl,,No,No,https://www.google.com/maps/place/AH+Online+HUB+Leiden/data=!4m7!3m6!1s0x47c5c7e4a65285fd:0xb022689f1e67c813!8m2!3d52.1426446!4d4.5086106!16s%2Fg%2F11jvdngq5f!19sChIJ_YVSpuTHxUcRE8hnHp9oIrA?authuser=0&hl=nl&rclk=1,Leiden,startup hub
Universiteit Twente,http://www.utwente.nl/,info@utwente.nl,053 489 9111,No,Yes,https://www.google.com/maps/place/Universiteit+Twente/data=!4m7!3m6!1s0x47b813d992e2ab01:0x790b33d6b663608f!8m2!3d52.2396538!4d6.84979!16zL20vMHBzN2g!19sChIJAaviktkTuEcRj2BjttYzC3k?authuser=0&hl=nl&rclk=1,Amsterdam,tech campus
Dosign | Vaste banen & Projecten in de techniek,http://www.dosign.com/,info@dosign.com,088 303 1333,No,Yes,https://www.google.com/maps/place/Dosign+%7C+Vaste+banen+%26+Projecten+in+de+techniek/data=!4m7!3m6!1s0x47c5e749b61b9b01:0xb06745fe23d023ef!8m2!3d52.297738!4d4.703045!16s%2Fg%2F11rxjnl0lk!19sChIJAZsbtknnxUcR7yPQI_5FZ7A?authuser=0&hl=nl&rclk=1,Amsterdam,tech campus
Tech Amsterdam Scholen Collectief (TASC),https://tasc.espritscholen.nl/,info@tasc.espritscholen.nl,020 572 1280,No,No,https://www.google.com/maps/place/Tech+Amsterdam+Scholen+Collectief+%28TASC%29/data=!4m7!3m6!1s0x47c60b7026e41011:0xf2bac7c88f005b2d!8m2!3d52.3192734!4d4.9501323!16s%2Fg%2F11sd_nzv9j!19sChIJERDkJnALxkcRLVsAj8jHuvI?authuser=0&hl=nl&rclk=1,Amsterdam,tech campus
IT Campus Rotterdam,http://www.itcampus.nl/,daphne.swart@itcampus.nl,,Yes,No,https://www.google.com/maps/place/IT+Campus+Rotterdam/data=!4m7!3m6!1s0x47c43545e7ab58fd:0x7e185c466687854d!8m2!3d51.8966064!4d4.420677!16s%2Fg%2F11gjsstb3y!19sChIJ_Vir50U1xEcRTYWHZkZcGH4?authuser=0&hl=nl&rclk=1,Rotterdam,tech campus
Erasmus MC,https://www.erasmusmc.nl/,,010 704 0704,No,No,https://www.google.com/maps/place/Erasmus+MC/data=!4m7!3m6!1s0x47c4349bd0000001:0x8491118325eb0fe6!8m2!3d51.91093!4d4.468131!16s%2Fm%2F02qkwsf!19sChIJAQAA0Js0xEcR5g_rJYMRkYQ?authuser=0&hl=nl&rclk=1,Rotterdam,tech campus
Erasmus University College,http://www.eur.nl/euc/,,010 408 9000,Yes,Yes,https://www.google.com/maps/place/Erasmus+University+College/data=!4m7!3m6!1s0x4170024f670b2955:0x839462db5fd28fc0!8m2!3d51.9227698!4d4.4876617!16s%2Fm%2F012gcg_6!19sChIJVSkLZ08CcEERwI_SX9tilIM?authuser=0&hl=nl&rclk=1,Rotterdam,tech campus
Erasmus Universiteit Rotterdam,http://www.eur.nl/,,010 408 1111,No,No,https://www.google.com/maps/place/Erasmus+Universiteit+Rotterdam/data=!4m7!3m6!1s0x47c43320e0866d59:0xd8e5ba5f4616ce1e!8m2!3d51.9172477!4d4.5263027!16zL20vMDVjMXEy!19sChIJWW2G4CAzxEcRHs4WRl-65dg?authuser=0&hl=nl&rclk=1,Rotterdam,tech campus
CoE HRTech,https://www.hr.nl/coehrtech,,010 794 9292,Yes,No,https://www.google.com/maps/place/CoE+HRTech/data=!4m7!3m6!1s0x47c4350009400157:0xbf9328962df1b488!8m2!3d51.8990903!4d4.4190817!16s%2Fg%2F11f007vyw2!19sChIJVwFACQA1xEcRiLTxLZYok78?authuser=0&hl=nl&rclk=1,Rotterdam,tech campus
Techniek College Rotterdam RDM,http://www.techniekcollegerotterdam.nl/,,088 945 4500,No,No,https://www.google.com/maps/place/Techniek+College+Rotterdam+RDM/data=!4m7!3m6!1s0x47c435000ba8af21:0x230b776d06c9129b!8m2!3d51.8972033!4d4.4197893!16s%2Fg%2F12182l8t!19sChIJIa-oCwA1xEcRmxLJBm13CyM?authuser=0&hl=nl&rclk=1,Rotterdam,tech campus
Hogeschool Rotterdam - Academieplein,https://www.hogeschoolrotterdam.nl/,,010 794 9494,No,No,https://www.google.com/maps/place/Hogeschool+Rotterdam+-+Academieplein/data=!4m7!3m6!1s0x47c434990f21e5cd:0xab9da2feb4eeee09!8m2!3d51.9100943!4d4.4625859!16s%2Fm%2F02w1zz1!19sChIJzeUhD5k0xEcRCe7utP6inas?authuser=0&hl=nl&rclk=1,Rotterdam,tech campus
Academiegebouw Universiteit Utrecht,https://www.uu.nl/organisatie/academiegebouw,,030 253 8252,No,No,https://www.google.com/maps/place/Academiegebouw+Universiteit+Utrecht/data=!4m7!3m6!1s0x47c66f752c226aa1:0x81afd938306e83ba!8m2!3d52.090237!4d5.122578!16s%2Fg%2F11gmdyytwp!19sChIJoWoiLHVvxkcRuoNuMDjZr4E?authuser=0&hl=nl&rclk=1,Utrecht,tech campus
Universiteit Utrecht,https://www.uu.nl/,,030 253 3550,No,No,https://www.google.com/maps/place/Universiteit+Utrecht/data=!4m7!3m6!1s0x47c66f5054136f89:0xd734a1a1fad45b36!8m2!3d52.0859667!4d5.1715372!16zL20vMDd3NnI!19sChIJiW8TVFBvxkcRNlvU-qGhNNc?authuser=0&hl=nl&rclk=1,Utrecht,tech campus
Tech College Nieuwegein - ROC Midden Nederland,http://rocmn.nl/tech,projectbureau.techcampus@rocmn.nl,030 754 1200,No,No,https://www.google.com/maps/place/Tech+College+Nieuwegein+-+ROC+Midden+Nederland/data=!4m7!3m6!1s0x47c665b43d30e0a5:0x4a95266c08185ff3!8m2!3d52.0439451!4d5.0950677!16s%2Fg%2F1v3lp4lw!19sChIJpeAwPbRlxkcR818YCGwmlUo?authuser=0&hl=nl&rclk=1,Utrecht,tech campus
ICT College Nieuwegein - ROC Midden Nederland,http://rocmn.nl/ict,projectbureau.techcampus@rocmn.nl,030 754 1800,No,Yes,https://www.google.com/maps/place/ICT+College+Nieuwegein+-+ROC+Midden+Nederland/data=!4m7!3m6!1s0x47c6658f990b454b:0x138c696542b1bfd!8m2!3d52.044275!4d5.0949902!16s%2Fg%2F11xfvxf6h!19sChIJS0ULmY9lxkcR_RsrVJbGOAE?authuser=0&hl=nl&rclk=1,Utrecht,tech campus
Educatorium,https://www.uu.nl/educatorium,servicepunt.educatorium@uu.nl,030 253 8538,No,No,https://www.google.com/maps/place/Educatorium/data=!4m7!3m6!1s0x47c6689ad8ebaa4f:0xa53ecccd7cfac45b!8m2!3d52.0859015!4d5.1721415!16s%2Fg%2F11c1x0h4pq!19sChIJT6rr2JpoxkcRW8T6fM3MPqU?authuser=0&hl=nl&rclk=1,Utrecht,tech campus
Stichting Utrecht Science Park,http://www.utrechtsciencepark.nl/,annemarie.dijkman@utrechtsciencepark.nl.,030 800 4499,No,No,https://www.google.com/maps/place/Stichting+Utrecht+Science+Park/data=!4m7!3m6!1s0x47c66884cdb62d37:0x2c6fbf563ec5ec8a!8m2!3d52.084454!4d5.175097!16s%2Fg%2F1td1715q!19sChIJNy22zYRoxkcRiuzFPla_byw?authuser=0&hl=nl&rclk=1,Utrecht,tech campus
U-TECH community,http://u-techcommunity.nl/,naam@email.nl,,No,No,https://www.google.com/maps/place/U-TECH+community/data=!4m7!3m6!1s0x47c669e1a2ad2b0f:0x28589fb48ce21cef!8m2!3d52.0641504!4d5.1069496!16s%2Fg%2F11rp435nzq!19sChIJDyutouFpxkcR7xzijLSfWCg?authuser=0&hl=nl&rclk=1,Utrecht,tech campus
HTF Hogeschool voor Toegepaste Filosofie,http://www.hogeschoolvoortoegepastefilosofie.nl/,info@hogeschoolvoortoegepastefilosofie.nl,085 876 9712,No,No,https://www.google.com/maps/place/HTF+Hogeschool+voor+Toegepaste+Filosofie/data=!4m7!3m6!1s0x47c665f7eb36caf5:0x548b8c4628862287!8m2!3d52.090203!4d5.148462!16s%2Fg%2F11dfj9t5cl!19sChIJ9co26_dlxkcRhyKGKEaMi1Q?authuser=0&hl=nl&rclk=1,Utrecht,tech campus
University College Utrecht,https://www.uu.nl/en/organisation/university-college-utrecht,,030 253 9900,No,No,https://www.google.com/maps/place/University+College+Utrecht/data=!4m7!3m6!1s0x47c668a8a1346d5b:0xdc7eadab424c6295!8m2!3d52.0833308!4d5.147621!16zL20vMDVrd3E5!19sChIJW200oahoxkcRlWJMQqutftw?authuser=0&hl=nl&rclk=1,Utrecht,tech campus
TU Delft Campus,https://www.tudelftcampus.nl/,tudelftcampus@tudelft.nl,015 278 6751,Yes,Yes,https://www.google.com/maps/place/TU+Delft+Campus/data=!4m7!3m6!1s0x47c5b5d5ca7705c9:0x651e19cc4d129666!8m2!3d51.9977366!4d4.3792252!16s%2Fg%2F11j7kbj5bf!19sChIJyQV3ytW1xUcRZpYSTcwZHmU?authuser=0&hl=nl&rclk=1,Delft,tech campus
Gorlaeus Gebouw - Faculteit Wiskunde & Natuurwetenschappen,https://www.universiteitleiden.nl/wiskunde-en-natuurwetenschappen,news@science.leidenuniv.nl,071 527 4400,No,No,https://www.google.com/maps/place/Gorlaeus+Gebouw+-+Faculteit+Wiskunde+%26+Natuurwetenschappen/data=!4m7!3m6!1s0x47c5c7ecec0ef3bf:0x50bf7d78c06982fe!8m2!3d52.1675826!4d4.461143!16s%2Fg%2F11s5gmkywv!19sChIJv_MO7OzHxUcR_oJpwHh9v1A?authuser=0&hl=nl&rclk=1,Leiden,tech campus
Collegezalengebouw,https://www.universiteitleiden.nl/,,071 527 4400,No,No,https://www.google.com/maps/place/Collegezalengebouw/data=!4m7!3m6!1s0x47c5c71ec6877197:0xbceb038df42e3646!8m2!3d52.167469!4d4.4599676!16s%2Fg%2F1ptzzmlkl!19sChIJl3GHxh7HxUcRRjYu9I0D67w?authuser=0&hl=nl&rclk=1,Leiden,tech campus
Universiteit Leiden,https://www.universiteitleiden.nl/,,071 527 2727,No,No,https://www.google.com/maps/place/Universiteit+Leiden/data=!4m7!3m6!1s0x47c5c6f2447daae3:0x48e9dc4f075bb167!8m2!3d52.156569!4d4.4866564!16zL20vMGx2bmc!19sChIJ46p9RPLGxUcRZ7FbB0_c6Ug?authuser=0&hl=nl&rclk=1,Leiden,tech campus
Leiden University Medical Center (LUMC),https://www.lumc.nl/,,071 526 9111,No,No,https://www.google.com/maps/place/Leiden+University+Medical+Center+%28LUMC%29/data=!4m7!3m6!1s0x47c5c6e7cd9a25ef:0xdddde68f72002eea!8m2!3d52.1660315!4d4.4785036!16zL20vMDJnc2gw!19sChIJ7yWazefGxUcR6i4Aco_m3d0?authuser=0&hl=nl&rclk=1,Leiden,tech campus
CWTS - Centre for Science and Technology Studies,https://www.cwts.nl/,,071 527 3909,No,Yes,https://www.google.com/maps/place/CWTS+-+Centre+for+Science+and+Technology+Studies/data=!4m7!3m6!1s0x47c5c6e0df926d33:0x8e2bf39faa3d755!8m2!3d52.1683768!4d4.4755274!16s%2Fg%2F1tcyk6tb!19sChIJM22S3-DGxUcRVdej-jm_4gg?authuser=0&hl=nl&rclk=1,Leiden,tech campus
Hogeschool Leiden,http://hsleiden.nl/,info@hsleiden.nl,071 518 8800,No,No,https://www.google.com/maps/place/Hogeschool+Leiden/data=!4m7!3m6!1s0x47c5c6e12af2d3af:0x5a587be2a9566e82!8m2!3d52.1675558!4d4.4709234!16s%2Fm%2F03hm4cj!19sChIJr9PyKuHGxUcRgm5WqeJ7WFo?authuser=0&hl=nl&rclk=1,Leiden,tech campus
Fundsup,http://fundsup.co/,,,No,No,https://www.google.com/maps/place/Fundsup/data=!4m7!3m6!1s0x47c60997eb08413d:0xa78835732d78e091!8m2!3d52.3725422!4d4.917797!16s%2Fg%2F11fzfdx2g9!19sChIJPUEI65cJxkcRkeB4LXM1iKc?authuser=0&hl=nl&rclk=1,Amsterdam,ondernemingen startup
Easystart Office | Virtual Office Amsterdam | Register Business Address,https://easystartoffice.com/,info@easystartoffice.com,085 130 4512,No,No,https://www.google.com/maps/place/Easystart+Office+%7C+Virtual+Office+Amsterdam+%7C+Register+Business+Address/data=!4m7!3m6!1s0x47c60904c9cd6c75:0x4612c9fbf7d48343!8m2!3d52.3691429!4d4.929339!16s%2Fg%2F11fd4wgz0c!19sChIJdWzNyQQJxkcRQ4PU9_vJEkY?authuser=0&hl=nl&rclk=1,Amsterdam,ondernemingen startup
Science & Business organisation - Amsterdam Science Park,http://www.amsterdamsciencepark.nl/,,,No,Yes,https://www.google.com/maps/place/Science+%26+Business+organisation+-+Amsterdam+Science+Park/data=!4m7!3m6!1s0x47c6095d7899e385:0xf2661ff8a59b63fb!8m2!3d52.3555395!4d4.9546899!16s%2Fg%2F12q4pvp4g!19sChIJheOZeF0JxkcR-2ObpfgfZvI?authuser=0&hl=nl&rclk=1,Amsterdam,ondernemingen startup
Bedrijfsdata.nl B.V.,https://www.bedrijfsdata.nl/,klantenservice@bedrijfsdata.nl,020 789 5050,No,Yes,https://www.google.com/maps/place/Bedrijfsdata.nl+B.V./data=!4m7!3m6!1s0x87604a021164447b:0xaa52e2738036dedc!8m2!3d52.366808!4d4.870222!16s%2Fg%2F11srz1zdss!19sChIJe0RkEQJKYIcR3N42gHPiUqo?authuser=0&hl=nl&rclk=1,Amsterdam,ondernemingen startup
Vergaderlocatie | Virtueel kantoor | Kantoorruimte - EBC Amsterdam,https://www.ebcamsterdam.nl/?utm_source=google&utm_medium=organic&utm_campaign=gbp-website&utm_id=SEO,info@ebcamsterdam.nl,020 520 7500,No,Yes,https://www.google.com/maps/place/Vergaderlocatie+%7C+Virtueel+kantoor+%7C+Kantoorruimte+-+EBC+Amsterdam/data=!4m7!3m6!1s0x47c609cf67b73449:0x557da8352730f638!8m2!3d52.378235!4d4.8880744!16s%2Fg%2F1tdx7xmh!19sChIJSTS3Z88JxkcROPYwJzWofVU?authuser=0&hl=nl&rclk=1,Amsterdam,ondernemingen startup
CreativeGrounds,https://www.creativegrounds.com/,hello@creativegrounds.com,020 225 0128,No,No,https://www.google.com/maps/place/CreativeGrounds/data=!4m7!3m6!1s0x47c609efad97ead1:0xcf2c92b99c69721!8m2!3d52.354558!4d4.876134!16s%2Fg%2F11kr_d_xj9!19sChIJ0eqXre8JxkcRIZfGmSvJ8gw?authuser=0&hl=nl&rclk=1,Amsterdam,ondernemingen startup
Easystart Office | Virtual Office Rotterdam | Dutch virtual office,https://easystartoffice.com/,info@easystartoffice.com,085 130 4512,No,No,https://www.google.com/maps/place/Easystart+Office+%7C+Virtual+Office+Rotterdam+%7C+Dutch+virtual+office/data=!4m7!3m6!1s0x47c43395e876b3c7:0xdfe534b7c24bbee5!8m2!3d51.9174968!4d4.4848028!16s%2Fg%2F11flmvcfx_!19sChIJx7N26JUzxEcR5b5Lwrc05d8?authuser=0&hl=nl&rclk=1,Rotterdam,ondernemingen startup
Business Open,http://www.businessopen.nl/,alpinejs@3.x.x,010 452 5725,No,No,https://www.google.com/maps/place/Business+Open/data=!4m7!3m6!1s0x47c433438dd4ec19:0x868a059eec65a115!8m2!3d51.9226395!4d4.4955085!16s%2Fg%2F1td7y7x1!19sChIJGezUjUMzxEcRFaFl7J4FioY?authuser=0&hl=nl&rclk=1,Rotterdam,ondernemingen startup
Easystart Office Rotterdam | Zakelijk Inschrijfadres | Virtueel Adres,https://easystartoffice.com/,info@easystartoffice.com,085 130 4512,No,No,https://www.google.com/maps/place/Easystart+Office+Rotterdam+%7C+Zakelijk+Inschrijfadres+%7C+Virtueel+Adres/data=!4m7!3m6!1s0x47c4337ff626600f:0x47ee3ad762902c27!8m2!3d51.9175692!4d4.4848233!16s%2Fg%2F11vc1lg3lt!19sChIJD2Am9n8zxEcRJyyQYtc67kc?authuser=0&hl=nl&rclk=1,Rotterdam,ondernemingen startup
Noorderwind,https://noorderwind.co/,hello@noorderwind.co,,Yes,Yes,https://www.google.com/maps/place/Noorderwind/data=!4m7!3m6!1s0x47c43567ea2c6fed:0x95dbc078ac03f2c6!8m2!3d51.921412!4d4.477412!16s%2Fg%2F11jsnsl1kf!19sChIJ7W8s6mc1xEcRxvIDrHjA25U?authuser=0&hl=nl&rclk=1,Rotterdam,ondernemingen startup
ZiPPERZ Business Center,http://www.zipperz.nl/,secretariaat@zipperz.nl,010 820 0004,No,No,https://www.google.com/maps/place/ZiPPERZ+Business+Center/data=!4m7!3m6!1s0x47c432fecbc9a7f3:0x62e9262310265ddc!8m2!3d51.8964268!4d4.5192773!16s%2Fg%2F11gzz7v80!19sChIJ86fJy_4yxEcR3F0mECMm6WI?authuser=0&hl=nl&rclk=1,Rotterdam,ondernemingen startup
Hypercube Business Innovation BV,https://www.hypercube.nl/,info@hypercube.nl,030 233 8080,No,No,https://www.google.com/maps/place/Hypercube+Business+Innovation+BV/data=!4m7!3m6!1s0x47c66f4f930345ad:0xef722c29b4f10309!8m2!3d52.0920173!4d5.1242125!16s%2Fg%2F1tqydqbl!19sChIJrUUDk09vxkcRCQPxtCkscu8?authuser=0&hl=nl&rclk=1,Utrecht,ondernemingen startup
Hooghiemstra,https://hooghiemstra.com/,receptie@hooghiemstra.com,030 276 9111,No,No,https://www.google.com/maps/place/Hooghiemstra/data=!4m7!3m6!1s0x47c66f487d8382ff:0xc63e9d20b511856b!8m2!3d52.0985807!4d5.12491!16s%2Fg%2F1wb8sxnp!19sChIJ_4KDfUhvxkcRa4URtSCdPsY?authuser=0&hl=nl&rclk=1,Utrecht,ondernemingen startup
Bedrijvencentrum Rudolf Magnus,http://rudolfmagnus.com/,receptie@vondelparc.nl,030 281 9600,No,No,https://www.google.com/maps/place/Bedrijvencentrum+Rudolf+Magnus/data=!4m7!3m6!1s0x47c665f65a9f0111:0x4a0eb74d08e011da!8m2!3d52.0787043!4d5.1195182!16s%2Fg%2F1tm0b0cn!19sChIJEQGfWvZlxkcR2hHgCE23Dko?authuser=0&hl=nl&rclk=1,Utrecht,ondernemingen startup
BusinessCenter Utrecht,https://www.businesscenter.nl/locaties/utrecht/,Utrecht@BusinessCenter.nl,085 130 7937,No,No,https://www.google.com/maps/place/BusinessCenter+Utrecht/data=!4m7!3m6!1s0x47c669c9f40f2a9d:0xbc70fee13eb23213!8m2!3d52.0896685!4d5.1494588!16s%2Fg%2F11t2_4z1vw!19sChIJnSoP9MlpxkcREzKyPuH-cLw?authuser=0&hl=nl&rclk=1,Utrecht,ondernemingen startup
Business Eiland Utrecht,https://www.businesseilandutrecht.nl/,info@businesseilandutrecht.nl,06 54362647,No,No,https://www.google.com/maps/place/Business+Eiland+Utrecht/data=!4m7!3m6!1s0x47c665eefcfe2db3:0x9cd7070e6163e47b!8m2!3d52.0796962!4d5.1060329!16s%2Fg%2F11hyzz0hj6!19sChIJsy3-_O5lxkcRe-RjYQ4H15w?authuser=0&hl=nl&rclk=1,Utrecht,ondernemingen startup
Business Core Eindhoven,https://www.business-core.nl/,info@business-core.nl,06 15356577,No,No,https://www.google.com/maps/place/Business+Core+Eindhoven/data=!4m7!3m6!1s0x47c6d902e4e161dd:0x2c33e781c4b47e79!8m2!3d51.4378169!4d5.4809576!16s%2Fg%2F11gfd0_spw!19sChIJ3WHh5ALZxkcReX60xIHnMyw?authuser=0&hl=nl&rclk=1,Eindhoven,ondernemingen startup
Onderneming-opstarten,https://nlmapinfo.org/details/ondernemingopstarten-ChIJIZ7,mapdetailscom@gmail.com,040 255 5790,No,No,https://www.google.com/maps/place/Onderneming-opstarten/data=!4m7!3m6!1s0x47c6d988a1f69e21:0x6f80a2e03532361!8m2!3d51.4205349!4d5.4331338!16s%2Fg%2F11fy4hs3l3!19sChIJIZ72oYjZxkcRYSNTAy4K-AY?authuser=0&hl=nl&rclk=1,Eindhoven,ondernemingen startup
24 uur in bedrijf,https://24uurinbedrijf.nl/,info@24uurinbedrijf.nl,040 236 4810,No,No,https://www.google.com/maps/place/24+uur+in+bedrijf/data=!4m7!3m6!1s0x47c6d91366ddafdf:0x16b41c1ccb5aaba4!8m2!3d51.4503204!4d5.4535998!16s%2Fg%2F1q69kqf5q!19sChIJ36_dZhPZxkcRpKtayxwctBY?authuser=0&hl=nl&rclk=1,Eindhoven,ondernemingen startup
Dot•,https://dotverbindt.nl/,info@dotverbindt.nl,015 790 0060,No,No,https://www.google.com/maps/place/Dot%E2%80%A2/data=!4m7!3m6!1s0x47c5b546a92653ff:0x5440cb5040e7eab!8m2!3d52.0041029!4d4.3595318!16s%2Fg%2F11fkxwpg67!19sChIJ_1MmqUa1xUcRq34OBLUMRAU?authuser=0&hl=nl&rclk=1,Delft,ondernemingen startup
Technet Delft,https://www.technetdelft.nl/,bestuur@technetdelft.nl,015 285 0580,No,No,https://www.google.com/maps/place/Technet+Delft/data=!4m7!3m6!1s0x47c5b5c4446554a9:0x39fe29a7cf187193!8m2!3d52.011317!4d4.3564856!16s%2Fg%2F1tgf2dgj!19sChIJqVRlRMS1xUcRk3EYz6cp_jk?authuser=0&hl=nl&rclk=1,Delft,ondernemingen startup
Tradecloud One - Supply chain platform,https://www.tradecloud1.com/,sales@tradecloud1.com,085 401 9760,No,Yes,https://www.google.com/maps/place/Tradecloud+One+-+Supply+chain+platform/data=!4m7!3m6!1s0x47c5ca778c360743:0xd58688f0941b0208!8m2!3d51.993456!4d4.387212!16s%2Fg%2F11bx89pbq9!19sChIJQwc2jHfKxUcRCAIblPCIhtU?authuser=0&hl=nl&rclk=1,Delft,ondernemingen startup
Sturen op Strategie: bedrijven helpen groeien,https://www.sturenopstrategie.nl/,derek@sturenopstrategie.nl,06 17396835,No,No,https://www.google.com/maps/place/Sturen+op+Strategie:+bedrijven+helpen+groeien/data=!4m7!3m6!1s0x47c5c747a6f5ee8f:0x91b7599d37065afa!8m2!3d52.1473176!4d4.488571!16s%2Fg%2F11vwlygbk_!19sChIJj-71pkfHxUcR-loGN51Zt5E?authuser=0&hl=nl&rclk=1,Leiden,ondernemingen startup
De Digitale Duizendpoot,https://www.dedigitaleduizendpoot.nl/,rowan@dedigitaleduizendpoot.nl,06 22184493,No,Yes,https://www.google.com/maps/place/De+Digitale+Duizendpoot/data=!4m7!3m6!1s0x813cd41893e7703b:0xe3c5566b3a651171!8m2!3d52.1624507!4d4.5017893!16s%2Fg%2F11x8g2kry7!19sChIJO3DnkxjUPIERcRFlOmtWxeM?authuser=0&hl=nl&rclk=1,Leiden,ondernemingen startup
Crown Business Center Leiden Key-Point,https://www.crown-bc.nl/kantoorruimte/kantoor-leiden-key-point/,info@crown-bc.nl,071 524 9249,No,No,https://www.google.com/maps/place/Crown+Business+Center+Leiden+Key-Point/data=!4m7!3m6!1s0x47c5c6ea81b32cb9:0x43cc9ba58dd2578f!8m2!3d52.1696913!4d4.4887454!16s%2Fg%2F11bvv_5ylx!19sChIJuSyzgerGxUcRj1fSjaWbzEM?authuser=0&hl=nl&rclk=1,Leiden,ondernemingen startup
Business Club Leiden,http://www.businessclubleiden.nl/,info@businessclubleiden.nl,,No,No,https://www.google.com/maps/place/Business+Club+Leiden/data=!4m7!3m6!1s0x47c5c42c1b1d6cbb:0x9944c99d2d677b44!8m2!3d52.1547371!4d4.5037228!16s%2Fg%2F1tw_mdzt!19sChIJu2wdGyzExUcRRHtnLZ3JRJk?authuser=0&hl=nl&rclk=1,Leiden,ondernemingen startup
UniPartners Leiden,http://www.unipartners.nl/leiden,jktdevries@icloud.com,,No,No,https://www.google.com/maps/place/UniPartners+Leiden/data=!4m7!3m6!1s0x47c5c6935ca128d3:0xa5c55617325188f2!8m2!3d52.1555909!4d4.485957!16s%2Fg%2F11cscc7qyq!19sChIJ0yihXJPGxUcR8ohRMhdWxaU?authuser=0&hl=nl&rclk=1,Leiden,ondernemingen startup
Business Vereniging Leiden (BVL),http://www.bvleiden.nl/,info@bvleiden.nl,071 512 7885,No,No,https://www.google.com/maps/place/Business+Vereniging+Leiden+%28BVL%29/data=!4m7!3m6!1s0x47c5c6e9444bb85f:0xa158602eb9bbb627!8m2!3d52.16478!4d4.4838397!16s%2Fg%2F1tfnxs7d!19sChIJX7hLROnGxUcRJ7a7uS5gWKE?authuser=0&hl=nl&rclk=1,Leiden,ondernemingen startup
de Werkplek,http://www.de-werkplek.nl/,intl-segmenter@11.7.10,020 261 3569,No,No,https://www.google.com/maps/place/de+Werkplek/data=!4m7!3m6!1s0x47c60958635ca1f7:0x6b3cf670c995b5df!8m2!3d52.3967049!4d4.9080821!16s%2Fg%2F11rfgl_cys!19sChIJ96FcY1gJxkcR37WVyXD2PGs?authuser=0&hl=nl&rclk=1,Amsterdam,coworking space techniek
The Social Hub Coworking Amsterdam City,https://www.thesocialhub.co/amsterdam-city/co-working-space/?utm_source=googlemybusiness&utm_medium=organic,font@7.2.96,020 214 9531,No,Yes,https://www.google.com/maps/place/The+Social+Hub+Coworking+Amsterdam+City/data=!4m7!3m6!1s0x47c6098359e28bc3:0xedc10dda8f70b0e3!8m2!3d52.3540134!4d4.9131256!16s%2Fg%2F11c562f_qz!19sChIJw4viWYMJxkcR47Bwj9oNwe0?authuser=0&hl=nl&rclk=1,Amsterdam,coworking space techniek
Treehouse Tribe,https://www.treehousetribe.nl/,hello@treehousetribe.nl,06 46276699,No,Yes,https://www.google.com/maps/place/Treehouse+Tribe/data=!4m7!3m6!1s0x47c609f5e38b5585:0xcf0458dd2f22949!8m2!3d52.3912862!4d4.9056412!16s%2Fg%2F11gzs1d8p1!19sChIJhVWL4_UJxkcRSSny0o1F8Aw?authuser=0&hl=nl&rclk=1,Amsterdam,coworking space techniek
The Social Hub Coworking Amsterdam West,https://www.thesocialhub.co/amsterdam-west/co-working-space/?utm_source=googlemybusiness&utm_medium=organic,font@7.2.96,020 760 4001,No,Yes,https://www.google.com/maps/place/The+Social+Hub+Coworking+Amsterdam+West/data=!4m7!3m6!1s0x47c5e2412e623f97:0x4b9dc33332aab57!8m2!3d52.3719017!4d4.8366951!16s%2Fg%2F11f3mbw4m9!19sChIJlz9iLkHixUcRV6sqMzPcuQQ?authuser=0&hl=nl&rclk=1,Amsterdam,coworking space techniek
StartDock Coworking Keizersgracht 482,https://startdock.nl/nl/,Westplein-12-Rotterdam-1@2x-scaled.jpg,020 244 1798,No,No,https://www.google.com/maps/place/StartDock+Coworking+Keizersgracht+482/data=!4m7!3m6!1s0x47c60994f992c153:0x5911490f2514e035!8m2!3d52.3663339!4d4.8852229!16s%2Fg%2F11gnrw48rk!19sChIJU8GS-ZQJxkcRNeAUJQ9JEVk?authuser=0&hl=nl&rclk=1,Amsterdam,coworking space techniek
TNW City,https://thenextweb.com/spaces,lite-youtube@1.3.1,020 261 6425,No,No,https://www.google.com/maps/place/TNW+City/data=!4m7!3m6!1s0x47c609ea9f09d0bf:0x45d87e43633373ea!8m2!3d52.3666612!4d4.8923996!16s%2Fg%2F11cpn_dwxv!19sChIJv9AJn-oJxkcR6nMzY0N-2EU?authuser=0&hl=nl&rclk=1,Amsterdam,coworking space techniek
Workspace 6,http://www.workspace6.com/,user@domain.com.,06 38146117,No,No,https://www.google.com/maps/place/Workspace+6/data=!4m7!3m6!1s0x47c609cc23e9b67f:0x6daae2e7c380102a!8m2!3d52.3832448!4d4.8889757!16s%2Fg%2F12m9jsly0!19sChIJf7bpI8wJxkcRKhCAw-fiqm0?authuser=0&hl=nl&rclk=1,Amsterdam,coworking space techniek
Bimhuis,http://www.bimhuis.nl/,info@bimhuis.nl,020 788 2150,No,No,https://www.google.com/maps/place/Bimhuis/data=!4m7!3m6!1s0x47c609afa170283f:0x34801f6fc5a26785!8m2!3d52.377965!4d4.912786!16s%2Fm%2F03c2vtd!19sChIJPyhwoa8JxkcRhWeixW8fgDQ?authuser=0&hl=nl&rclk=1,Amsterdam,coworking space techniek
Spaces Rotterdam,https://www.spacesworks.com/nl/nl/6254?utm_source=google_uberall&utm_medium=places&utm_campaign=uberall&utm_content=uberall,enquiries@regus.com,020 259 6537,No,No,https://www.google.com/maps/place/Spaces+Rotterdam/data=!4m7!3m6!1s0x47c43382ecc43fbf:0xad418e2e9f30ee56!8m2!3d51.9207892!4d4.4819265!16s%2Fg%2F11vwhv5f9t!19sChIJvz_E7IIzxEcRVu4wny6OQa0?authuser=0&hl=nl&rclk=1,Rotterdam,coworking space techniek
Vergaderlocatie The Happy Flow | Rotterdam centrum,http://www.thehappyflow.nl/,info@thehappyflow.nl,010 333 5833,No,No,https://www.google.com/maps/place/Vergaderlocatie+The+Happy+Flow+%7C+Rotterdam+centrum/data=!4m7!3m6!1s0x47c43389e6c15779:0x89b2d40ca91a141a!8m2!3d51.913524!4d4.48557!16s%2Fg%2F11hz050qry!19sChIJeVfB5okzxEcRGhQaqQzUsok?authuser=0&hl=nl&rclk=1,Rotterdam,coworking space techniek
Good Place 2 Work,https://www.goodplace2work.com/,info@goodplace2work.com,010 422 2178,No,Yes,https://www.google.com/maps/place/Good+Place+2+Work/data=!4m7!3m6!1s0x47c5cb57280a38f1:0xd0ae80ab740c5fa1!8m2!3d51.9445144!4d4.4755714!16s%2Fg%2F1trrccng!19sChIJ8TgKKFfLxUcRoV8MdKuArtA?authuser=0&hl=nl&rclk=1,Rotterdam,coworking space techniek
Element Offices - Capelle a/d IJssel,https://www.elementoffices.nl/,info@elementoffices.nl,030 760 6300,No,No,https://www.google.com/maps/place/Element+Offices+-+Capelle+a%2Fd+IJssel/data=!4m7!3m6!1s0x47c5cd24231ec815:0x26c1759710f66731!8m2!3d51.958904!4d4.574607!16s%2Fg%2F11yf6qdfrq!19sChIJFcgeIyTNxUcRMWf2EJd1wSY?authuser=0&hl=nl&rclk=1,Rotterdam,coworking space techniek
Social Impact Factory - Vredenburg,https://www.socialimpactfactory.com/,vredenburg@socialimpactfactory.com,030 227 1812,No,No,https://www.google.com/maps/place/Social+Impact+Factory+-+Vredenburg/data=!4m7!3m6!1s0x47c66f42ede95afd:0xfbc82ae5d9f8893d!8m2!3d52.0929579!4d5.1121901!16s%2Fg%2F11c30nz31t!19sChIJ_Vrp7UJvxkcRPYn42eUqyPs?authuser=0&hl=nl&rclk=1,Utrecht,coworking space techniek
Creative Valley Utrecht CS,http://creativevalley.nl/,,030 767 0410,No,No,https://www.google.com/maps/place/Creative+Valley+Utrecht+CS/data=!4m7!3m6!1s0x47c66f63ca43903b:0x283dbd4a2edcd271!8m2!3d52.0912729!4d5.1107247!16s%2Fg%2F11g_zk40x_!19sChIJO5BDymNvxkcRcdLcLkq9PSg?authuser=0&hl=nl&rclk=1,Utrecht,coworking space techniek
Element Offices,https://elementoffices.nl/locaties/leidsche-rijn/?utm_source=Google&utm_medium=Bedrijfsvermelding&utm_campaign=Leidsche%20Rijn,info@elementoffices.nl,030 750 8888,No,No,https://www.google.com/maps/place/Element+Offices/data=!4m7!3m6!1s0x47c6700e568f0863:0xf68b8135feeee210!8m2!3d52.092864!4d5.013594!16s%2Fg%2F11b6hpx0p8!19sChIJYwiPVg5wxkcREOLu_jWBi_Y?authuser=0&hl=nl&rclk=1,Utrecht,coworking space techniek
Social Impact Factory - Aan de Gracht,https://www.socialimpactfactory.com/locaties/aan-de-gracht/?preview=true,aandegracht@socialimpactfactory.com,030 227 3690,No,No,https://www.google.com/maps/place/Social+Impact+Factory+-+Aan+de+Gracht/data=!4m7!3m6!1s0x47c66f068582181b:0x381626adcf3e86b7!8m2!3d52.0922328!4d5.1237906!16s%2Fg%2F11v06j49jc!19sChIJGxiChQZvxkcRt4Y-z60mFjg?authuser=0&hl=nl&rclk=1,Utrecht,coworking space techniek
DE WERF (WERF5),https://werf-utrecht.nl/,info@werf-utrecht.nl,,No,No,https://www.google.com/maps/place/DE+WERF+%28WERF5%29/data=!4m7!3m6!1s0x47c66f43e41da095:0x802ab217f9e4a595!8m2!3d52.0956366!4d5.1160168!16s%2Fg%2F11clzh6q3q!19sChIJlaAd5ENvxkcRlaXk-ReyKoA?authuser=0&hl=nl&rclk=1,Utrecht,coworking space techniek
Spaces House Modernes,https://www.spacesworks.com/nl/nl/5498?utm_source=google_uberall&utm_medium=places&utm_campaign=uberall&utm_content=uberall,enquiries@regus.com,030 899 4070,No,No,https://www.google.com/maps/place/Spaces+House+Modernes/data=!4m7!3m6!1s0x47c66fb4a66a0d93:0xc2169884c302d92e!8m2!3d52.0930634!4d5.1157489!16s%2Fg%2F11p5x877bz!19sChIJkw1qprRvxkcRLtkCw4SYFsI?authuser=0&hl=nl&rclk=1,Utrecht,coworking space techniek
Sparkles,https://sparkles.io/,info@sparkles.io,085 743 0750,No,Yes,https://www.google.com/maps/place/Sparkles/data=!4m7!3m6!1s0x47c6425b9a208c1d:0x63641d34f8424647!8m2!3d52.070729!4d5.259971!16s%2Fg%2F1tzztq7y!19sChIJHYwgmltCxkcRR0ZC-DQdZGM?authuser=0&hl=nl&rclk=1,Utrecht,coworking space techniek
KICK Offices Videolab,https://kickoffices.com/,welkom@kragtgroep.nl,040 240 5017,No,No,https://www.google.com/maps/place/KICK+Offices+Videolab/data=!4m7!3m6!1s0x47c6d95e22969f17:0x49477e70b3edc86b!8m2!3d51.4453386!4d5.4599091!16s%2Fg%2F11j2g1n7_9!19sChIJF5-WIl7ZxkcRa8jts3B-R0k?authuser=0&hl=nl&rclk=1,Eindhoven,coworking space techniek
Workplace Vitality Hub,http://www.workplacevitalityhub.nl/,wpvitalityhub@gmail.com,,No,No,https://www.google.com/maps/place/Workplace+Vitality+Hub/data=!4m7!3m6!1s0x47c6d92fa92e6bbd:0x2a6b16360a7280ee!8m2!3d51.4084333!4d5.4539344!16s%2Fg%2F11pdwdvttv!19sChIJvWsuqS_ZxkcR7oByCjYWayo?authuser=0&hl=nl&rclk=1,Eindhoven,coworking space techniek
Strijp-CS co-working Eindhoven,https://www.strijpcs.nl/,,06 13197466,No,No,https://www.google.com/maps/place/Strijp-CS+co-working+Eindhoven/data=!4m7!3m6!1s0x47c6d96ca154aa5d:0x58a775b3a5c9be63!8m2!3d51.4477285!4d5.4554542!16s%2Fg%2F1tvm1zzd!19sChIJXapUoWzZxkcRY77JpbN1p1g?authuser=0&hl=nl&rclk=1,Eindhoven,coworking space techniek
Microlab Eindhoven Strijp-S,http://microlab.nl/,slick@1.8.1,040 340 0100,No,No,https://www.google.com/maps/place/Microlab+Eindhoven+Strijp-S/data=!4m7!3m6!1s0x47c6d9134ac41f57:0x21be6060758879d9!8m2!3d51.4447222!4d5.4597222!16s%2Fg%2F11c329061q!19sChIJVx_EShPZxkcR2XmIdWBgviE?authuser=0&hl=nl&rclk=1,Eindhoven,coworking space techniek
ASML Building 45,http://www.asml.com/,,040 268 5000,Yes,Yes,https://www.google.com/maps/place/ASML+Building+45/data=!4m7!3m6!1s0x47c6da266ecd9cf5:0xb453c39ac6828a5f!8m2!3d51.4195081!4d5.422742!16s%2Fg%2F11bw472qly!19sChIJ9ZzNbibaxkcRX4qCxprDU7Q?authuser=0&hl=nl&rclk=1,Eindhoven,coworking space techniek
Office to rent – Coworking : Welkin & Meraki,https://www.industriousoffice.com/locations/emmasingel-33-35-eindhoven?utm_source=google&utm_medium=organic-search&utm_campaign=local-google&utm_term=EIN3335EMM&utm_content=local-listing&ind_channel=organic&ind_ls=organic-search,u003eeudistrict.reception@industriousoffice.com,040 231 0137,No,No,https://www.google.com/maps/place/Office+to+rent+%E2%80%93+Coworking+:+Welkin+%26+Meraki/data=!4m7!3m6!1s0x47c6d91c2218b051:0x2f7414cd3816f2d!8m2!3d51.4388746!4d5.4750625!16s%2Fg%2F11h47jdwhh!19sChIJUbAYIhzZxkcRLW-B00xB9wI?authuser=0&hl=nl&rclk=1,Eindhoven,coworking space techniek
Vakwerkhuis,https://www.vakwerkhuis.com/,VWH_Logo_Corner_Black@2x.png,06 36216031,No,No,https://www.google.com/maps/place/Vakwerkhuis/data=!4m7!3m6!1s0x47c5b5eb9edc5555:0x31a13bc05dfb82ff!8m2!3d52.0069772!4d4.3668652!16s%2Fg%2F11h4brwfry!19sChIJVVXcnuu1xUcR_4L7XcA7oTE?authuser=0&hl=nl&rclk=1,Delft,coworking space techniek
The Office Operators Delft Whitepark,https://www.regus.com/nl/nl/5588?utm_source=google_uberall&utm_medium=places&utm_campaign=uberall&utm_content=uberall,enquiries@regus.com,015 800 0200,Yes,No,https://www.google.com/maps/place/The+Office+Operators+Delft+Whitepark/data=!4m7!3m6!1s0x47c5b5f1e424a1b3:0xcc2c2d00a982e873!8m2!3d52.01042!4d4.3752747!16s%2Fg%2F11c3j8xxn4!19sChIJs6Ek5PG1xUcRc-iCqQAtLMw?authuser=0&hl=nl&rclk=1,Delft,coworking space techniek
Tauro kantoorruimte Delft,https://tauro.nl/kantoorruimte-huren/delft/,,088 099 1000,No,No,https://www.google.com/maps/place/Tauro+kantoorruimte+Delft/data=!4m7!3m6!1s0x47c5b5a7d35b76af:0x5f429edae37e531c!8m2!3d51.986601!4d4.3456091!16s%2Fg%2F1tjhwvnl!19sChIJr3Zb06e1xUcRHFN-49qeQl8?authuser=0&hl=nl&rclk=1,Delft,coworking space techniek
Element Offices,https://elementoffices.nl/,info@elementoffices.nl,010 760 9491,No,No,https://www.google.com/maps/place/Element+Offices/data=!4m7!3m6!1s0x47c4335e801e5d1d:0xf6bbd0af5c78fb3!8m2!3d51.908066!4d4.49277!16s%2Fg%2F11tf3r9pd0!19sChIJHV0egF4zxEcRs4_H9Qq9aw8?authuser=0&hl=nl&rclk=1,Delft,coworking space techniek
Boost Lokaal,https://www.newfuturelab.nl/events/openingsevenement-boost-lokaal,boostlokaal@newfuturelab.nl,015 202 4901,No,No,https://www.google.com/maps/place/Boost+Lokaal/data=!4m7!3m6!1s0x47c5b521de40ea1b:0xcb243434289e6391!8m2!3d51.9975663!4d4.3544559!16s%2Fg%2F11vq2c2ffr!19sChIJG-pA3iG1xUcRkWOeKDQ0JMs?authuser=0&hl=nl&rclk=1,Delft,coworking space techniek
Het Stadslokaal,http://www.hetstadslokaal.nl/,,,No,No,https://www.google.com/maps/place/Het+Stadslokaal/data=!4m7!3m6!1s0x47c5c73b6146d409:0x3300f8edf5dfb134!8m2!3d52.1580808!4d4.4889051!16s%2Fg%2F11h0bpzlx2!19sChIJCdRGYTvHxUcRNLHf9e34ADM?authuser=0&hl=nl&rclk=1,Leiden,coworking space techniek
Frame Offices Leiden Kanaalpark,http://www.frameoffices.com/,sales@frameoffices.com,088 030 4071,No,No,https://www.google.com/maps/place/Frame+Offices+Leiden+Kanaalpark/data=!4m7!3m6!1s0x47c5c663a500a663:0xbc555d1a6d8966c2!8m2!3d52.1447429!4d4.4968873!16s%2Fg%2F11cn3w38q9!19sChIJY6YApWPGxUcRwmaJbRpdVbw?authuser=0&hl=nl&rclk=1,Leiden,coworking space techniek
Urban Sync B.V.,http://www.urbansync.nl/,Info@urbansync.nl,071 207 0073,No,No,https://www.google.com/maps/place/Urban+Sync+B.V./data=!4m7!3m6!1s0x47c5c7578f7cdfa9:0x603d1f94868bdc56!8m2!3d52.163696!4d4.492055!16s%2Fg%2F11lgd13xns!19sChIJqd98j1fHxUcRVtyLhpQfPWA?authuser=0&hl=nl&rclk=1,Leiden,coworking space techniek
Regus - Leiden Bio Science Park,https://www.regus.com/nl/nl/5384?utm_source=google_uberall&utm_medium=places&utm_campaign=uberall&utm_content=uberall,enquiries@regus.com,071 799 7000,Yes,No,https://www.google.com/maps/place/Regus+-+Leiden+Bio+Science+Park/data=!4m7!3m6!1s0x47c5c770691f9a3b:0x1e3590f9e0c54ec8!8m2!3d52.1650597!4d4.4710766!16s%2Fg%2F11h51bdsxc!19sChIJO5ofaXDHxUcRyE7F4PmQNR4?authuser=0&hl=nl&rclk=1,Leiden,coworking space techniek
Element Offices,https://elementoffices.nl/locaties/leiden/,info@elementoffices.nl,030 750 8888,No,No,https://www.google.com/maps/place/Element+Offices/data=!4m7!3m6!1s0x47c5c6e8e53abc4d:0xf68b18f81c12c3b5!8m2!3d52.166328!4d4.480918!16s%2Fg%2F11b6gp7bjy!19sChIJTbw65ejGxUcRtcMSHPgYi_Y?authuser=0&hl=nl&rclk=1,Leiden,coworking space techniek
Het GroenOord Work & Play,http://www.hetgroenoord.com/,info@hetgroenoord.com,071 303 0136,No,No,https://www.google.com/maps/place/Het+GroenOord+Work+%26+Play/data=!4m7!3m6!1s0x47c5c7ebb67f2e89:0x4e24ff36bc97b9ac!8m2!3d52.1691932!4d4.494184!16s%2Fg%2F11h6rntrg4!19sChIJiS5_tuvHxUcRrLmXvDb_JE4?authuser=0&hl=nl&rclk=1,Leiden,coworking space techniek
De Dorus - Coworking,http://www.dedorus.nl/,info@dedorus.nl,071 203 4055,No,No,https://www.google.com/maps/place/De+Dorus+-+Coworking/data=!4m7!3m6!1s0x47c5c7a377dffc85:0x5b2a98e0f6607b84!8m2!3d52.1594546!4d4.5138572!16s%2Fg%2F11m9qrvjv5!19sChIJhfzfd6PHxUcRhHtg9uCYKls?authuser=0&hl=nl&rclk=1,Leiden,coworking space techniek
Amsterdam Innovation Arena,http://amsterdaminnovationarena.com/,a8da803e755248e5b9a93ed172549901@o82123.ingest.sentry.io,,Yes,No,https://www.google.com/maps/place/Amsterdam+Innovation+Arena/data=!4m7!3m6!1s0x47c60b965241fec3:0x7483b95373f2ba92!8m2!3d52.3143277!4d4.940927!16s%2Fg%2F11dd_p9pvj!19sChIJw_5BUpYLxkcRkrryc1O5g3Q?authuser=0&hl=nl&rclk=1,Amsterdam,innovatiecentrum
Matrix Innovation Centers,http://www.matrixic.nl/,welcome@matrixic.nl,020 888 4500,No,No,https://www.google.com/maps/place/Matrix+Innovation+Centers/data=!4m7!3m6!1s0x47c6094580ce7efb:0x6f59f5ccdc976da0!8m2!3d52.3557161!4d4.9550728!16s%2Fg%2F11bwnd1k5b!19sChIJ-37OgEUJxkcRoG2X3Mz1WW8?authuser=0&hl=nl&rclk=1,Amsterdam,innovatiecentrum
THINC. The Healthcare Innovation Center,http://www.thinc.healthcare/,,06 31117766,No,No,https://www.google.com/maps/place/THINC.+The+Healthcare+Innovation+Center/data=!4m7!3m6!1s0x47c5e161dab1f629:0x9f13291da6caacb6!8m2!3d52.0865637!4d5.1803343!16s%2Fg%2F1tfsm54g!19sChIJKfax2mHhxUcRtqzKph0pE58?authuser=0&hl=nl&rclk=1,Utrecht,innovatiecentrum
Technische Unie Servicecentrum Utrecht,https://www.technischeunie.nl/,jouw@email.nl,030 263 1631,No,No,https://www.google.com/maps/place/Technische+Unie+Servicecentrum+Utrecht/data=!4m7!3m6!1s0x47c66e546a1dc6fb:0x9be4f49c73c24658!8m2!3d52.0565886!4d5.1037905!16s%2Fg%2F1tz70m5s!19sChIJ-8YdalRuxkcRWEbCc5z05Js?authuser=0&hl=nl&rclk=1,Utrecht,innovatiecentrum
Ynnovate | Boosting Public Innovation,https://ynnovate.it/,contact@ynnovate.it,06 15278824,No,No,https://www.google.com/maps/place/Ynnovate+%7C+Boosting+Public+Innovation/data=!4m7!3m6!1s0x47c609823e758a75:0x26d1fa481e47dc83!8m2!3d52.0736793!4d5.1207703!16s%2Fg%2F11c582284v!19sChIJdYp1PoIJxkcRg9xHHkj60SY?authuser=0&hl=nl&rclk=1,Utrecht,innovatiecentrum
Technische Unie Opleidingscentrum,https://www.technischeunie.nl/,jouw@email.nl,030 263 1600,No,No,https://www.google.com/maps/place/Technische+Unie+Opleidingscentrum/data=!4m7!3m6!1s0x47c671d73af2c301:0x3ca37c05f7d13e5c!8m2!3d52.056706!4d5.1040917!16s%2Fg%2F1jkwn_mb6!19sChIJAcPyOtdxxkcRXD7R9wV8ozw?authuser=0&hl=nl&rclk=1,Utrecht,innovatiecentrum
Utrecht Sustainability Institute,http://www.usi.nl/,,030 253 7206,No,No,https://www.google.com/maps/place/Utrecht+Sustainability+Institute/data=!4m7!3m6!1s0x47c6689b1bec75ab:0x9ea03d222267141a!8m2!3d52.0851425!4d5.1743966!16s%2Fg%2F11g_53gs1!19sChIJq3XsG5toxkcRGhRnIiI9oJ4?authuser=0&hl=nl&rclk=1,Utrecht,innovatiecentrum
ROM Utrecht Region,http://www.romutrechtregion.nl/,info@romutrechtregion.nl,085 022 1344,Yes,No,https://www.google.com/maps/place/ROM+Utrecht+Region/data=!4m7!3m6!1s0x47c6697fec4970dd:0x5e815dfae0650304!8m2!3d52.0894177!4d5.1483681!16s%2Fg%2F11mv0z3mhr!19sChIJ3XBJ7H9pxkcRBANl4PpdgV4?authuser=0&hl=nl&rclk=1,Utrecht,innovatiecentrum
Holland Innovative,http://www.holland-innovative.nl/,,040 851 4610,No,No,https://www.google.com/maps/place/Holland+Innovative/data=!4m7!3m6!1s0x47c6d9bf762e225b:0xeba19a7b023eaa9!8m2!3d51.4118072!4d5.453896!16s%2Fg%2F1vlqpf75!19sChIJWyIudr_ZxkcRqeojsKcZug4?authuser=0&hl=nl&rclk=1,Eindhoven,innovatiecentrum
AI Innovation Center,http://www.aiinnovationcenter.nl/,philipp.werle@hightechcampus.com,,Yes,Yes,https://www.google.com/maps/place/AI+Innovation+Center/data=!4m7!3m6!1s0x47c6d92d474860c7:0x51dd2ff618106330!8m2!3d51.4100512!4d5.4548867!16s%2Fg%2F11s8x3lq6r!19sChIJx2BIRy3ZxkcRMGMQGPYv3VE?authuser=0&hl=nl&rclk=1,Eindhoven,innovatiecentrum
HTC 11,http://www.hightechcampus.com/,info@hightechcampus.com,040 274 8108,Yes,Yes,https://www.google.com/maps/place/HTC+11/data=!4m7!3m6!1s0x47c6d9957ed91bbd:0xec59547b7ee6309!8m2!3d51.4120579!4d5.4526644!16s%2Fg%2F11clvnghj2!19sChIJvRvZfpXZxkcRCWPut0eVxQ4?authuser=0&hl=nl&rclk=1,Eindhoven,innovatiecentrum
High Tech Campus 85,https://insights.hightechcampus.com/nl-nl/download_brochure_htc85_lp,fdc-colophon@2x.png,040 230 5500,No,No,https://www.google.com/maps/place/High+Tech+Campus+85/data=!4m7!3m6!1s0x47c6d97a4767f40b:0xddeb01803e29e75a!8m2!3d51.4082861!4d5.4538596!16s%2Fg%2F11qmx3f339!19sChIJC_RnR3rZxkcRWucpPoAB690?authuser=0&hl=nl&rclk=1,Eindhoven,innovatiecentrum
Delft Campus,https://www.ns.nl/stationsinformatie/dtcp/delft-campus,f24828e1ee614c16ad63fa0630e4e045@o71339.ingest.us.sentry.io,,No,No,https://www.google.com/maps/place/Delft+Campus/data=!4m7!3m6!1s0x47c5b5997987f257:0xab1bbd45810303d1!8m2!3d51.9909508!4d4.3648561!16s%2Fm%2F03m4v4m!19sChIJV_KHeZm1xUcR0QMDgUW9G6s?authuser=0&hl=nl&rclk=1,Delft,innovatiecentrum
World Horti Center,http://www.worldhorticenter.nl/,IMG_2114@rolfvankoppenfotografie-300x450.jpg,0174 385 600,No,No,https://www.google.com/maps/place/World+Horti+Center/data=!4m7!3m6!1s0x47c5b25483d72c67:0x58d3ba11305cc7cd!8m2!3d51.9933836!4d4.2265225!16s%2Fg%2F11f__2536j!19sChIJZyzXg1SyxUcRzcdcMBG601g?authuser=0&hl=nl&rclk=1,Delft,innovatiecentrum
Innovatie Centrum Duurzaam Bouwen,http://www.icdubo.nl/,info@icdubo.nl,010 415 7244,No,No,https://www.google.com/maps/place/Innovatie+Centrum+Duurzaam+Bouwen/data=!4m7!3m6!1s0x47c43527af06484b:0x7812022034f90aa!8m2!3d51.9164071!4d4.3357615!16s%2Fg%2F1th1bx4z!19sChIJS0gGryc1xEcRqpBPAyIggQc?authuser=0&hl=nl&rclk=1,Delft,innovatiecentrum
Van der Knaap Groep - Innovatiecentrum 'de Kas',https://www.vanderknaap.info/nl/innovatie/innovatiecentrum-de-kas,vdk@vanderknaap.info,0174 296 606,No,No,https://www.google.com/maps/place/Van+der+Knaap+Groep+-+Innovatiecentrum+%27de+Kas%27/data=!4m7!3m6!1s0x47c5b3ce62865bdf:0xe7aacf91559a9a7!8m2!3d52.0170256!4d4.2402049!16s%2Fg%2F11c4604123!19sChIJ31uGYs6zxUcRp6lZFfmseg4?authuser=0&hl=nl&rclk=1,Delft,innovatiecentrum
Stichting I-EM Delft,http://www.i-emdelft.nl/,info@I-EMDelft.nl,06 11199668,No,No,https://www.google.com/maps/place/Stichting+I-EM+Delft/data=!4m7!3m6!1s0x47c5b590ce5efc9d:0x68f83b1f82f94873!8m2!3d51.994948!4d4.3654131!16s%2Fg%2F11j8ln4s8y!19sChIJnfxezpC1xUcRc0j5gh87-Gg?authuser=0&hl=nl&rclk=1,Delft,innovatiecentrum
ICLON - Universiteit Leiden,https://www.universiteitleiden.nl/iclon,,071 527 4015,No,No,https://www.google.com/maps/place/ICLON+-+Universiteit+Leiden/data=!4m7!3m6!1s0x47c5c6e7bb50893b:0x5d5627cbbbf2945a!8m2!3d52.168291!4d4.475593!16s%2Fg%2F1tycvvfm!19sChIJO4lQu-fGxUcRWpTyu8snVl0?authuser=0&hl=nl&rclk=1,Leiden,innovatiecentrum
Technolab Leiden,http://www.technolableiden.nl/,info@technolableiden.nl,071 519 1324,No,No,https://www.google.com/maps/place/Technolab+Leiden/data=!4m7!3m6!1s0x47c5c6ed23fbe175:0xaeae65fc9d4a6842!8m2!3d52.146165!4d4.4928094!16s%2Fg%2F11cn74b7gz!19sChIJdeH7I-3GxUcRQmhKnfxlrq4?authuser=0&hl=nl&rclk=1,Leiden,innovatiecentrum
Key Region Leiden,https://www.keyregionleiden.nl/,200327_UMV_Logo_Vertic_Blauw_FC-Dietmar-Lander.png@2x-1.png,06 52757986,No,No,https://www.google.com/maps/place/Key+Region+Leiden/data=!4m7!3m6!1s0x47c5c71c5a46786d:0x97be6dfa26166083!8m2!3d52.1647821!4d4.4839349!16s%2Fg%2F11xlbb3n98!19sChIJbXhGWhzHxUcRg2AWJvptvpc?authuser=0&hl=nl&rclk=1,Leiden,innovatiecentrum
Biotech Training Facility,http://www.biotechtrainingfacility.com/,,088 283 0100,No,Yes,https://www.google.com/maps/place/Biotech+Training+Facility/data=!4m7!3m6!1s0x47c5c6e1c9dc8e27:0x595c456397108343!8m2!3d52.167761!4d4.4675728!16s%2Fg%2F11c45n_cjw!19sChIJJ47cyeHGxUcRQ4MQl2NFXFk?authuser=0&hl=nl&rclk=1,Leiden,innovatiecentrum
Mad Science Zuid-Holland,http://nederland.madscience.org/,,088 030 3350,No,No,https://www.google.com/maps/place/Mad+Science+Zuid-Holland/data=!4m7!3m6!1s0x47c5cb07eeb43235:0x90bebb16767961e6!8m2!3d51.9451291!4d4.4127954!16s%2Fg%2F11cmdh2jpr!19sChIJNTK07gfLxUcR5mF5dha7vpA?authuser=0&hl=nl&rclk=1,Rotterdam,science park startup
Spark design & innovation,http://www.sparkdesign.nl/,mail@sparkdesign.nl,010 244 5777,No,No,https://www.google.com/maps/place/Spark+design+%26+innovation/data=!4m7!3m6!1s0x47c434e4ca2ee435:0xcdb843c54260a05e!8m2!3d51.9068035!4d4.4317338!16s%2Fg%2F1tj56y_g!19sChIJNeQuyuQ0xEcRXqBgQsVDuM0?authuser=0&hl=nl&rclk=1,Rotterdam,science park startup
Rotterdam Square,http://www.rotterdamsquare.nl/,,010 322 8000,Yes,Yes,https://www.google.com/maps/place/Rotterdam+Square/data=!4m7!3m6!1s0x8627a901e79d57ef:0x42b4af010ebbfc3f!8m2!3d51.9106219!4d4.4671125!16s%2Fg%2F11ty8_z2b6!19sChIJ71ed5wGpJ4YRP_y7DgGvtEI?authuser=0&hl=nl&rclk=1,Rotterdam,science park startup
Utrecht Science Park Zeist,http://scienceparkzeist.nl/,info@utrechtsciencepark.nl,030 208 3100,No,No,https://www.google.com/maps/place/Utrecht+Science+Park+Zeist/data=!4m7!3m6!1s0x47c669a8d7f5c4d7:0x99da47ef4f6fe4ba!8m2!3d52.0925763!4d5.2214396!16s%2Fg%2F11tns5hm_8!19sChIJ18T116hpxkcRuuRvT-9H2pk?authuser=0&hl=nl&rclk=1,Utrecht,science park startup
Genmab R&D Center,https://www.kadanssciencepartner.nl/portfolio-items/genmab-r-d-center-utrecht-research-development/,wght@14..32,030 212 3123,Yes,No,https://www.google.com/maps/place/Genmab+R%26D+Center/data=!4m7!3m6!1s0x47c669affe4769f9:0x68f2ccbd679d9754!8m2!3d52.09045!4d5.176741!16s%2Fg%2F11pzjwkd7g!19sChIJ-WlH_q9pxkcRVJedZ73M8mg?authuser=0&hl=nl&rclk=1,Utrecht,science park startup
Neways Electronics International N.V.,https://www.newayselectronics.com/?utm_source=gmb&utm_medium=organic&utm_campaign=gmb,,040 267 9200,No,No,https://www.google.com/maps/place/Neways+Electronics+International+N.V./data=!4m7!3m6!1s0x47c6de9722983401:0x4628a44df6fe8918!8m2!3d51.4972222!4d5.4583333!16s%2Fg%2F1tk1y83b!19sChIJATSYIpfexkcRGIn-9k2kKEY?authuser=0&hl=nl&rclk=1,Eindhoven,science park startup
Centric Son en Breugel,https://www.centric.eu/NL/Default,,040 260 4911,No,Yes,https://www.google.com/maps/place/Centric+Son+en+Breugel/data=!4m7!3m6!1s0x47c6d971cb81a0b5:0x166f8731b4dfdd8b!8m2!3d51.5006074!4d5.4630981!16s%2Fg%2F1thg9p8f!19sChIJtaCBy3HZxkcRi93ftDGHbxY?authuser=0&hl=nl&rclk=1,Eindhoven,science park startup
TU Delft Science Centre,https://map.tudelftcampus.nl/nl/poi/bouwcampus/,,,No,No,https://www.google.com/maps/place/TU+Delft+Science+Centre/data=!4m7!3m6!1s0x47c5b58eb3695a8d:0x150ac1c6e0ccbc!8m2!3d51.9977033!4d4.378522!16s%2Fg%2F11c60268v_!19sChIJjVpps461xUcRvMzgxsEKFQA?authuser=0&hl=nl&rclk=1,Delft,science park startup
TU Delft Science Centre,https://www.tudelft.nl/sciencecentre,,015 278 5200,No,No,https://www.google.com/maps/place/TU+Delft+Science+Centre/data=!4m7!3m6!1s0x47c5b53f87c56153:0xbce56253f98175f2!8m2!3d51.9979797!4d4.3785212!16s%2Fg%2F11x0c6ytjy!19sChIJU2HFhz-1xUcR8nWB-VNi5bw?authuser=0&hl=nl&rclk=1,Delft,science park startup
Van Nelle Fabriek,http://www.vannellefabriekrotterdam.com/,vannelle@dudok.nl,010 750 3500,No,No,https://www.google.com/maps/place/Van+Nelle+Fabriek/data=!4m7!3m6!1s0x47c434dbef67837d:0xa584e84c23c01cc6!8m2!3d51.923207!4d4.433472!16s%2Fm%2F06zs2r_!19sChIJfYNn79s0xEcRxhzAI0zohKU?authuser=0&hl=nl&rclk=1,Delft,science park startup
A Lab,http://www.a-lab.nl/,info@a-lab.nl,020 820 2363,No,No,https://www.google.com/maps/place/A+Lab/data=!4m7!3m6!1s0x47c609b46914f76f:0x3e919fa7a986ec59!8m2!3d52.3842194!4d4.9029639!16s%2Fg%2F1ygvszvtg!19sChIJb_cUabQJxkcRWeyGqaefkT4?authuser=0&hl=nl&rclk=1,Amsterdam,startup lab
the MRO Lab @Amsterdam,http://www.afiklmem.com/AFIKLMEM/en/g_page_standard/MRO_lab_Innovations/About_The_MRO_Lab.html,recrutement@crma.fr,,No,Yes,https://www.google.com/maps/place/the+MRO+Lab+@Amsterdam/data=!4m7!3m6!1s0x47c5e0fe558aa1c7:0x651b2fe052bdf814!8m2!3d52.303901!4d4.800364!16s%2Fg%2F11f043_h8l!19sChIJx6GKVf7gxUcRFPi9UuAvG2U?authuser=0&hl=nl&rclk=1,Amsterdam,startup lab
NLT Lab,http://www.nlt-lab.com/,,020 894 2567,No,No,https://www.google.com/maps/place/NLT+Lab/data=!4m7!3m6!1s0x47c609a1eee60f21:0x42733db0f16f0e32!8m2!3d52.3654894!4d4.8865389!16s%2Fg%2F11z1402240!19sChIJIQ_m7qEJxkcRMg5v8bA9c0I?authuser=0&hl=nl&rclk=1,Amsterdam,startup lab
Docklab,http://www.docklab.nl/,office@docklab.nl,06 16007682,Yes,Yes,https://www.google.com/maps/place/Docklab/data=!4m7!3m6!1s0x47c434a7c49aaaab:0x93ce118d9a970625!8m2!3d51.9112347!4d4.4782892!16s%2Fg%2F11fm32zmgg!19sChIJq6qaxKc0xEcRJQaXmo0RzpM?authuser=0&hl=nl&rclk=1,Rotterdam,startup lab
U-Lab,https://u-lab.nl/nl,info@u-lab.nl.,010 244 3333,No,No,https://www.google.com/maps/place/U-Lab/data=!4m7!3m6!1s0x47c42d5737c4739f:0xdd938c236ac00f3c!8m2!3d51.9216554!4d4.5838656!16s%2Fg%2F1vj5zctn!19sChIJn3PEN1ctxEcRPA_AaiOMk90?authuser=0&hl=nl&rclk=1,Rotterdam,startup lab
Rotterdam Mobility Lab B.V.,https://mobilitylab.nl/,,010 402 6903,No,No,https://www.google.com/maps/place/Rotterdam+Mobility+Lab+B.V./data=!4m7!3m6!1s0x47c4335d61fdc361:0x3304c691b5eedb45!8m2!3d51.9149843!4d4.487666!16s%2Fg%2F11cst2j843!19sChIJYcP9YV0zxEcRRdvutZHGBDM?authuser=0&hl=nl&rclk=1,Rotterdam,startup lab
Stichting HET LAB Rotterdam,http://www.hetlabrotterdam.nl/,,06 22979281,No,No,https://www.google.com/maps/place/Stichting+HET+LAB+Rotterdam/data=!4m7!3m6!1s0x47c434bc4afc0725:0x1eb5f14cb5b45a78!8m2!3d51.9029364!4d4.4493918!16s%2Fg%2F11f03r_4ct!19sChIJJQf8Srw0xEcReFq0tUzxtR4?authuser=0&hl=nl&rclk=1,Rotterdam,startup lab
Microlab Rotterdam,https://microlab.nl/,slick@1.8.1,085 023 3135,No,No,https://www.google.com/maps/place/Microlab+Rotterdam/data=!4m7!3m6!1s0x47c435a4b00a583b:0x1d62d8075b8f1914!8m2!3d51.9210929!4d4.4776395!16s%2Fg%2F11n_h_86j6!19sChIJO1gKsKQ1xEcRFBmPWwfYYh0?authuser=0&hl=nl&rclk=1,Rotterdam,startup lab
Stadslab Rotterdam,https://www.stadslabrotterdam.nl/,cmi-stadslab@hr.nl.,,No,No,https://www.google.com/maps/place/Stadslab+Rotterdam/data=!4m7!3m6!1s0x47c4335dcec85ead:0x6a0569ab6a259b60!8m2!3d51.9173355!4d4.4846177!16s%2Fg%2F11c3k95lz7!19sChIJrV7Izl0zxEcRYJslaqtpBWo?authuser=0&hl=nl&rclk=1,Rotterdam,startup lab
Bopinc,https://www.bopinc.org/,,030 410 0910,No,No,https://www.google.com/maps/place/Bopinc/data=!4m7!3m6!1s0x47c66f420fc6f8d9:0x28beddf0e067ac21!8m2!3d52.0806942!4d5.1194019!16s%2Fg%2F1w8w96x8!19sChIJ2fjGD0JvxkcRIaxn4PDdvig?authuser=0&hl=nl&rclk=1,Utrecht,startup lab
UU Skills Lab,http://www.uu.nl/skillslab,skillslab@uu.nl,030 253 6300,No,No,https://www.google.com/maps/place/UU+Skills+Lab/data=!4m7!3m6!1s0x47c669469d66fdc1:0x215f0473c0addfae!8m2!3d52.0844544!4d5.1727194!16s%2Fg%2F11fnjhtc2w!19sChIJwf1mnUZpxkcRrt-twHMEXyE?authuser=0&hl=nl&rclk=1,Utrecht,startup lab
Lab Digital,http://labdigital.nl/,info@labdigital.nl,085 060 3980,No,Yes,https://www.google.com/maps/place/Lab+Digital/data=!4m7!3m6!1s0x47c66f70ca191067:0xedb6999375190d6d!8m2!3d52.1003953!4d5.0639829!16s%2Fg%2F11bvv_51gx!19sChIJZxAZynBvxkcRbQ0ZdZOZtu0?authuser=0&hl=nl&rclk=1,Utrecht,startup lab
Earth Simulation Lab,https://www.uu.nl/earth-simulation-lab,,,No,No,https://www.google.com/maps/place/Earth+Simulation+Lab/data=!4m7!3m6!1s0x47c669ef8fdc2d67:0x9ad38914b0309ce9!8m2!3d52.0887484!4d5.1648674!16s%2Fg%2F11htxx6j67!19sChIJZy3cj-9pxkcR6ZwwsBSJ05o?authuser=0&hl=nl&rclk=1,Utrecht,startup lab
LAB-1,https://www.lab-1.nl/,info@lab-1.nl,040 209 4091,No,No,https://www.google.com/maps/place/LAB-1/data=!4m7!3m6!1s0x47c6d8fd69d41d17:0x7ad6ea64ad7ab226!8m2!3d51.4371369!4d5.4777886!16s%2Fg%2F11dz5kwj9s!19sChIJFx3Uaf3YxkcRJrJ6rWTq1no?authuser=0&hl=nl&rclk=1,Eindhoven,startup lab
Natlab,https://www.natlab.nl/,,040 294 6848,Yes,No,https://www.google.com/maps/place/Natlab/data=!4m7!3m6!1s0x47c6d8566c2aec63:0x6016d359fe443000!8m2!3d51.4459238!4d5.454182!16s%2Fg%2F12vt153cb!19sChIJY-wqbFbYxkcRADBE_lnTFmA?authuser=0&hl=nl&rclk=1,Eindhoven,startup lab
Stadslab Eindhoven,http://www.stadslabeindhoven.nl/,info@madlab.nl,040 213 3032,No,No,https://www.google.com/maps/place/Stadslab+Eindhoven/data=!4m7!3m6!1s0x47c6d9a1b8b08a0b:0x4eecd9ac8c818056!8m2!3d51.4381343!4d5.4876593!16s%2Fg%2F11sx98pkml!19sChIJC4qwuKHZxkcRVoCBjKzZ7E4?authuser=0&hl=nl&rclk=1,Eindhoven,startup lab
Makerlab - TU Delft Science Centre,https://www.tudelft.nl/sciencecentre/maken/makerlab,makerlab-sc@tudelft.nl,,No,No,https://www.google.com/maps/place/Makerlab+-+TU+Delft+Science+Centre/data=!4m7!3m6!1s0x47c5b5002db3f59f:0xd5b695c86fea7be3!8m2!3d51.9978989!4d4.3786535!16s%2Fg%2F11vr44pcl1!19sChIJn_WzLQC1xUcR43vqb8iVttU?authuser=0&hl=nl&rclk=1,Delft,startup lab
RoboHouse,https://robohouse.nl/,info@robohouse.nl,015 760 1600,No,No,https://www.google.com/maps/place/RoboHouse/data=!4m7!3m6!1s0x47c5b5ec60b4ee4b:0xfcfd08d02a355ded!8m2!3d51.9917232!4d4.3892714!16s%2Fg%2F11cjk3wqt1!19sChIJS-60YOy1xUcR7V01KtAI_fw?authuser=0&hl=nl&rclk=1,Delft,startup lab
Cultuurlab,http://www.cultuurlab.nl/,info@cultuurlab.nl,06 10078869,No,No,https://www.google.com/maps/place/Cultuurlab/data=!4m7!3m6!1s0x47c5b5c1e6b9d64b:0x2e63e58846c0e6a3!8m2!3d52.0087119!4d4.3613122!16s%2Fg%2F11fzw2xd4t!19sChIJS9a55sG1xUcRo-bARojlYy4?authuser=0&hl=nl&rclk=1,Delft,startup lab
Café Labs,http://www.cafelabs.nl/,info@cafelabs.nl,015 206 1511,No,No,https://www.google.com/maps/place/Caf%C3%A9+Labs/data=!4m7!3m6!1s0x47c5b58db2e21557:0x6470c836f304cf5e!8m2!3d52.0002378!4d4.3760594!16s%2Fg%2F11d_ww5lp9!19sChIJVxXiso21xUcRXs8E8zbIcGQ?authuser=0&hl=nl&rclk=1,Delft,startup lab
Drukkerij Het Leidse Lab,http://hetleidselab.nl/,,071 204 1822,No,No,https://www.google.com/maps/place/Drukkerij+Het+Leidse+Lab/data=!4m7!3m6!1s0x47c5c717d9121925:0xa8781cec846e6a1b!8m2!3d52.1628723!4d4.4949213!16s%2Fg%2F11r3sj_1lz!19sChIJJRkS2RfHxUcRG2puhOwceKg?authuser=0&hl=nl&rclk=1,Leiden,startup lab
Het LEF - Leiden Education Fieldlab,https://www.leidenkennisstad.nl/hetlef/,info@hetlef.nl,06 18073723,No,No,https://www.google.com/maps/place/Het+LEF+-+Leiden+Education+Fieldlab/data=!4m7!3m6!1s0x47c5c72858f6b68b:0x6e5931a962d36be7!8m2!3d52.1462321!4d4.492993!16s%2Fg%2F11thhgqgd6!19sChIJi7b2WCjHxUcR52vTYqkxWW4?authuser=0&hl=nl&rclk=1,Leiden,startup lab
Leyden Laboratories Bv,http://leydenlabs.com/,,,No,No,https://www.google.com/maps/place/Leyden+Laboratories+Bv/data=!4m7!3m6!1s0x47c609c312532e2d:0x1cd7fcd376fbe58b!8m2!3d52.1657642!4d4.4587439!16s%2Fg%2F11mv_4lwsx!19sChIJLS5TEsMJxkcRi-X7dtP81xw?authuser=0&hl=nl&rclk=1,Leiden,startup lab
