Name,Email,Website,Google Maps URL,Phone,City
La Cucaracha,,http://cuca.nl/?page_id=1263,https://www.google.com/maps/place/La+Cucaracha/data=!4m7!3m6!1s0x47c609b9c05f6e4b:0x693ff1aaf8607e30!8m2!3d52.375866!4d4.9009435!16s%2Fg%2F11h4ydlf7v!19sChIJS25fwLkJxkcRMH5g-KrxP2k?authuser=0&hl=nl&rclk=1,Telefoon: 020 800 5000,Amsterdam
MFAS,mfas@mfas.net,http://mfas.net/,https://www.google.com/maps/place/MFAS/data=!4m7!3m6!1s0x47c60b247aa43185:0x4c683b44f80b507f!8m2!3d52.2940501!4d4.9598155!16s%2Fg%2F11tmn08np_!19sChIJhTGkeiQLxkcRf1AL-EQ7aEw?authuser=0&hl=nl&rclk=1,Telefoon: 020 566 4674,Amsterdam
Universiteit van Amsterdam,,https://www.uva.nl/,https://www.google.com/maps/place/Universiteit+van+Amsterdam/data=!4m7!3m6!1s0x47c60974445cf937:0xed04625b98d0e097!8m2!3d52.3558182!4d4.9557263!16zL20vMDJucTEw!19sChIJN_lcRHQJxkcRl-DQmFtiBO0?authuser=0&hl=nl&rclk=1,,Amsterdam
N.S.V. Carolus Magnus 🎓,info@carolusmagnus.nl,http://www.carolusmagnus.nl/,https://www.google.com/maps/place/N.S.V.+Carolus+Magnus+%F0%9F%8E%93/data=!4m7!3m6!1s0x47c7085aacad6cf3:0x4ee472687195c2b3!8m2!3d51.8437965!4d5.8687089!16s%2Fg%2F12yyghtqg!19sChIJ82ytrFoIx0cRs8KVcWhy5E4?authuser=0&hl=nl&rclk=1,Telefoon: 024 323 1705,Amsterdam
ASC / AVSV,issa@asc-avsv.nl,http://www.asc-avsv.nl/,https://www.google.com/maps/place/ASC+%2F+AVSV/data=!4m7!3m6!1s0x47c609c760f82261:0x7ea37e1d729cd3fd!8m2!3d52.3734254!4d4.895581!16s%2Fg%2F1w111d6c!19sChIJYSL4YMcJxkcR_dOcch1-o34?authuser=0&hl=nl&rclk=1,,Amsterdam
Stichting De Heilige Zeug,info@nonomes.nl,https://www.nonomes.nl/societeit,https://www.google.com/maps/place/Stichting+De+Heilige+Zeug/data=!4m7!3m6!1s0x47c609b8851b76a7:0x9f0b85a9eb4e47aa!8m2!3d52.3740903!4d4.8964311!16s%2Fg%2F1tf8s94c!19sChIJp3YbhbgJxkcRqkdO66mFC58?authuser=0&hl=nl&rclk=1,Telefoon: 06 16198508,Amsterdam
A.S.S.W.S.V. SKITS,bestuur@SKITS.nl,http://www.skits.nl/,https://www.google.com/maps/place/A.S.S.W.S.V.+SKITS/data=!4m7!3m6!1s0x47c60997ebf9ae55:0x9b8006cae29f31f2!8m2!3d52.3492694!4d4.9445436!16s%2Fg%2F11fvq_ky7_!19sChIJVa7565cJxkcR8jGf4soGgJs?authuser=0&hl=nl&rclk=1,,Amsterdam
La tequilera,,,https://www.google.com/maps/place/La+tequilera/data=!4m7!3m6!1s0x47c609c1cf52fb65:0xcfd38ae75e81676e!8m2!3d52.3514798!4d4.8947441!16s%2Fg%2F11pqzwfc1t!19sChIJZftSz8EJxkcRbmeBXueK088?authuser=0&hl=nl&rclk=1,,Amsterdam
Studentenvereniging SSRA,bestuur@ssra.nl,http://www.ssra.nl/,https://www.google.com/maps/place/Studentenvereniging+SSRA/data=!4m7!3m6!1s0x47c609e7dea49be5:0x24a5d10645b5c2d8!8m2!3d52.3656259!4d4.8806911!16s%2Fg%2F1tqckf02!19sChIJ5Zuk3ucJxkcR2MK1RQbRpSQ?authuser=0&hl=nl&rclk=1,Telefoon: 020 623 9437,Amsterdam
Studievereniging Innovatie En Technologie,bestuur@svsit.nl,http://svsit.nl/,https://www.google.com/maps/place/Studievereniging+Innovatie+En+Technologie/data=!4m7!3m6!1s0x47c6099a46c34d43:0x362d3baf70373e3b!8m2!3d52.3592503!4d4.9086467!16s%2Fg%2F11gbfrspvb!19sChIJQ03DRpoJxkcROz43cK87LTY?authuser=0&hl=nl&rclk=1,,Amsterdam
Studievereniging BSKA,studieverenigingbska@gmail.com,http://www.studieverenigingbska.nl/,https://www.google.com/maps/place/Studievereniging+BSKA/data=!4m7!3m6!1s0x47c60a148c1435a1:0xf6f111d289ae0e1d!8m2!3d52.3592165!4d4.9098998!16s%2Fg%2F11c2j3xyv4!19sChIJoTUUjBQKxkcRHQ6uidIR8fY?authuser=0&hl=nl&rclk=1,,Amsterdam
Study Association STORM,board@svstorm.nl,http://svstorm.nl/,https://www.google.com/maps/place/Study+Association+STORM/data=!4m7!3m6!1s0x47c60a0921c44ac3:0xcddead016ce4f015!8m2!3d52.332828!4d4.866887!16s%2Fg%2F1tcvb2m0!19sChIJw0rEIQkKxkcRFfDkbAGt3s0?authuser=0&hl=nl&rclk=1,Telefoon: 020 598 7666,Amsterdam
ESN Amsterdam,,http://www.esn-amsterdam.nl/,https://www.google.com/maps/place/ESN+Amsterdam/data=!4m7!3m6!1s0x47c609c077e5ed01:0x13f709452baeffaf!8m2!3d52.363298!4d4.9129983!16s%2Fg%2F1hc79ccwz!19sChIJAe3ld8AJxkcRr_-uK0UJ9xM?authuser=0&hl=nl&rclk=1,,Amsterdam
Study Association Off-Screen,info@offscreen.nl,http://www.offscreen.nl/,https://www.google.com/maps/place/Study+Association+Off-Screen/data=!4m7!3m6!1s0x47c609c8dcae53fd:0x5d9f62121150d820!8m2!3d52.3690047!4d4.893545!16s%2Fg%2F11ljtgzwgm!19sChIJ_VOu3MgJxkcRINhQERJin10?authuser=0&hl=nl&rclk=1,Telefoon: 020 525 3073,Amsterdam
Unitas Amsterdam,abactis@unitas-amsterdam.nl,http://www.unitas-amsterdam.nl/,https://www.google.com/maps/place/Unitas+Amsterdam/data=!4m7!3m6!1s0x47c609b9c05f6e49:0xa5b508e87f435608!8m2!3d52.375866!4d4.9009436!16s%2Fg%2F11hbkh3zwz!19sChIJSW5fwLkJxkcRCFZDf-gItaU?authuser=0&hl=nl&rclk=1,Telefoon: 020 800 5000,Amsterdam
Sowieso,,http://sowieso-uva.weebly.com/,https://www.google.com/maps/place/Sowieso/data=!4m7!3m6!1s0x47c609c154651821:0xeb4f8bd3f158c0d0!8m2!3d52.3735778!4d4.8895951!16s%2Fg%2F1w2yynk2!19sChIJIRhlVMEJxkcR0MBY8dOLT-s?authuser=0&hl=nl&rclk=1,,Amsterdam
Studentenvereniging MUSA,,http://www.svmusa.nl/,https://www.google.com/maps/place/Studentenvereniging+MUSA/data=!4m7!3m6!1s0x47c60924ed47116d:0xa14fa3a4568571dc!8m2!3d52.363298!4d4.9129983!16s%2Fg%2F11hvndknrf!19sChIJbRFH7SQJxkcR3HGFVqSjT6E?authuser=0&hl=nl&rclk=1,,Amsterdam
L.A.N.X. Amsterdam,senaat@lanx.nl,http://www.lanx.nl/,https://www.google.com/maps/place/L.A.N.X.+Amsterdam/data=!4m7!3m6!1s0x47c609c6cb3bdb31:0x7dc79f88ff12d75d!8m2!3d52.3722181!4d4.8911237!16s%2Fg%2F1tdw77f9!19sChIJMds7y8YJxkcRXdcS_4ifx30?authuser=0&hl=nl&rclk=1,Telefoon: 020 626 4587,Amsterdam
Amsterdams Chemisch Dispuut,ict@acdweb.nl,http://www.acdweb.nl/,https://www.google.com/maps/place/Amsterdams+Chemisch+Dispuut/data=!4m7!3m6!1s0x47c60944f8824a6f:0xf3b1abedb5f753dd!8m2!3d52.3545532!4d4.955199!16s%2Fg%2F1vzg1fr0!19sChIJb0qC-EQJxkcR3VP3te2rsfM?authuser=0&hl=nl&rclk=1,Telefoon: 020 525 7861,Amsterdam
sa comitas,,https://www.sa-comitas.nl/contact/,https://www.google.com/maps/place/sa+comitas/data=!4m7!3m6!1s0x47c5e26ad2c00001:0x8bbffe539e4d4e73!8m2!3d52.3688457!4d4.8444019!16s%2Fg%2F11f3_2bw4p!19sChIJAQDA0mrixUcRc05NnlP-v4s?authuser=0&hl=nl&rclk=1,Telefoon: 020 851 2900,Amsterdam
Study Association MADE IT,,https://www.made-it.net/,https://www.google.com/maps/place/Study+Association+MADE+IT/data=!4m7!3m6!1s0x47c6099b5757a663:0x65865cc896b705c7!8m2!3d52.3738199!4d4.915139!16s%2Fg%2F11p14x9_xc!19sChIJY6ZXV5sJxkcRxwW3lshchmU?authuser=0&hl=nl&rclk=1,,Amsterdam
.V.I.V.A.T.,,,https://www.google.com/maps/place/.V.I.V.A.T./data=!4m7!3m6!1s0x47c609e9e4aeec3f:0x4637e3aacc0c51bd!8m2!3d52.3587137!4d4.8961588!16s%2Fg%2F11gnq0ykyl!19sChIJP-yu5OkJxkcRvVEMzKrjN0Y?authuser=0&hl=nl&rclk=1,Telefoon: 06 37402008,Amsterdam
CSFR Amsterdam,abactis@csframsterdam.nl,https://www.csframsterdam.nl/contact/,https://www.google.com/maps/place/CSFR+Amsterdam/data=!4m7!3m6!1s0x47c60bf47dc2019b:0xdef7733ea1d05974!8m2!3d52.3646712!4d4.9041053!16s%2Fg%2F11hyzynbfc!19sChIJmwHCffQLxkcRdFnQoT5z994?authuser=0&hl=nl&rclk=1,,Amsterdam
Juridische Faculteit der Amsterdamsche Studenten (JFAS),secretaris@jfas.com,http://www.jfas.com/,https://www.google.com/maps/place/Juridische+Faculteit+der+Amsterdamsche+Studenten+%28JFAS%29/data=!4m7!3m6!1s0x47c6099923d98acf:0x1ca3751e9f0b3938!8m2!3d52.3629342!4d4.9124045!16s%2Fg%2F11hbq9v7cv!19sChIJz4rZI5kJxkcRODkLnx51oxw?authuser=0&hl=nl&rclk=1,Telefoon: 020 525 3441,Amsterdam
Studentenvereniging Cyclades,info@sv-cyclades.nl,https://www.sv-cyclades.nl/,https://www.google.com/maps/place/Studentenvereniging+Cyclades/data=!4m7!3m6!1s0x47c609cf80fcf4a5:0x31bbf03697d82d94!8m2!3d52.3778278!4d4.8864352!16s%2Fg%2F1w96fyq0!19sChIJpfT8gM8JxkcRlC3YlzbwuzE?authuser=0&hl=nl&rclk=1,Telefoon: 06 21573695,Amsterdam
Student Union,,http://su.utwente.nl/,https://www.google.com/maps/place/Student+Union/data=!4m7!3m6!1s0x47b813938f6ffb45:0x2d57e125fee3778a!8m2!3d52.2434831!4d6.8518652!16s%2Fg%2F11ss_twdmy!19sChIJRftvj5MTuEcRinfj_iXhVy0?authuser=0&hl=nl&rclk=1,Telefoon: 053 489 8006,Amsterdam
ESN VU Amsterdam,secretary@esnvuamsterdam.nl,http://www.esnvuamsterdam.nl/,https://www.google.com/maps/place/ESN+VU+Amsterdam/data=!4m7!3m6!1s0x47c60a0903e852a1:0x5c91538b9cffe8c5!8m2!3d52.334267!4d4.866963!16s%2Fg%2F1tk8mt1g!19sChIJoVLoAwkKxkcRxej_nItTkVw?authuser=0&hl=nl&rclk=1,,Amsterdam
Studentenvereniging D.E.R.M.,penningmeester@derm.nl,http://derm.nl/,https://www.google.com/maps/place/Studentenvereniging+D.E.R.M./data=!4m7!3m6!1s0x47c6092a795863b7:0x6a74dbed4941d6fb!8m2!3d52.4003395!4d4.8958002!16s%2Fg%2F11h7v6d0b8!19sChIJt2NYeSoJxkcR-9ZBSe3bdGo?authuser=0&hl=nl&rclk=1,Telefoon: 06 40698594,Amsterdam
SIB-Amsterdam | DUNSA,acquisition@sibamsterdam.nl,http://sibamsterdam.org/,https://www.google.com/maps/place/SIB-Amsterdam+%7C+DUNSA/data=!4m7!3m6!1s0x47c60998d87831e5:0x2f2ff6f551588c30!8m2!3d52.3631488!4d4.9127473!16s%2Fg%2F1hc4fcnpl!19sChIJ5TF42JgJxkcRMIxYUfX2Ly8?authuser=0&hl=nl&rclk=1,Telefoon: 020 525 3720,Amsterdam
SES - Study Association for European Studies,Info@ses-uva.nl,http://www.ses-uva.nl/,https://www.google.com/maps/place/SES+-+Study+Association+for+European+Studies/data=!4m7!3m6!1s0x47c609c6a24658b1:0x40a75618f450c1e1!8m2!3d52.370846!4d4.8980252!16s%2Fg%2F1tfg28r5!19sChIJsVhGosYJxkcR4cFQ9BhWp0A?authuser=0&hl=nl&rclk=1,Telefoon: 020 525 5089,Amsterdam
Dolus Malus s.v.p.,,,https://www.google.com/maps/place/Dolus+Malus+s.v.p./data=!4m7!3m6!1s0x47c609528619b883:0xae032af9cc07ccee!8m2!3d52.375866!4d4.9009435!16s%2Fg%2F11j22k7825!19sChIJg7gZhlIJxkcR7swHzPkqA64?authuser=0&hl=nl&rclk=1,,Amsterdam
A.S.V. Taste,bestuur@asvtaste.nl,https://www.asvtaste.nl/,https://www.google.com/maps/place/A.S.V.+Taste/data=!4m7!3m6!1s0x47b81473bace0acf:0xb2930409464d5354!8m2!3d52.2206085!4d6.8965473!16s%2Fg%2F1tcw2phy!19sChIJzwrOunMUuEcRVFNNRgkEk7I?authuser=0&hl=nl&rclk=1,Telefoon: 053 432 6238,Amsterdam
Bona Fide,secretaris@studieverenigingbonafide.nl,http://studieverenigingbonafide.nl/contact/,https://www.google.com/maps/place/Bona+Fide/data=!4m7!3m6!1s0x47c609bf77be11a9:0xd59f372b7983ce70!8m2!3d52.3629342!4d4.9124045!16s%2Fg%2F11cs25vpks!19sChIJqRG-d78JxkcRcM6DeSs3n9U?authuser=0&hl=nl&rclk=1,Telefoon: 030 576 2451,Amsterdam
ISO - Interstedelijk Studenten Overleg,iso@iso.nl,http://www.iso.nl/,https://www.google.com/maps/place/ISO+-+Interstedelijk+Studenten+Overleg/data=!4m7!3m6!1s0x47c66f415c4b8a39:0xe2561270d3e96157!8m2!3d52.096789!4d5.115924!16s%2Fg%2F1tfpnxpw!19sChIJOYpLXEFvxkcRV2Hp03ASVuI?authuser=0&hl=nl&rclk=1,Telefoon: 030 230 2666,Amsterdam
ASVA Studentenvakbond,,https://www.asva.nl/,https://www.google.com/maps/place/ASVA+Studentenvakbond/data=!4m7!3m6!1s0x47c609bf88061fcf:0xa549fb77ce94df09!8m2!3d52.3631661!4d4.9127517!16s%2Fg%2F1hc37vh4b!19sChIJzx8GiL8JxkcRCd-Uznf7SaU?authuser=0&hl=nl&rclk=1,Telefoon: 06 39625931,Amsterdam
Unitas Studiosorum Rheno-traiectina,senaat@usr.nl,http://www.usr.nl/,https://www.google.com/maps/place/Unitas+Studiosorum+Rheno-traiectina/data=!4m7!3m6!1s0x47c66f4f06e945f9:0x917d41a2fbc72e52!8m2!3d52.0934776!4d5.1261155!16s%2Fg%2F1ym_k2z20!19sChIJ-UXpBk9vxkcRUi7H-6JBfZE?authuser=0&hl=nl&rclk=1,Telefoon: 030 231 2962,Amsterdam
IFMSA-UvA,info@ifmsa.nl,https://ifmsa.nl/afdelingen/uva,https://www.google.com/maps/place/IFMSA-UvA/data=!4m7!3m6!1s0x47c60b00698472c3:0x5bfe63ef804b5086!8m2!3d52.2941079!4d4.9597475!16s%2Fg%2F11x233103x!19sChIJw3KEaQALxkcRhlBLgO9j_ls?authuser=0&hl=nl&rclk=1,,Amsterdam
LSV Minerva🎓,info@lsvminerva.nl,https://www.lsvminerva.nl/,https://www.google.com/maps/place/LSV+Minerva%F0%9F%8E%93/data=!4m7!3m6!1s0x47c5c6ed71670a2b:0x27a15b4eb442b894!8m2!3d52.1598974!4d4.488094!16s%2Fg%2F121m87ly!19sChIJKwpnce3GxUcRlLhCtE5boSc?authuser=0&hl=nl&rclk=1,Telefoon: 071 516 1930,Amsterdam
University College Student Association,,http://ucsa.nl/,https://www.google.com/maps/place/University+College+Student+Association/data=!4m7!3m6!1s0x47c668a8a1346d5b:0x5b01a251ee677a55!8m2!3d52.082317!4d5.1485599!16s%2Fg%2F1thxvfc6!19sChIJW200oahoxkcRVXpn7lGiAVs?authuser=0&hl=nl&rclk=1,Telefoon: 030 253 9885,Amsterdam
FeestCommissie,,,https://www.google.com/maps/place/FeestCommissie/data=!4m7!3m6!1s0x47c609e70ed71f43:0x51cbc808c6700b20!8m2!3d52.3734218!4d4.8955947!16s%2Fg%2F11l6lhvr28!19sChIJQx_XDucJxkcRIAtwxgjIy1E?authuser=0&hl=nl&rclk=1,Telefoon: 06 37558557,Amsterdam
A.S.Z.V Orionis,bestuur@orionis.nl,http://www.orionis.nl/,https://www.google.com/maps/place/A.S.Z.V+Orionis/data=!4m7!3m6!1s0x47c609992789c201:0x7a659a8afd1a734c!8m2!3d52.355901!4d4.95682!16s%2Fg%2F11b8_t2mlt!19sChIJAcKJJ5kJxkcRTHMa_YqaZXo?authuser=0&hl=nl&rclk=1,Telefoon: 020 525 3717,Amsterdam
Islamitische Studentenvereniging Amsterdam (ISA),,https://www.svisa.nl/,https://www.google.com/maps/place/Islamitische+Studentenvereniging+Amsterdam+%28ISA%29/data=!4m7!3m6!1s0x47c60a089126b59d:0x350a73620d76b9d5!8m2!3d52.3337565!4d4.8657203!16s%2Fg%2F1ptzfdfsl!19sChIJnbUmkQgKxkcR1bl2DWJzCjU?authuser=0&hl=nl&rclk=1,,Amsterdam
AEGEE-Amsterdam,office@aegee-amsterdam.nl,https://www.aegee-amsterdam.nl/,https://www.google.com/maps/place/AEGEE-Amsterdam/data=!4m7!3m6!1s0x47c609992789e9e7:0x8df52e06136f9813!8m2!3d52.3631837!4d4.9129093!16s%2Fg%2F11b6d1ly8h!19sChIJ5-mJJ5kJxkcRE5hvEwYu9Y0?authuser=0&hl=nl&rclk=1,,Amsterdam
Studenten Toneelvereniging Amsterdam (STA!),extern@sta-toneel.nl,http://sta-toneel.nl/,https://www.google.com/maps/place/Studenten+Toneelvereniging+Amsterdam+%28STA!%29/data=!4m7!3m6!1s0x47c6099925f4c791:0x69acb998e7f41b22!8m2!3d52.3633238!4d4.9131693!16s%2Fg%2F11hb7s3vbf!19sChIJkcf0JZkJxkcRIhv055i5rGk?authuser=0&hl=nl&rclk=1,,Amsterdam
A.S.R.V. ASCRUM,praeses@ascrum.com,http://www.ascrum.com/,https://www.google.com/maps/place/A.S.R.V.+ASCRUM/data=!4m7!3m6!1s0x47c5e396e8fd4d7f:0x3958ae04afdf6cc3!8m2!3d52.3782661!4d4.7856295!16s%2Fg%2F11b700lp9r!19sChIJf0396JbjxUcRw2zfrwSuWDk?authuser=0&hl=nl&rclk=1,,Amsterdam
Atletiekvereniging Phanos Amsterdam,info@phanos.amsterdam,https://www.phanos.amsterdam/,https://www.google.com/maps/place/Atletiekvereniging+Phanos+Amsterdam/data=!4m7!3m6!1s0x47c5e1f90cab9813:0x9b31a17e607bc68a!8m2!3d52.3438103!4d4.8552088!16s%2Fg%2F1tftq8q6!19sChIJE5irDPnhxUcRisZ7YH6hMZs?authuser=0&hl=nl&rclk=1,Telefoon: 06 29468783,Amsterdam
A.S.R. Blok,bestuurblok@gmail.com,http://asrblok.com/,https://www.google.com/maps/place/A.S.R.+Blok/data=!4m7!3m6!1s0x47c609e3eb3f0001:0x7dc3623103fad540!8m2!3d52.3610215!4d4.8722568!16s%2Fg%2F11fm33pzfb!19sChIJAQA_6-MJxkcRQNX6AzFiw30?authuser=0&hl=nl&rclk=1,Telefoon: 06 33673203,Amsterdam
US HANDBAL🤾,bestuur@ushandbal.nl,http://www.ushandbal.nl/,https://www.google.com/maps/place/US+HANDBAL%F0%9F%A4%BE/data=!4m7!3m6!1s0x47c6099baebe7907:0x2fe16a166c15e798!8m2!3d52.3495567!4d4.8937873!16s%2Fg%2F11cs03pksd!19sChIJB3m-rpsJxkcRmOcVbBZq4S8?authuser=0&hl=nl&rclk=1,,Amsterdam
Financiële Studievereniging Amsterdam,board@fsa.nl,http://www.fsa.nl/,https://www.google.com/maps/place/Financi%C3%ABle+Studievereniging+Amsterdam/data=!4m7!3m6!1s0x47c60998fa468ce1:0xcc44c7619cf65f77!8m2!3d52.3638353!4d4.911352!16s%2Fg%2F1tr7b_v2!19sChIJ4YxG-pgJxkcRd1_2nGHHRMw?authuser=0&hl=nl&rclk=1,Telefoon: 020 525 6512,Amsterdam
Studentenvereniging Anatolia,,,https://www.google.com/maps/place/Studentenvereniging+Anatolia/data=!4m7!3m6!1s0x47c60a0903e852a1:0x2b463bbc92b5193e!8m2!3d52.3329528!4d4.8658355!16s%2Fg%2F1tg5b99s!19sChIJoVLoAwkKxkcRPhm1krw7Ris?authuser=0&hl=nl&rclk=1,,Amsterdam
wlg vnica,,http://wlgunica.nl/3.html,https://www.google.com/maps/place/wlg+vnica/data=!4m7!3m6!1s0x47c60994de25ac2d:0x5c29f0e285174c2f!8m2!3d52.3637658!4d4.8956445!16s%2Fg%2F11h4brvvk5!19sChIJLawl3pQJxkcRL0wXheLwKVw?authuser=0&hl=nl&rclk=1,Telefoon: 020 737 1638,Amsterdam
Studentenvereniging MCI,,,https://www.google.com/maps/place/Studentenvereniging+MCI/data=!4m7!3m6!1s0x47c6099a316fa03d:0x75fe453f870f0a5!8m2!3d52.3598576!4d4.9094573!16s%2Fg%2F1tj7d7ky!19sChIJPaBvMZoJxkcRpfBw-FPkXwc?authuser=0&hl=nl&rclk=1,,Amsterdam
Studievereniging Anguilla,,https://www.studievereniginganguilla.com/,https://www.google.com/maps/place/Studievereniging+Anguilla/data=!4m7!3m6!1s0x47c60a09ac041a47:0x11e6626a8f417c9a!8m2!3d52.3328048!4d4.8667761!16s%2Fg%2F1td1p240!19sChIJRxoErAkKxkcRmnxBj2pi5hE?authuser=0&hl=nl&rclk=1,Telefoon: 020 598 7712,Amsterdam
De Amsterdamse studenten kunstvereniging particolarte,info@particolarte.nl,http://www.particolarte.nl/,https://www.google.com/maps/place/De+Amsterdamse+studenten+kunstvereniging+particolarte/data=!4m7!3m6!1s0x47c609c57ec79da7:0xc4afd605c6f8e9d0!8m2!3d52.3778094!4d4.8863225!16s%2Fg%2F1tzztq16!19sChIJp53HfsUJxkcR0On4xgXWr8Q?authuser=0&hl=nl&rclk=1,Telefoon: 020 625 1198,Amsterdam
Amsterdamsche Studenten Tennisvereniging SHOT🎓,,,https://www.google.com/maps/place/Amsterdamsche+Studenten+Tennisvereniging+SHOT%F0%9F%8E%93/data=!4m7!3m6!1s0x47c609c760f82261:0x9ed12c1faaaa8a8f!8m2!3d52.3734254!4d4.895581!16s%2Fg%2F1wk4c7xj!19sChIJYSL4YMcJxkcRj4qqqh8s0Z4?authuser=0&hl=nl&rclk=1,Telefoon: 020 523 8010,Amsterdam
(Studenten) Tafeltennisvereniging US,ustafeltennis@gmail.com,http://ustafeltennis.nl/,https://www.google.com/maps/place/%28Studenten%29+Tafeltennisvereniging+US/data=!4m7!3m6!1s0x47c6097cfcf038a7:0xc66db1c1dcc36cb7!8m2!3d52.3584505!4d4.9101783!16s%2Fg%2F11fszpnpk_!19sChIJpzjw_HwJxkcRt2zD3MGxbcY?authuser=0&hl=nl&rclk=1,,Amsterdam
Kanvas Amsterdam,info@kanvasamsterdam.nl,http://kanvasamsterdam.nl/,https://www.google.com/maps/place/Kanvas+Amsterdam/data=!4m7!3m6!1s0x47c609c3b9c594eb:0xd9cfaacff4f51cf1!8m2!3d52.3689669!4d4.8941012!16s%2Fg%2F1thtcb5m!19sChIJ65TFucMJxkcR8Rz19M-qz9k?authuser=0&hl=nl&rclk=1,,Amsterdam
Study Association Aureus,info@aureus.nl,http://www.aureus.nl/,https://www.google.com/maps/place/Study+Association+Aureus/data=!4m7!3m6!1s0x47c60a08a9161153:0x2cfd902fe88e014c!8m2!3d52.3346668!4d4.8674191!16s%2Fg%2F1jmcs3yd4!19sChIJUxEWqQgKxkcRTAGO6C-Q_Sw?authuser=0&hl=nl&rclk=1,Telefoon: 020 598 6154,Amsterdam
Porta Adriani,info@portaweb.nl,http://porta-adriani.nl/,https://www.google.com/maps/place/Porta+Adriani/data=!4m7!3m6!1s0x47c609a8ca682e03:0xfbf24bf83c94b6da!8m2!3d52.362745!4d4.9124591!16s%2Fg%2F11fhqm46by!19sChIJAy5oyqgJxkcR2raUPPhL8vs?authuser=0&hl=nl&rclk=1,,Amsterdam
Sociëteit Pylades,bestuur@ssra.nl,http://ssra.nl/,https://www.google.com/maps/place/Soci%C3%ABteit+Pylades/data=!4m7!3m6!1s0x47c609e7dc1c5555:0xb088215a1412e54a!8m2!3d52.3656577!4d4.880648!16s%2Fg%2F11hzrvscqx!19sChIJVVUc3OcJxkcRSuUSFFohiLA?authuser=0&hl=nl&rclk=1,Telefoon: 020 623 9437,Amsterdam
H.E.B.E. Huis,,http://www.hebe.nl/,https://www.google.com/maps/place/H.E.B.E.+Huis/data=!4m7!3m6!1s0x47c609bd89f8143f:0xf6c83bae3bc87163!8m2!3d52.3663752!4d4.9032058!16s%2Fg%2F11c3xbcbzb!19sChIJPxT4ib0JxkcRY3HIO647yPY?authuser=0&hl=nl&rclk=1,Telefoon: 020 624 7091,Amsterdam
GeoVUsie,bestuur@geovusie.nl,https://www.geovusie.nl/,https://www.google.com/maps/place/GeoVUsie/data=!4m7!3m6!1s0x47c60a09ac041a47:0xd55f4247eaa7d8f7!8m2!3d52.3328142!4d4.8654266!16s%2Fg%2F1tdvny_9!19sChIJRxoErAkKxkcR99in6kdCX9U?authuser=0&hl=nl&rclk=1,Telefoon: 020 598 7411,Amsterdam
"Vereniging in Beweging (V.I.B.), Studievereniging Bewegingswetenschappen Amsterdam",vib.fgb@vu.nl,http://vereniginginbeweging.com/,"https://www.google.com/maps/place/Vereniging+in+Beweging+%28V.I.B.%29,+Studievereniging+Bewegingswetenschappen+Amsterdam/data=!4m7!3m6!1s0x47c60a082b193cb5:0xa800de052acde0e8!8m2!3d52.3335397!4d4.8629677!16s%2Fg%2F11b6dr013q!19sChIJtTwZKwgKxkcR6ODNKgXeAKg?authuser=0&hl=nl&rclk=1",Telefoon: 020 598 1757,Amsterdam
SDV AmsterDance,info@sdvamsterdance.nl,https://sdvamsterdance.nl/,https://www.google.com/maps/place/SDV+AmsterDance/data=!4m7!3m6!1s0x47c609b76bcf3517:0x4732a026043829be!8m2!3d52.3559009!4d4.9568195!16s%2Fg%2F11gmg4zrjk!19sChIJFzXPa7cJxkcRvik4BCagMkc?authuser=0&hl=nl&rclk=1,,Amsterdam
Studievereniging DNA,,https://studievereniging-dna.nl/,https://www.google.com/maps/place/Studievereniging+DNA/data=!4m7!3m6!1s0x47c60bf56efe39af:0x8a44b27c21f952b1!8m2!3d52.3345058!4d4.8649199!16s%2Fg%2F11h23xy8mr!19sChIJrzn-bvULxkcRsVL5IXyyRIo?authuser=0&hl=nl&rclk=1,,Amsterdam
VSAE,info@vsae.nl,http://www.vsae.nl/,https://www.google.com/maps/place/VSAE/data=!4m7!3m6!1s0x47c60998e55d11eb:0x1ed7d6f1a19ccfee!8m2!3d52.3639549!4d4.9115847!16s%2Fg%2F11b6dqrmf4!19sChIJ6xFd5ZgJxkcR7s-cofHW1x4?authuser=0&hl=nl&rclk=1,Telefoon: 020 525 4846,Amsterdam
Studievereniging Fiscale Economie En Recht (SFEER),info@sfeeramsterdam.nl,http://www.sfeeramsterdam.nl/,https://www.google.com/maps/place/Studievereniging+Fiscale+Economie+En+Recht+%28SFEER%29/data=!4m7!3m6!1s0x47c6099ed6825633:0x519f46d5fc06f5db!8m2!3d52.362934!4d4.912405!16s%2Fg%2F11bwfmjszc!19sChIJM1aC1p4JxkcR2_UG_NVGn1E?authuser=0&hl=nl&rclk=1,Telefoon: 020 525 8034,Amsterdam
J.H.V. Phaedrus,info@jhvphaedrus.nl,http://www.jhvphaedrus.nl/,https://www.google.com/maps/place/J.H.V.+Phaedrus/data=!4m7!3m6!1s0x47c6098a19614b4b:0x98006c13e756ffc2!8m2!3d52.363044!4d4.911565!16s%2Fg%2F11t5r7b7_s!19sChIJS0thGYoJxkcRwv9W5xNsAJg?authuser=0&hl=nl&rclk=1,,Amsterdam
Faculteitsvereniging EOS,info@eosvu.nl,http://www.eosvu.nl/,https://www.google.com/maps/place/Faculteitsvereniging+EOS/data=!4m7!3m6!1s0x47c60a081a030841:0xf282a7df88c4454c!8m2!3d52.3345847!4d4.8663693!16s%2Fg%2F1vzn4rtx!19sChIJQQgDGggKxkcRTEXEiN-ngvI?authuser=0&hl=nl&rclk=1,Telefoon: 020 598 6725,Amsterdam
Studievereniging Crime Does Pay,CDP.Rechten@VU.nl,http://crimedoespay.nl/,https://www.google.com/maps/place/Studievereniging+Crime+Does+Pay/data=!4m7!3m6!1s0x47c60b832c982f07:0x61c2a13deacad656!8m2!3d52.333569!4d4.8674108!16s%2Fg%2F11kc3v7hcj!19sChIJBy-YLIMLxkcRVtbK6j2hwmE?authuser=0&hl=nl&rclk=1,Telefoon: 020 598 6246,Amsterdam
KallioPPE,board@kallioppe.com,https://www.kallioppe.com/,https://www.google.com/maps/place/KallioPPE/data=!4m7!3m6!1s0x47c60bad17660565:0x6cda8dc7f2d9edbf!8m2!3d52.3342671!4d4.8669632!16s%2Fg%2F11swp9jl_9!19sChIJZQVmF60LxkcRv-3Z8seN2mw?authuser=0&hl=nl&rclk=1,,Amsterdam
Stichting Studentensport Amsterdam,bestuur@studentensport.amsterdam,http://studentensport.amsterdam/,https://www.google.com/maps/place/Stichting+Studentensport+Amsterdam/data=!4m7!3m6!1s0x47c60945aa0949b3:0x3a69eec921079254!8m2!3d52.3559113!4d4.9565078!16s%2Fg%2F11df4z28ml!19sChIJs0kJqkUJxkcRVJIHIcnuaTo?authuser=0&hl=nl&rclk=1,,Amsterdam
Study Association Mercurius,chair@mercuriusuva.nl,http://mercuriusuva.nl/,https://www.google.com/maps/place/Study+Association+Mercurius/data=!4m7!3m6!1s0x47c609bf21595c19:0xaefebcf2c71340c7!8m2!3d52.363044!4d4.911565!16s%2Fg%2F1w2yt22g!19sChIJGVxZIb8JxkcRx0ATx_K8_q4?authuser=0&hl=nl&rclk=1,Telefoon: 020 525 5302,Amsterdam
S.A.L.V.E.,abactis@unitas-amsterdam.nl,http://www.unitas-amsterdam.nl/,https://www.google.com/maps/place/S.A.L.V.E./data=!4m7!3m6!1s0x47c609b9c05f6e4b:0xd24b0766eb437b7c!8m2!3d52.3759107!4d4.9009895!16s%2Fg%2F1tcvh8kb!19sChIJS25fwLkJxkcRfHtD62YHS9I?authuser=0&hl=nl&rclk=1,Telefoon: 020 800 5000,Amsterdam
StudentEvent,info@studentevent.nl,http://www.studentevent.nl/,https://www.google.com/maps/place/StudentEvent/data=!4m7!3m6!1s0x47c609363bb144d7:0xcbc2f05c5fdf3b43!8m2!3d52.3705296!4d4.8929768!16s%2Fg%2F11h27zhxdp!19sChIJ10SxOzYJxkcRQzvfX1zwwss?authuser=0&hl=nl&rclk=1,Telefoon: 020 308 0242,Amsterdam
R.S.V.U. 'Okeanos',,https://www.intro.okeanos.nl/,https://www.google.com/maps/place/R.S.V.U.+%27Okeanos%27/data=!4m7!3m6!1s0x47c5e1e634829c3d:0x51a34780e183b998!8m2!3d52.328867!4d4.849659!16s%2Fg%2F1tdcqqdd!19sChIJPZyCNObhxUcRmLmD4YBHo1E?authuser=0&hl=nl&rclk=1,Telefoon: 020 644 8988,Amsterdam
ASV Kwakiutl,,,https://www.google.com/maps/place/ASV+Kwakiutl/data=!4m7!3m6!1s0x47c60998e1d5e3cd:0x2c03d68ef3abcbd7!8m2!3d52.3633097!4d4.9119724!16s%2Fg%2F11f3jw11m_!19sChIJzePV4ZgJxkcR18ur847WAyw?authuser=0&hl=nl&rclk=1,,Amsterdam
GBSC,info@gbsc.nl,https://gbsc.nl/,https://www.google.com/maps/place/GBSC/data=!4m7!3m6!1s0x47c6099400ebc74d:0xc23a6c1686e68806!8m2!3d52.3612574!4d4.8999427!16s%2Fg%2F11cn3vxhn2!19sChIJTcfrAJQJxkcRBojmhhZsOsI?authuser=0&hl=nl&rclk=1,Telefoon: 020 623 4171,Amsterdam
Studievereniging Sechel,,,https://www.google.com/maps/place/Studievereniging+Sechel/data=!4m7!3m6!1s0x47c609c6a24658b1:0xe97c45444d0bfb3e!8m2!3d52.3735778!4d4.8895951!16s%2Fg%2F1tfb5s1z!19sChIJsVhGosYJxkcRPvsLTURFfOk?authuser=0&hl=nl&rclk=1,,Amsterdam
VoorUit,,https://vooruitproject.nl/,https://www.google.com/maps/place/VoorUit/data=!4m7!3m6!1s0x47c609bba79a2595:0x52bb62a9df50ce30!8m2!3d52.3485866!4d4.8196983!16s%2Fg%2F1v8gb6nt!19sChIJlSWap7sJxkcRMM5Q36liu1I?authuser=0&hl=nl&rclk=1,,Amsterdam
Jongste Compagnie van Verre,info@jcvamsterdam.nl,http://www.jcvamsterdam.nl/,https://www.google.com/maps/place/Jongste+Compagnie+van+Verre/data=!4m7!3m6!1s0x47c609894329c3c9:0xfae13bd96f369c15!8m2!3d52.3707041!4d4.8853386!16s%2Fg%2F11mr2xx469!19sChIJycMpQ4kJxkcRFZw2b9k74fo?authuser=0&hl=nl&rclk=1,,Amsterdam
Studievereniging Helios,,http://heliosamsterdam.com/,https://www.google.com/maps/place/Studievereniging+Helios/data=!4m7!3m6!1s0x47c609c6a3a16bf7:0x66df80d73e22b404!8m2!3d52.3745876!4d4.8907216!16s%2Fg%2F1tywx4cy!19sChIJ92uho8YJxkcRBLQiPteA32Y?authuser=0&hl=nl&rclk=1,Telefoon: 020 525 4592,Amsterdam
SEHSO Amsterdam,,http://www.sehsoamsterdam.nl/,https://www.google.com/maps/place/SEHSO+Amsterdam/data=!4m7!3m6!1s0x47c60b639258b029:0xae4765743191c96f!8m2!3d52.3340966!4d4.8661746!16s%2Fg%2F11r_vsgyqm!19sChIJKbBYkmMLxkcRb8mRMXRlR64?authuser=0&hl=nl&rclk=1,Telefoon: 06 82362490,Amsterdam
Studie Vereniging Amsterdam Aviation Association,,,https://www.google.com/maps/place/Studie+Vereniging+Amsterdam+Aviation+Association/data=!4m7!3m6!1s0x47c609803df68cef:0xbcb7a5722cbdb22a!8m2!3d52.3596858!4d4.9083179!16s%2Fg%2F11g9qcqvcj!19sChIJ74z2PYAJxkcRKrK9LHKlt7w?authuser=0&hl=nl&rclk=1,,Amsterdam
Amsterdamse Studievereniging Nautis,info@asvnautis.nl,http://www.asvnautis.nl/,https://www.google.com/maps/place/Amsterdamse+Studievereniging+Nautis/data=!4m7!3m6!1s0x47c60951f028aaa9:0xd7d3ca3f5fbc14a6!8m2!3d52.3596858!4d4.9083179!16s%2Fg%2F11h1rslf0h!19sChIJqaoo8FEJxkcRphS8Xz_K09c?authuser=0&hl=nl&rclk=1,,Amsterdam
ASV Alexa,,https://www.asvalexa.com/,https://www.google.com/maps/place/ASV+Alexa/data=!4m7!3m6!1s0x47c609a5735467b7:0x65fbdab1018ac89f!8m2!3d52.3592338!4d4.9086563!16s%2Fg%2F11lkgp8wt7!19sChIJt2dUc6UJxkcRn8iKAbHa-2U?authuser=0&hl=nl&rclk=1,,Amsterdam
Studievereniging Congo,info@congo.eu,http://www.congo.eu/,https://www.google.com/maps/place/Studievereniging+Congo/data=!4m7!3m6!1s0x47c6094529a15f79:0xdc1de934fe0a8654!8m2!3d52.3540538!4d4.9553496!16s%2Fg%2F11c1xfntxf!19sChIJeV-hKUUJxkcRVIYK_jTpHdw?authuser=0&hl=nl&rclk=1,Telefoon: 020 525 7863,Amsterdam
Studievereniging JuristA,info@svjurista.nl,https://svjurista.nl/,https://www.google.com/maps/place/Studievereniging+JuristA/data=!4m7!3m6!1s0x47c6099b0911c21b:0xa75ca6131875652!8m2!3d52.3584613!4d4.9102019!16s%2Fg%2F11h008_1xp!19sChIJG8IRCZsJxkcRUlaHMWHKdQo?authuser=0&hl=nl&rclk=1,,Amsterdam
Leidenhoven College,info@leidenhoven.nl,http://www.leidenhoven.nl/,https://www.google.com/maps/place/Leidenhoven+College/data=!4m7!3m6!1s0x47c5e21601fb2ebb:0x3f03b9425211cfb7!8m2!3d52.363273!4d4.8409027!16s%2Fg%2F1tjpppl2!19sChIJuy77ARbixUcRt88RUkK5Az8?authuser=0&hl=nl&rclk=1,Telefoon: 020 346 7530,Amsterdam
Favervuta,favervuta@acta.nl,http://www.favervuta.nl/,https://www.google.com/maps/place/Favervuta/data=!4m7!3m6!1s0x47c5e1fd4da5c7a7:0x69fd670913f7670f!8m2!3d52.3362447!4d4.8608505!16s%2Fg%2F1wn32w18!19sChIJp8elTf3hxUcRD2f3Ewln_Wk?authuser=0&hl=nl&rclk=1,Telefoon: 020 598 0216,Amsterdam
Studievereniging Kleio,info@kleio-amsterdam.nl,http://kleio-amsterdam.nl/,https://www.google.com/maps/place/Studievereniging+Kleio/data=!4m7!3m6!1s0x47c609bfaaaaaaab:0x80293be5bede003!8m2!3d52.3707939!4d4.8981067!16s%2Fg%2F11c67spw57!19sChIJq6qqqr8JxkcRA-DtW76TAgg?authuser=0&hl=nl&rclk=1,Telefoon: 020 525 4435,Amsterdam
IAMCore,voorzitter@iamcore.nl,https://iamcore.nl/,https://www.google.com/maps/place/IAMCore/data=!4m7!3m6!1s0x47c609859e72c0f5:0x8a4366e38eb41de1!8m2!3d52.3592338!4d4.9086563!16s%2Fg%2F11swk79928!19sChIJ9cBynoUJxkcR4R20juNmQ4o?authuser=0&hl=nl&rclk=1,,Amsterdam
Studenten Duik Vereniging Amsterdam,bestuur@sdva.nl,http://www.sdva.nl/,https://www.google.com/maps/place/Studenten+Duik+Vereniging+Amsterdam/data=!4m7!3m6!1s0x47c609ee7bc35885:0xaa22f3025eb90b5!8m2!3d52.3586101!4d4.8859978!16s%2Fg%2F1hc2nfrrk!19sChIJhVjDe-4JxkcRtZDrJTAvogo?authuser=0&hl=nl&rclk=1,,Amsterdam
A.S.T.P.V. Chip & Charge,bestuur@chipencharge.nl,http://www.chipencharge.nl/,https://www.google.com/maps/place/A.S.T.P.V.+Chip+%26+Charge/data=!4m7!3m6!1s0x47c60900549e8cbd:0x44efc6f7881b0142!8m2!3d52.3478975!4d4.9472145!16s%2Fg%2F11ld04pwxl!19sChIJvYyeVAAJxkcRQgEbiPfG70Q?authuser=0&hl=nl&rclk=1,,Amsterdam
Amsterdamsche Studenten Rijvereeniging H.O.R.S.,horshoog@gmail.com,http://www.asrhors.nl/,https://www.google.com/maps/place/Amsterdamsche+Studenten+Rijvereeniging+H.O.R.S./data=!4m7!3m6!1s0x47c609833f24f7b7:0x5903ddf945d421b2!8m2!3d52.3610215!4d4.8722568!16s%2Fg%2F1hc573mx1!19sChIJt_ckP4MJxkcRsiHURfndA1k?authuser=0&hl=nl&rclk=1,,Amsterdam
Gyrinus natans,info@gyrinus.nl,http://www.gyrinus.nl/,https://www.google.com/maps/place/Gyrinus+natans/data=!4m7!3m6!1s0x47c60a0f91b70f7b:0xcd7327087540d45f!8m2!3d52.332826!4d4.8660219!16s%2Fg%2F1td0s214!19sChIJew-3kQ8KxkcRX9RAdQgnc80?authuser=0&hl=nl&rclk=1,Telefoon: 020 598 7216,Amsterdam
Studievereniging Sarphati,sarphati@uva.nl,http://www.svsarphati.nl/,https://www.google.com/maps/place/Studievereniging+Sarphati/data=!4m7!3m6!1s0x47c6099923d98acf:0x7d2b6ff4c03478b6!8m2!3d52.3630801!4d4.911794!16s%2Fg%2F11cjhzy3ws!19sChIJz4rZI5kJxkcRtng0wPRvK30?authuser=0&hl=nl&rclk=1,Telefoon: 020 525 8276,Amsterdam
A.A.S.R. Skøll,bestuur@skoll.nl,https://skoll.nl/,https://www.google.com/maps/place/A.A.S.R.+Sk%C3%B8ll/data=!4m7!3m6!1s0x47c60a2e7c077f57:0x1b69fc17d21d00aa!8m2!3d52.336484!4d4.908451!16s%2Fg%2F1tcxnwhx!19sChIJV38HfC4KxkcRqgAd0hf8aRs?authuser=0&hl=nl&rclk=1,Telefoon: 020 693 1599,Amsterdam
Studenten Korfbal Vereniging Amsterdam,,http://www.skvamsterdam.nl/,https://www.google.com/maps/place/Studenten+Korfbal+Vereniging+Amsterdam/data=!4m7!3m6!1s0x47c60a141fcf5ae1:0x7d159f309b3f8784!8m2!3d52.3872933!4d4.8704592!16s%2Fg%2F1td8y9r4!19sChIJ4VrPHxQKxkcRhIc_mzCfFX0?authuser=0&hl=nl&rclk=1,,Amsterdam
QBDBD,qbdbd.rechten@vu.nl,http://www.qbdbd.nl/,https://www.google.com/maps/place/QBDBD/data=!4m7!3m6!1s0x47c60a08bb7c15c9:0x32ae70c20297f06a!8m2!3d52.3336307!4d4.8673379!16s%2Fg%2F11g6nw2m_8!19sChIJyRV8uwgKxkcRavCXAsJwrjI?authuser=0&hl=nl&rclk=1,Telefoon: 020 598 6244,Amsterdam
Amsterdamse Spoorweg Sport Vereniging,assvpost@gmail.com,http://www.assv.deds.nl/,https://www.google.com/maps/place/Amsterdamse+Spoorweg+Sport+Vereniging/data=!4m7!3m6!1s0x47c60b959e335401:0xe5ba05cd3c3808c8!8m2!3d52.3209692!4d4.9383679!16s%2Fg%2F1tknz_7s!19sChIJAVQznpULxkcRyAg4PM0FuuU?authuser=0&hl=nl&rclk=1,Telefoon: 020 600 0472,Amsterdam
Kraket,info@kraket.nl,http://www.kraket.nl/,https://www.google.com/maps/place/Kraket/data=!4m7!3m6!1s0x47c60a08957a53a1:0xb8c7163729ecd265!8m2!3d52.3342671!4d4.8669632!16s%2Fg%2F1pp2vgnd6!19sChIJoVN6lQgKxkcRZdLsKTcWx7g?authuser=0&hl=nl&rclk=1,,Amsterdam
De Vrije Student (DVS),devrijestudentamsterdam@gmail.com,https://www.devrijestudent.com/,https://www.google.com/maps/place/De+Vrije+Student+%28DVS%29/data=!4m7!3m6!1s0x47c66cda939cfba7:0xcf0e26ced30405a1!8m2!3d52.3633191!4d4.9131389!16s%2Fg%2F11g6y_zvzf!19sChIJp_uck9psxkcRoQUE084mDs8?authuser=0&hl=nl&rclk=1,,Amsterdam
E.S.V. Ichthus Amsterdam,info@ichthusamsterdam.nl,http://ichthusamsterdam.nl/,https://www.google.com/maps/place/E.S.V.+Ichthus+Amsterdam/data=!4m7!3m6!1s0x47c5e224097ea47d:0x62a7b815d4714733!8m2!3d52.3686309!4d4.8975882!16s%2Fg%2F1tfgnljz!19sChIJfaR-CSTixUcRM0dx1BW4p2I?authuser=0&hl=nl&rclk=1,,Amsterdam
VCSVU,info@vcsvu.nl,http://www.vcsvu.nl/home,https://www.google.com/maps/place/VCSVU/data=!4m7!3m6!1s0x47c60a091b79b603:0x452d7ed979e4277d!8m2!3d52.3328196!4d4.8662688!16s%2Fg%2F11f502rvd6!19sChIJA7Z5GwkKxkcRfSfkedl-LUU?authuser=0&hl=nl&rclk=1,Telefoon: 020 598 7510,Amsterdam
Student Experience Amsterdam Minervahaven,info@studentexperience.com,https://studentexperience.com/amsterdam-minervahaven,https://www.google.com/maps/place/Student+Experience+Amsterdam+Minervahaven/data=!4m7!3m6!1s0x47c5e300c2640e67:0x4ceba535740457da!8m2!3d52.3985025!4d4.8722847!16s%2Fg%2F11fhy26_dc!19sChIJZw5kwgDjxUcR2lcEdDWl60w?authuser=0&hl=nl&rclk=1,Telefoon: 020 235 2159,Amsterdam
Study Association Sefa,commercial@sefa.nl,http://www.sefa.nl/,https://www.google.com/maps/place/Study+Association+Sefa/data=!4m7!3m6!1s0x47c60998fa468ce1:0x7dc0de5ebf855cbf!8m2!3d52.3639549!4d4.9115847!16s%2Fg%2F1tx14kt6!19sChIJ4YxG-pgJxkcRv1yFv17ewH0?authuser=0&hl=nl&rclk=1,Telefoon: 020 525 4024,Amsterdam
Moslimstudenten Associatie Nederland - MSA Nederland,,https://msanl.nl/,https://www.google.com/maps/place/Moslimstudenten+Associatie+Nederland+-+MSA+Nederland/data=!4m7!3m6!1s0x47c60a08ec05f6ef:0xce6c42afbebede61!8m2!3d52.334212!4d4.8667914!16s%2Fg%2F11c6fchn7_!19sChIJ7_YF7AgKxkcRYd6-vq9CbM4?authuser=0&hl=nl&rclk=1,,Amsterdam
Studievereniging VIA,actie@svia.nl,https://svia.nl/,https://www.google.com/maps/place/Studievereniging+VIA/data=!4m7!3m6!1s0x47c60944d8c87cc9:0xdfa4913a957b1e65!8m2!3d52.3549865!4d4.9546102!16s%2Fg%2F1tltlksy!19sChIJyXzI2EQJxkcRZR57lTqRpN8?authuser=0&hl=nl&rclk=1,Telefoon: 020 261 4420,Amsterdam
Studievereniging Mens,info@mens-vu.nl,https://svmens.nl/,https://www.google.com/maps/place/Studievereniging+Mens/data=!4m7!3m6!1s0x47c60a0921c44ac3:0x198f9c76430a24bc!8m2!3d52.3329462!4d4.864905!16s%2Fg%2F1pv5tktqd!19sChIJw0rEIQkKxkcRvCQKQ3acjxk?authuser=0&hl=nl&rclk=1,,Amsterdam
VSPVU,bestuur@vspvu.com,http://vspvu.com/,https://www.google.com/maps/place/VSPVU/data=!4m7!3m6!1s0x47c5e1e2a03de65f:0x329803e7dfd744e!8m2!3d52.3334498!4d4.8623672!16s%2Fg%2F1hm63sqnc!19sChIJX-Y9oOLhxUcRTnT9fT6AKQM?authuser=0&hl=nl&rclk=1,Telefoon: 020 598 8919,Amsterdam
R.-K. Studentenpastoraat in Amsterdam,amsterdamstudentchaplaincy@gmail.com,https://rkspa.nl/,https://www.google.com/maps/place/R.-K.+Studentenpastoraat+in+Amsterdam/data=!4m7!3m6!1s0x47c609c490f55667:0x8c87aa8afccd6ca2!8m2!3d52.373284!4d4.8843023!16s%2Fg%2F1hbpwqsrx!19sChIJZ1b1kMQJxkcRomzN_Iqqh4w?authuser=0&hl=nl&rclk=1,Telefoon: 020 240 0802,Amsterdam
Studentenvereniging NoNoMes,info@nonomes.nl,http://www.nonomes.nl/,https://www.google.com/maps/place/Studentenvereniging+NoNoMes/data=!4m7!3m6!1s0x47c609b884e1ae2b:0x2ff5eade9ee128ec!8m2!3d52.3740499!4d4.8964552!16s%2Fg%2F1tr7hl9l!19sChIJK67hhLgJxkcR7Cjhnt7q9S8?authuser=0&hl=nl&rclk=1,Telefoon: 06 16198508,Amsterdam
ELSA Amsterdam,secgen@elsa-amsterdam.nl,http://www.elsa-amsterdam.nl/,https://www.google.com/maps/place/ELSA+Amsterdam/data=!4m7!3m6!1s0x47c609bf78979a5f:0xcb1ebc59118ca22a!8m2!3d52.3629342!4d4.9124045!16s%2Fg%2F1thw1bzd!19sChIJX5qXeL8JxkcRKqKMEVm8Hss?authuser=0&hl=nl&rclk=1,Telefoon: 020 525 2958,Amsterdam
Subliem,bestuur@subliem-vu.nl,http://www.subliem-vu.nl/,https://www.google.com/maps/place/Subliem/data=!4m7!3m6!1s0x47c60a0921c44ac3:0xf8d5ab2a78209e52!8m2!3d52.3328473!4d4.8659569!16s%2Fg%2F1tk6zpr0!19sChIJw0rEIQkKxkcRUp4geCqr1fg?authuser=0&hl=nl&rclk=1,,Amsterdam
CVV Vlug en Vaardig,voorzitter@cvv-vlugenvaardig.nl,http://www.cvv-vlugenvaardig.nl/,https://www.google.com/maps/place/CVV+Vlug+en+Vaardig/data=!4m7!3m6!1s0x47c5e3c77474c2d7:0x5434ff69d95523d7!8m2!3d52.3695715!4d4.7987698!16s%2Fg%2F1wz51xhf!19sChIJ18J0dMfjxUcR1yNV2Wn_NFQ?authuser=0&hl=nl&rclk=1,Telefoon: 020 613 8335,Amsterdam
Survivalrunvereniging RUIG,,http://www.ruig-amsterdam.nl/,https://www.google.com/maps/place/Survivalrunvereniging+RUIG/data=!4m7!3m6!1s0x47c5e397ae9689c1:0x42cde03994cbf788!8m2!3d52.3800921!4d4.7860787!16s%2Fg%2F11c1zsgwk7!19sChIJwYmWrpfjxUcRiPfLlDngzUI?authuser=0&hl=nl&rclk=1,,Amsterdam
HC AthenA🏑,info@hcathena.nl,http://www.hcathena.nl/,https://www.google.com/maps/place/HC+AthenA%F0%9F%8F%91/data=!4m7!3m6!1s0x47c60959daf4a58f:0x1bdb0dca4b32eee0!8m2!3d52.3467334!4d4.9551272!16s%2Fg%2F1239_bkf!19sChIJj6X02lkJxkcR4O4yS8oN2xs?authuser=0&hl=nl&rclk=1,Telefoon: 020 663 8894,Amsterdam
StudieKeuzeOpMaat Amsterdam,,https://www.studiekeuzeopmaat.nl/,https://www.google.com/maps/place/StudieKeuzeOpMaat+Amsterdam/data=!4m7!3m6!1s0x47c60994edbd269b:0xc783a2848b030002!8m2!3d52.362862!4d4.896312!16s%2Fg%2F1hhmmy5nz!19sChIJmya97ZQJxkcRAgADi4Sig8c?authuser=0&hl=nl&rclk=1,Telefoon: 06 15076890,Amsterdam
UvO Amsterdam,bestuur@uvo-amsterdam.nl.,http://www.uvo-amsterdam.nl/,https://www.google.com/maps/place/UvO+Amsterdam/data=!4m7!3m6!1s0x416539ba7d6c7dc7:0xc11838c18d279568!8m2!3d52.3557895!4d4.9567092!16s%2Fg%2F11b6xr3zd3!19sChIJx31sfbo5ZUERaJUnjcE4GME?authuser=0&hl=nl&rclk=1,,Amsterdam
De Oratorische Vereniging F.O.R.V.M.,abactis@ovforvm.nl,http://ovforvm.nl/,https://www.google.com/maps/place/De+Oratorische+Vereniging+F.O.R.V.M./data=!4m7!3m6!1s0x47c609dbb80dce7f:0x7a688962e4b8b59b!8m2!3d52.3746632!4d4.8777314!16s%2Fg%2F11c6w005sl!19sChIJf84NuNsJxkcRm7W45GKJaHo?authuser=0&hl=nl&rclk=1,,Amsterdam
A.S.R. Nereus,,http://www.nereus.nl/,https://www.google.com/maps/place/A.S.R.+Nereus/data=!4m7!3m6!1s0x47c60986d4b6eb93:0x55fd9cddf5e7d8b5!8m2!3d52.3483151!4d4.9112613!16s%2Fg%2F1vspqpy8!19sChIJk-u21IYJxkcRtdjn9d2c_VU?authuser=0&hl=nl&rclk=1,Telefoon: 020 679 7117,Amsterdam
Amsterdams Pleitgezelschap CICERO,info@cicero.amsterdam,http://www.cicero.amsterdam/,https://www.google.com/maps/place/Amsterdams+Pleitgezelschap+CICERO/data=!4m7!3m6!1s0x47c60a0892a1385d:0x2b03b776388582ac!8m2!3d52.3347586!4d4.8664923!16s%2Fg%2F1vd70j81!19sChIJXTihkggKxkcRrIKFOHa3Ays?authuser=0&hl=nl&rclk=1,,Amsterdam
Studievereniging Salus,extern@salus.online,http://www.salus.online/,https://www.google.com/maps/place/Studievereniging+Salus/data=!4m7!3m6!1s0x47c60a0903e852a1:0x91c2994c91acbd1f!8m2!3d52.3329528!4d4.8658355!16s%2Fg%2F1tgw46p6!19sChIJoVLoAwkKxkcRH72skUyZwpE?authuser=0&hl=nl&rclk=1,Telefoon: 020 598 3735,Amsterdam
SV Liber,bestuur@svliber.nl,http://svliber.nl/,https://www.google.com/maps/place/SV+Liber/data=!4m7!3m6!1s0x47c609cf80fcf4a5:0x4768a9ad0a5fb577!8m2!3d52.3778539!4d4.8863684!16s%2Fg%2F11c75xkyp4!19sChIJpfT8gM8JxkcRd7VfCq2paEc?authuser=0&hl=nl&rclk=1,Telefoon: 06 38379739,Amsterdam
Natuurwetenschappelijke Studievereniging Amsterdam,bestuur@nsaweb.nl,https://nsaweb.nl/,https://www.google.com/maps/place/Natuurwetenschappelijke+Studievereniging+Amsterdam/data=!4m7!3m6!1s0x47c60944dbf6843b:0xdd1f69379952b5db!8m2!3d52.3544129!4d4.9548288!16s%2Fg%2F11csb4dnsl!19sChIJO4T220QJxkcR27VSmTdpH90?authuser=0&hl=nl&rclk=1,Telefoon: 020 525 8272,Amsterdam
RK Studentenvereniging Sanctus Thomas Aquinas,info@thomasaquinas.nl,http://www.thomasaquinas.nl/,https://www.google.com/maps/place/RK+Studentenvereniging+Sanctus+Thomas+Aquinas/data=!4m7!3m6!1s0x47c609c1f6c80ab3:0x62147a0548cd2843!8m2!3d52.3677954!4d4.8884168!16s%2Fg%2F1td6fpbk!19sChIJswrI9sEJxkcRQyjNSAV6FGI?authuser=0&hl=nl&rclk=1,Telefoon: 06 17417240,Amsterdam
Studievereniging Pegasus,voorzitter@studieverenigingpegasus.nl,http://www.studieverenigingpegasus.nl/,https://www.google.com/maps/place/Studievereniging+Pegasus/data=!4m7!3m6!1s0x47c609bf7ed0829b:0xe7eacc79fa1b066d!8m2!3d52.363044!4d4.911565!16s%2Fg%2F1tfgnlsl!19sChIJm4LQfr8JxkcRbQYb-nnM6uc?authuser=0&hl=nl&rclk=1,Telefoon: 020 525 5071,Amsterdam
Studievereniging ACD,ict@acdweb.nl,http://www.acdweb.nl/,https://www.google.com/maps/place/Studievereniging+ACD/data=!4m7!3m6!1s0x47c60944dc0237f1:0xf4ffbfc43b260395!8m2!3d52.3545308!4d4.9550638!16s%2Fg%2F11c1_vswcw!19sChIJ8TcC3EQJxkcRlQMmO8S___Q?authuser=0&hl=nl&rclk=1,Telefoon: 020 525 7861,Amsterdam
Scheidsrechters Vereniging Amsterdam,info@sva-amsterdam.nl,https://www.sva-amsterdam.nl/,https://www.google.com/maps/place/Scheidsrechters+Vereniging+Amsterdam/data=!4m7!3m6!1s0x47c609597d4c4b0b:0xbee9ee48ed61bcf!8m2!3d52.3481814!4d4.9535385!16s%2Fg%2F1tdbq1xq!19sChIJC0tMfVkJxkcRzxvWjuSe7gs?authuser=0&hl=nl&rclk=1,Telefoon: 020 692 9193,Amsterdam
Studievereniging Machiavelli,info@svmachiavelli.nl,http://www.svmachiavelli.nl/,https://www.google.com/maps/place/Studievereniging+Machiavelli/data=!4m7!3m6!1s0x47c609bf805fd92d:0x979010d389b951a4!8m2!3d52.3629342!4d4.9124045!16s%2Fg%2F1tmxdryf!19sChIJLdlfgL8JxkcRpFG5idMQkJc?authuser=0&hl=nl&rclk=1,Telefoon: 020 525 2139,Amsterdam
V.O.S. studievereniging voor taalwetenschap,,,https://www.google.com/maps/place/V.O.S.+studievereniging+voor+taalwetenschap/data=!4m7!3m6!1s0x47c609c69b006a6b:0x7444dbca1260da35!8m2!3d52.3735778!4d4.8895951!16s%2Fg%2F11btmq4hhc!19sChIJa2oAm8YJxkcRNdpgEsrbRHQ?authuser=0&hl=nl&rclk=1,Telefoon: 020 301 3545,Amsterdam
SV Anatolia,info@svanatolia.nl,https://svanatolia.nl/,https://www.google.com/maps/place/SV+Anatolia/data=!4m7!3m6!1s0x47c60a08fe73ea07:0xa10fd297255ca814!8m2!3d52.3341889!4d4.8660123!16s%2Fg%2F119v5m1ct!19sChIJB-pz_ggKxkcRFKhcJZfSD6E?authuser=0&hl=nl&rclk=1,,Amsterdam
A.S.Z.V. SPONS,secretaris@aszvspons.nl.,http://www.aszvspons.nl/,https://www.google.com/maps/place/A.S.Z.V.+SPONS/data=!4m7!3m6!1s0x47c6090112bf4e45:0x3f5453dcda116c3e!8m2!3d52.3559009!4d4.9568195!16s%2Fg%2F11jp5jh481!19sChIJRU6_EgEJxkcRPmwR2txTVD8?authuser=0&hl=nl&rclk=1,,Amsterdam
"VSPA, Studievereniging",info@vspa.nl,http://www.vspa.nl/,"https://www.google.com/maps/place/VSPA,+Studievereniging/data=!4m7!3m6!1s0x47c609975f8fa8af:0x98d4af911a57f362!8m2!3d52.3640601!4d4.912329!16s%2Fg%2F11cn8t445c!19sChIJr6iPX5cJxkcRYvNXGpGv1Jg?authuser=0&hl=nl&rclk=1",Telefoon: 020 525 6790,Amsterdam
Studievereniging Spectrum,Bestuur@svspectrum.nl,http://www.svspectrum.nl/,https://www.google.com/maps/place/Studievereniging+Spectrum/data=!4m7!3m6!1s0x47c60944d7de7de1:0x4208fb50ef05959a!8m2!3d52.354077!4d4.955404!16s%2Fg%2F11h03dgt3!19sChIJ4X3e10QJxkcRmpUF71D7CEI?authuser=0&hl=nl&rclk=1,Telefoon: 020 525 7433,Amsterdam
Thor Amsterdam - Studenten IJshockey Vereniging Amsterdam,,https://thoramsterdam.nl/,https://www.google.com/maps/place/Thor+Amsterdam+-+Studenten+IJshockey+Vereniging+Amsterdam/data=!4m7!3m6!1s0x47c60bfefda91861:0x602e0d218c01d359!8m2!3d52.3489663!4d4.9453819!16s%2Fg%2F11swtgccls!19sChIJYRip_f4LxkcRWdMBjCENLmA?authuser=0&hl=nl&rclk=1,,Amsterdam
Twentse Studenten Alpen Club,,https://tsac.alpenclub.nl/,https://www.google.com/maps/place/Twentse+Studenten+Alpen+Club/data=!4m7!3m6!1s0x47b813da71411935:0x7d020f9c94402806!8m2!3d52.2437533!4d6.8503836!16s%2Fg%2F1thmdgxc!19sChIJNRlBcdoTuEcRBihAlJwPAn0?authuser=0&hl=nl&rclk=1,,Enschede
Studievereniging LiNK,bestuur@islink.nl,http://www.islink.nl/,https://www.google.com/maps/place/Studievereniging+LiNK/data=!4m7!3m6!1s0x47b81475c2a06d17:0x61f6c9b6151d1da3!8m2!3d52.2196301!4d6.8895779!16s%2Fg%2F1tdcw57k!19sChIJF22gwnUUuEcRox0dFbbJ9mE?authuser=0&hl=nl&rclk=1,Telefoon: 088 019 6204,Enschede
"Studie Vereniging ""Hysteria"", HBO-V & G&T",Bestuur@svhysteria.nl,https://www.svhysteria.nl/,"https://www.google.com/maps/place/Studie+Vereniging+%22Hysteria%22,+HBO-V+%26+G%26T/data=!4m7!3m6!1s0x47b8138a72f9b60f:0xab40e6eeff540fe5!8m2!3d52.2206991!4d6.8866123!16s%2Fg%2F1tftddgk!19sChIJD7b5cooTuEcR5Q9U_-7mQKs?authuser=0&hl=nl&rclk=1",,Enschede
Studievereniging Stress,,,https://www.google.com/maps/place/Studievereniging+Stress/data=!4m7!3m6!1s0x47b813d059a86eb9:0x8ee39b25fb85de59!8m2!3d52.2395135!4d6.855391!16s%2Fg%2F1thp_sxh!19sChIJuW6oWdATuEcRWd6F-yWb444?authuser=0&hl=nl&rclk=1,Telefoon: 053 489 3527,Enschede
Stichting Sociëteit Antigoon,bestuur@asvtaste.nl,http://www.asvtaste.nl/,https://www.google.com/maps/place/Stichting+Soci%C3%ABteit+Antigoon/data=!4m7!3m6!1s0x47b81473bac56d4b:0xe582b5ac21323173!8m2!3d52.2205831!4d6.8965441!16s%2Fg%2F11b75fcq9s!19sChIJS23FunMUuEcRczEyIay1guU?authuser=0&hl=nl&rclk=1,Telefoon: 053 432 6238,Enschede
Stichting Sociëteit Asterion,sb@onzekroeg.nl,http://www.onzekroeg.nl/,https://www.google.com/maps/place/Stichting+Soci%C3%ABteit+Asterion/data=!4m7!3m6!1s0x47b81473bace0acf:0xc35578e3769c4542!8m2!3d52.22049!4d6.8965724!16s%2Fg%2F1tk6zkvp!19sChIJzwrOunMUuEcRQkWcduN4VcM?authuser=0&hl=nl&rclk=1,Telefoon: 053 432 1040,Enschede
Studentenbeleggingsvereniging Duitenberg,,http://www.duitenberg.nl/,https://www.google.com/maps/place/Studentenbeleggingsvereniging+Duitenberg/data=!4m7!3m6!1s0x47b813d075111133:0x730b74cffb2c098c!8m2!3d52.2432009!4d6.8525472!16s%2Fg%2F1tx4636k!19sChIJMxERddATuEcRjAks-890C3M?authuser=0&hl=nl&rclk=1,,Enschede
Studievereniging Archimedes,bestuur@svarchimedes.nl,https://www.svarchimedes.nl/,https://www.google.com/maps/place/Studievereniging+Archimedes/data=!4m7!3m6!1s0x47b8138a7a06ad5b:0x68cbcda36910d5ac!8m2!3d52.2207287!4d6.8856883!16s%2Fg%2F11c1pgkr0c!19sChIJW60GeooTuEcRrNUQaaPNy2g?authuser=0&hl=nl&rclk=1,Telefoon: 088 019 1984,Enschede
SAMM: Studievereniging Academie Mens & Maatschappij,info@studieverenigingamm.nl,http://www.studieverenigingamm.nl/,https://www.google.com/maps/place/SAMM:+Studievereniging+Academie+Mens+%26+Maatschappij/data=!4m7!3m6!1s0x47b813ec28a14f45:0x6503752b5699bd0d!8m2!3d52.2206713!4d6.8851527!16s%2Fg%2F11hyzygrbq!19sChIJRU-hKOwTuEcRDb2ZVit1A2U?authuser=0&hl=nl&rclk=1,Telefoon: 06 23180416,Enschede
Bastille,servicedesk-bastille@utwente.nl,https://su.utwente.nl/Union-services/student/unionlocations/bastille/,https://www.google.com/maps/place/Bastille/data=!4m7!3m6!1s0x47b813d9e2c00001:0x85f6b31cbc054479!8m2!3d52.2430939!4d6.8518366!16s%2Fg%2F11hzrrnjk_!19sChIJAQDA4tkTuEcReUQFvByz9oU?authuser=0&hl=nl&rclk=1,,Enschede
Studievereniging Watt,board@svwatt.com,http://www.svwatt.com/,https://www.google.com/maps/place/Studievereniging+Watt/data=!4m7!3m6!1s0x47b8138a187a25bd:0x967dcd7397ddd4c3!8m2!3d52.221432!4d6.886772!16s%2Fg%2F1w4vh_nx!19sChIJvSV6GIoTuEcRw9Tdl3PNfZY?authuser=0&hl=nl&rclk=1,Telefoon: 088 019 6432,Enschede
Survivalrunbaan D.S.S.V. Tartaros,,https://www.dssv-tartaros.nl/,https://www.google.com/maps/place/Survivalrunbaan+D.S.S.V.+Tartaros/data=!4m7!3m6!1s0x47b813d76f2a18bb:0x16f0fcf19bc89e07!8m2!3d52.2443214!4d6.8510042!16s%2Fg%2F11c53p0c17!19sChIJuxgqb9cTuEcRB57Im_H88BY?authuser=0&hl=nl&rclk=1,,Enschede
Tabula Rasa,soos@svtabularasa.nl,http://www.svtabularasa.nl/,https://www.google.com/maps/place/Tabula+Rasa/data=!4m7!3m6!1s0x47b814737582f0e7:0x1e3f2b492f92e7b2!8m2!3d52.2214047!4d6.8947301!16s%2Fg%2F1w0p4q2_!19sChIJ5_CCdXMUuEcRsueSL0krPx4?authuser=0&hl=nl&rclk=1,Telefoon: 053 487 1351,Enschede
E.T.S.V. Scintilla,bestuur@scintilla.utwente.nl,https://www.scintilla.utwente.nl/,https://www.google.com/maps/place/E.T.S.V.+Scintilla/data=!4m7!3m6!1s0x47b813d075111133:0x517ba7e798b6cd31!8m2!3d52.2391797!4d6.8561238!16s%2Fg%2F1tg14tdf!19sChIJMxERddATuEcRMc22mOene1E?authuser=0&hl=nl&rclk=1,Telefoon: 053 489 2810,Enschede
Blueshell Esports,board@blueshell.utwente.nl,https://esa-blueshell.nl/,https://www.google.com/maps/place/Blueshell+Esports/data=!4m7!3m6!1s0x47b8132df8ba7f2b:0x52dc1e8a52a0b9ce!8m2!3d52.2433332!4d6.8519248!16s%2Fg%2F11rd88dgbg!19sChIJK3-6-C0TuEcRzrmgUooe3FI?authuser=0&hl=nl&rclk=1,Telefoon: 06 51319571,Enschede
Drienerlose Hockey Club,,http://www.dhcdrienerlo.nl/,https://www.google.com/maps/place/Drienerlose+Hockey+Club/data=!4m7!3m6!1s0x47b813da389ae993:0x724b23354509f3e6!8m2!3d52.2448123!4d6.8484129!16s%2Fg%2F1tm67_ng!19sChIJk-maONoTuEcR5vMJRTUjS3I?authuser=0&hl=nl&rclk=1,Telefoon: 06 12482141,Enschede
SV Humanity,,http://svhumanity.nl/,https://www.google.com/maps/place/SV+Humanity/data=!4m7!3m6!1s0x47b8138a6a8da1cf:0x6b98266a9f60d1a5!8m2!3d52.2207287!4d6.8856883!16s%2Fg%2F11ddzfcxj_!19sChIJz6GNaooTuEcRpdFgn2ommGs?authuser=0&hl=nl&rclk=1,,Enschede
Drienerlose Roei-vereniging 'Euros',eic@drv-euros.nl.,http://www.drv-euros.utwente.nl/,https://www.google.com/maps/place/Drienerlose+Roei-vereniging+%27Euros%27/data=!4m7!3m6!1s0x47b813cbc4933601:0x27479691539b5b3e!8m2!3d52.2309944!4d6.8406831!16s%2Fg%2F11bwhb0z32!19sChIJATaTxMsTuEcRPlubU5GWRyc?authuser=0&hl=nl&rclk=1,,Enschede
"Drienerlose Schaatsvereniging ""De Skeuvel""",bestuur@skeuvel.nl,http://www.skeuvel.nl/,https://www.google.com/maps/place/Drienerlose+Schaatsvereniging+%22De+Skeuvel%22/data=!4m7!3m6!1s0x47b813d075111133:0xec497ac3ad11c121!8m2!3d52.2387703!4d6.8505425!16s%2Fg%2F1tdfgs8q!19sChIJMxERddATuEcRIcERrcN6Sew?authuser=0&hl=nl&rclk=1,,Enschede
S.A. Proto,board@proto.utwente.nl,https://www.proto.utwente.nl/,https://www.google.com/maps/place/S.A.+Proto/data=!4m7!3m6!1s0x47b813db79701af5:0x4d46c3bbfb875672!8m2!3d52.2393493!4d6.8569477!16s%2Fg%2F1tf14z27!19sChIJ9RpwedsTuEcRclaH-7vDRk0?authuser=0&hl=nl&rclk=1,Telefoon: 053 489 4423,Enschede
ZPV Piranha,info@zpv-piranha.nl,http://zpv-piranha.nl/,https://www.google.com/maps/place/ZPV+Piranha/data=!4m7!3m6!1s0x47b813d75848baed:0x770504f69c63ed86!8m2!3d52.2433664!4d6.8516614!16s%2Fg%2F11g72g5w8_!19sChIJ7bpIWNcTuEcRhu1jnPYEBXc?authuser=0&hl=nl&rclk=1,,Enschede
Kick-In,info@kick-in.nl,https://www.kick-in.nl/,https://www.google.com/maps/place/Kick-In/data=!4m7!3m6!1s0x47b813d9fd677011:0x8561c0609f9ecebf!8m2!3d52.2433724!4d6.8520785!16s%2Fg%2F1pwfv2b59!19sChIJEXBn_dkTuEcRv86en2DAYYU?authuser=0&hl=nl&rclk=1,Telefoon: 053 489 2356,Enschede
S.V. Tuks,info@tuks.dev,http://tuks.dev/,https://www.google.com/maps/place/S.V.+Tuks/data=!4m7!3m6!1s0x47b815537b5d2e77:0x6d1b12774b71050d!8m2!3d52.2197058!4d6.8889784!16s%2Fg%2F11tddbb6g9!19sChIJdy5de1MVuEcRDQVxS3cSG20?authuser=0&hl=nl&rclk=1,,Enschede
Tranquillum,,https://www.tranquillum.nl/,https://www.google.com/maps/place/Tranquillum/data=!4m7!3m6!1s0x47b8146cf4c2fd4f:0x6044c2f3d2988ec4!8m2!3d52.2210108!4d6.9060439!16s%2Fg%2F1vvr596d!19sChIJT_3C9GwUuEcRxI6Y0vPCRGA?authuser=0&hl=nl&rclk=1,,Enschede
S.G. Daedalus,board@daedalus.utwente.nl,http://www.sgdaedalus.nl/,https://www.google.com/maps/place/S.G.+Daedalus/data=!4m7!3m6!1s0x47b813dd2420f9f7:0xe167b479a0d1163a!8m2!3d52.2369194!4d6.8610606!16s%2Fg%2F11bx1gyltb!19sChIJ9_kgJN0TuEcROhbRoHm0Z-E?authuser=0&hl=nl&rclk=1,Telefoon: 053 489 4439,Enschede
"Studenten Korfbalvereniging ""Vakgericht""",,http://vakgericht.nl/,https://www.google.com/maps/place/Studenten+Korfbalvereniging+%22Vakgericht%22/data=!4m7!3m6!1s0x47b813da389ae993:0x97dee753136bd288!8m2!3d52.244077!4d6.8506103!16s%2Fg%2F1tksmfjw!19sChIJk-maONoTuEcRiNJrE1Pn3pc?authuser=0&hl=nl&rclk=1,Telefoon: 06 53635105,Enschede
W.S.G. Isaac Newton,bestuur@isaacnewton.nl,http://www.isaacnewton.utwente.nl/,https://www.google.com/maps/place/W.S.G.+Isaac+Newton/data=!4m7!3m6!1s0x47b813dcdf3a65f5:0x6568190987772190!8m2!3d52.237439!4d6.860706!16s%2Fg%2F12mh4hd6v!19sChIJ9WU639wTuEcRkCF3hwkZaGU?authuser=0&hl=nl&rclk=1,Telefoon: 053 489 2531,Enschede
Honours Vereniging Ockham,board@hvockham.nl,https://www.hv-ockham.nl/,https://www.google.com/maps/place/Honours+Vereniging+Ockham/data=!4m7!3m6!1s0x47b813da389ae993:0xed697c5086eedc61!8m2!3d52.2373517!4d6.8562845!16s%2Fg%2F1v8kzpgc!19sChIJk-maONoTuEcRYdzuhlB8ae0?authuser=0&hl=nl&rclk=1,,Enschede
S.A. Atlantis,board@sa-atlantis.nl,https://www.sa-atlantis.nl/home,https://www.google.com/maps/place/S.A.+Atlantis/data=!4m7!3m6!1s0x47b813db116a5749:0x4de2ec79bc6e2955!8m2!3d52.2425306!4d6.8539446!16s%2Fg%2F11c0pxybq4!19sChIJSVdqEdsTuEcRVSluvHns4k0?authuser=0&hl=nl&rclk=1,Telefoon: +44 7900 567652,Enschede
Navigators Studentenvereniging Enschede,,http://www.nsenschede.nl/,https://www.google.com/maps/place/Navigators+Studentenvereniging+Enschede/data=!4m7!3m6!1s0x47b813da389ae993:0xa920b12d6ae96967!8m2!3d52.2429237!4d6.8518985!16s%2Fg%2F1tkf00w3!19sChIJk-maONoTuEcRZ2npai2xIKk?authuser=0&hl=nl&rclk=1,,Enschede
Vereniging van Gereformeerde Studenten in Twente,abactis@vgst.nl,http://www.vgst.nl/,https://www.google.com/maps/place/Vereniging+van+Gereformeerde+Studenten+in+Twente/data=!4m7!3m6!1s0x47b8147382790fcd:0x627fbc4911010ad0!8m2!3d52.221378!4d6.894929!16s%2Fg%2F1td64d15!19sChIJzQ95gnMUuEcR0AoBEUm8f2I?authuser=0&hl=nl&rclk=1,,Enschede
Studievereniging Sirius,secretary@siriusenschede.nl,https://www.siriusenschede.nl/home,https://www.google.com/maps/place/Studievereniging+Sirius/data=!4m7!3m6!1s0x47b813db092696ff:0x45de07b4e9b0d33f!8m2!3d52.2375629!4d6.8564881!16s%2Fg%2F11bxf6klgh!19sChIJ_5YmCdsTuEcRP9Ow6bQH3kU?authuser=0&hl=nl&rclk=1,Telefoon: 053 489 3204,Enschede
"Christelijke Studenten Vereniging ""Alpha""",abactis@csvalpha.nl,https://csvalpha.nl/,https://www.google.com/maps/place/Christelijke+Studenten+Vereniging+%22Alpha%22/data=!4m7!3m6!1s0x47b81473bace0acf:0x8556357bac82d7a4!8m2!3d52.2206085!4d6.8965473!16s%2Fg%2F1tq6j4p8!19sChIJzwrOunMUuEcRpNeCrHs1VoU?authuser=0&hl=nl&rclk=1,Telefoon: 06 82066827,Enschede
s.v. CEMENTi,bestuur@cementi.nl,http://www.cementi.nl/,https://www.google.com/maps/place/s.v.+CEMENTi/data=!4m7!3m6!1s0x47b8138e69d4c3c7:0x8ebc1b3dee6fe168!8m2!3d52.2207287!4d6.8856883!16s%2Fg%2F11sbny1kfk!19sChIJx8PUaY4TuEcRaOFv7j0bvI4?authuser=0&hl=nl&rclk=1,Telefoon: 088 019 1977,Enschede
ELTC Tennisvereniging‎,info@eltc.nl,http://www.eltc.nl/,https://www.google.com/maps/place/ELTC+Tennisvereniging%E2%80%8E/data=!4m7!3m6!1s0x47b8138e19b96c1b:0x6095323f8992d46b!8m2!3d52.2190317!4d6.874261!16s%2Fg%2F1tf9rxc7!19sChIJG2y5GY4TuEcRa9SSiT8ylWA?authuser=0&hl=nl&rclk=1,Telefoon: 053 431 5510,Enschede
Drienerlose Kanovereniging Euros,,http://www.euroskano.nl/,https://www.google.com/maps/place/Drienerlose+Kanovereniging+Euros/data=!4m7!3m6!1s0x47b813c96322ed3b:0x250a59304e972242!8m2!3d52.2305573!4d6.8420563!16s%2Fg%2F11bwh5stc0!19sChIJO-0iY8kTuEcRQiKXTjBZCiU?authuser=0&hl=nl&rclk=1,,Enschede
E.E.E.H.V. Cabezota,secretaris@cabezota.utwente.nl,http://www.cabezota.utwente.nl/,https://www.google.com/maps/place/E.E.E.H.V.+Cabezota/data=!4m7!3m6!1s0x47b813d075111133:0x3ddc1f900cb638d0!8m2!3d52.244077!4d6.8506103!16s%2Fg%2F1td41kvv!19sChIJMxERddATuEcR0Di2DJAf3D0?authuser=0&hl=nl&rclk=1,,Enschede
De Pakkerij,info@pkvvfact.nl,http://pkvvfact.nl/,https://www.google.com/maps/place/De+Pakkerij/data=!4m7!3m6!1s0x47b81473bace0acf:0x35e0fb9f704a0642!8m2!3d52.220594!4d6.896581!16s%2Fg%2F121xw7bs!19sChIJzwrOunMUuEcRQgZKcJ_74DU?authuser=0&hl=nl&rclk=1,,Enschede
Studie vereniging IDent,intern@sv-ident.nl,http://svident.nl/,https://www.google.com/maps/place/Studie+vereniging+IDent/data=!4m7!3m6!1s0x47b8138a6a8da1cf:0x2f0a5b64fc585ba8!8m2!3d52.2207287!4d6.8856883!16s%2Fg%2F11g8gfw6wy!19sChIJz6GNaooTuEcRqFtY_GRbCi8?authuser=0&hl=nl&rclk=1,Telefoon: 088 019 1695,Enschede
Dimensie,intern@svdimensie.nl,http://www.svdimensie.nl/,https://www.google.com/maps/place/Dimensie/data=!4m7!3m6!1s0x47b813da389ae993:0xf622d0ffe5911744!8m2!3d52.2382531!4d6.8527084!16s%2Fg%2F1w0j38dz!19sChIJk-maONoTuEcRRBeR5f_QIvY?authuser=0&hl=nl&rclk=1,Telefoon: 06 45570448,Enschede
I.C.T.S.V. Inter-Actief,,https://www.inter-actief.net/,https://www.google.com/maps/place/I.C.T.S.V.+Inter-Actief/data=!4m7!3m6!1s0x47b813da389ae993:0xe5a7074d1dabd4c1!8m2!3d52.2390971!4d6.856052!16s%2Fg%2F1wj_sbpp!19sChIJk-maONoTuEcRwdSrHU0Hp-U?authuser=0&hl=nl&rclk=1,Telefoon: 053 489 3756,Enschede
s.v. Elucido,info@sv-elucido.nl,http://www.sv-elucido.nl/,https://www.google.com/maps/place/s.v.+Elucido/data=!4m7!3m6!1s0x47b8158d404f8551:0xe3b6f3f3b6de3c0a!8m2!3d52.22002!4d6.8881947!16s%2Fg%2F11r_wbvck0!19sChIJUYVPQI0VuEcRCjzetvPztuM?authuser=0&hl=nl&rclk=1,,Enschede
S.A. Astatine,,http://www.astatine.utwente.nl/,https://www.google.com/maps/place/S.A.+Astatine/data=!4m7!3m6!1s0x47b813dd2712e5e1:0x83f128bd64214eb2!8m2!3d52.2387976!4d6.8579142!16s%2Fg%2F12llkpr8c!19sChIJ4eUSJ90TuEcRsk4hZL0o8YM?authuser=0&hl=nl&rclk=1,Telefoon: 053 489 4450,Enschede
Study Association XP,,https://linktr.ee/unlock_xp,https://www.google.com/maps/place/Study+Association+XP/data=!4m7!3m6!1s0x47b815dacd34fe35:0x71e2b1653b5cfd94!8m2!3d52.2220755!4d6.8919632!16s%2Fg%2F11rt_5m52g!19sChIJNf40zdoVuEcRlP1cO2Wx4nE?authuser=0&hl=nl&rclk=1,Telefoon: 06 37477647,Enschede
Tennis Club Ludica,trainingen@ludica.nl,http://www.ludica.nl/,https://www.google.com/maps/place/Tennis+Club+Ludica/data=!4m7!3m6!1s0x47b813da389ae993:0x51db754843df3c70!8m2!3d52.2437684!4d6.8459081!16s%2Fg%2F1tgd5lqg!19sChIJk-maONoTuEcRcDzfQ0h121E?authuser=0&hl=nl&rclk=1,Telefoon: 06 20789240,Enschede
C.T.S.G. Alembic,board@alembic.utwente.nl,http://alembic.utwente.nl/,https://www.google.com/maps/place/C.T.S.G.+Alembic/data=!4m7!3m6!1s0x47b813dd276e9d7b:0x5cec8ae4d727da05!8m2!3d52.2386778!4d6.8574841!16s%2Fg%2F1tg4vy10!19sChIJe51uJ90TuEcRBdon1-SK7Fw?authuser=0&hl=nl&rclk=1,Telefoon: 053 489 2866,Enschede
Study Association Communiqué,declarations@communique.utwente.nl,http://sacommunique.nl/,https://www.google.com/maps/place/Study+Association+Communiqu%C3%A9/data=!4m7!3m6!1s0x47b8131e33131b29:0x76328bc94c934bae!8m2!3d52.2380609!4d6.8539701!16s%2Fg%2F11j0s02vb9!19sChIJKRsTMx4TuEcRrkuTTMmLMnY?authuser=0&hl=nl&rclk=1,Telefoon: 053 489 4461,Enschede
SV Oxytoc,bestuur@svoxytoc.nl,http://svoxytoc.nl/,https://www.google.com/maps/place/SV+Oxytoc/data=!4m7!3m6!1s0x47b8138a6a8da1cf:0x53457d4234fa278!8m2!3d52.2207287!4d6.8856883!16s%2Fg%2F11dd_l8l1w!19sChIJz6GNaooTuEcReKJPI9RXNAU?authuser=0&hl=nl&rclk=1,Telefoon: 088 019 0140,Enschede
Enschedese Studenten Boksvereniging Buitenwesten,,http://buitenwesten.utwente.nl/,https://www.google.com/maps/place/Enschedese+Studenten+Boksvereniging+Buitenwesten/data=!4m7!3m6!1s0x47b813da71411935:0x7852a91fbc52fe8e!8m2!3d52.2440151!4d6.8507132!16s%2Fg%2F1tjymszj!19sChIJNRlBcdoTuEcRjv5SvB-pUng?authuser=0&hl=nl&rclk=1,,Enschede
S.V. Construct,info@svconstruct.nl,http://www.svconstruct.nl/,https://www.google.com/maps/place/S.V.+Construct/data=!4m7!3m6!1s0x47b8138a3ed0ee35:0xbb93a2a144da5411!8m2!3d52.2206691!4d6.885902!16s%2Fg%2F11cr_zgdrv!19sChIJNe7QPooTuEcREVTaRKGik7s?authuser=0&hl=nl&rclk=1,Telefoon: 088 019 6365,Enschede
Sociëteit Flux,secretaris@societeitflux.nl,http://www.societeitflux.nl/,https://www.google.com/maps/place/Soci%C3%ABteit+Flux/data=!4m7!3m6!1s0x47b81473bb4f8ed1:0xd34d8ff000f82e5d!8m2!3d52.2206085!4d6.8965473!16s%2Fg%2F1vlz9fp1!19sChIJ0Y5Pu3MUuEcRXS74APCPTdM?authuser=0&hl=nl&rclk=1,,Enschede
Studievereniging Trias Loci,,http://www.triasloci.nl/,https://www.google.com/maps/place/Studievereniging+Trias+Loci/data=!4m7!3m6!1s0x47b8138a72f9b60f:0x588b15c7edda48c5!8m2!3d52.2207287!4d6.8856883!16s%2Fg%2F1vyxhhbx!19sChIJD7b5cooTuEcRxUja7ccVi1g?authuser=0&hl=nl&rclk=1,Telefoon: 088 019 1706,Enschede
RSK Enschede,boazvandenbrink@gmail.com,https://www.rskenschede.nl/,https://www.google.com/maps/place/RSK+Enschede/data=!4m7!3m6!1s0x47b813c5812908eb:0x39bdcde409d9d63f!8m2!3d52.2433332!4d6.8519248!16s%2Fg%2F1v9gj1w5!19sChIJ6wgpgcUTuEcRP9bZCeTNvTk?authuser=0&hl=nl&rclk=1,,Enschede
S.V. Syntaxis,info@syntaxis.nl,https://syntaxis.nl/,https://www.google.com/maps/place/S.V.+Syntaxis/data=!4m7!3m6!1s0x47b81475dc44bcc7:0x474505f851b9c657!8m2!3d52.219524!4d6.889012!16s%2Fg%2F1hdyyhjfj!19sChIJx7xE3HUUuEcRV8a5UfgFRUc?authuser=0&hl=nl&rclk=1,Telefoon: 088 019 6369,Enschede
Studievereniging Salio,,,https://www.google.com/maps/place/Studievereniging+Salio/data=!4m7!3m6!1s0x47b8138a6a8da1cf:0x1263f5c6f4c008fa!8m2!3d52.2207744!4d6.8861896!16s%2Fg%2F11fy_dgkh8!19sChIJz6GNaooTuEcR-gjA9Mb1YxI?authuser=0&hl=nl&rclk=1,,Enschede
DSCC/DJCR 'Audentis et Virtutis',,,https://www.google.com/maps/place/DSCC%2FDJCR+%27Audentis+et+Virtutis%27/data=!4m7!3m6!1s0x47b81473bace0acf:0x19be68a9bfe3489d!8m2!3d52.2206085!4d6.8965473!16s%2Fg%2F1z449xp78!19sChIJzwrOunMUuEcRnUjjv6lovhk?authuser=0&hl=nl&rclk=1,Telefoon: 053 432 8384,Enschede
Wiskundig Studiegenootschap Abacus,ideabox@abacus.utwente.nl,http://www.abacus.utwente.nl/,https://www.google.com/maps/place/Wiskundig+Studiegenootschap+Abacus/data=!4m7!3m6!1s0x47b813da389ae993:0x407916453b5c6c72!8m2!3d52.2391932!4d6.8562803!16s%2Fg%2F1vfn5qyc!19sChIJk-maONoTuEcRcmxcO0UWeUA?authuser=0&hl=nl&rclk=1,Telefoon: 053 489 3435,Enschede
Studentenvereniging AEGEE-Enschede,external@aegee-enschede.nl,https://www.aegee-enschede.nl/,https://www.google.com/maps/place/Studentenvereniging+AEGEE-Enschede/data=!4m7!3m6!1s0x47b81473bace0acf:0xf498b9e38a92f76a!8m2!3d52.2206085!4d6.8965473!16s%2Fg%2F1thvrs4g!19sChIJzwrOunMUuEcRaveSiuO5mPQ?authuser=0&hl=nl&rclk=1,Telefoon: 053 432 1040,Enschede
Bestuurskamer C.S.V. Alpha,abactis@csvalpha.nl,https://csvalpha.nl/,https://www.google.com/maps/place/Bestuurskamer+C.S.V.+Alpha/data=!4m7!3m6!1s0x47b813d7575ececd:0xf2e7d693d092d697!8m2!3d52.2435155!4d6.8513071!16s%2Fg%2F11c3tgfzcy!19sChIJzc5eV9cTuEcRl9aS0JPW5_I?authuser=0&hl=nl&rclk=1,Telefoon: 06 82066827,Enschede
W.T.S. Ideefiks,board@ideefiks.utwente.nl,http://www.ideefiks.utwente.nl/,https://www.google.com/maps/place/W.T.S.+Ideefiks/data=!4m7!3m6!1s0x47b813db90c76819:0x184db86d25c39496!8m2!3d52.2403876!4d6.8567278!16s%2Fg%2F11cjhycptd!19sChIJGWjHkNsTuEcRlpTDJW24TRg?authuser=0&hl=nl&rclk=1,Telefoon: 053 489 3284,Enschede
Enschedese Slee Vereniging,,https://www.linkedin.com/in/nino-mulder-a7b983131,https://www.google.com/maps/place/Enschedese+Slee+Vereniging/data=!4m7!3m6!1s0x47b8143e8728975d:0x1f2f4f4585442d48!8m2!3d52.2275508!4d6.920058!16s%2Fg%2F1hc3jvwbz!19sChIJXZcohz4UuEcRSC1EhUVPLx8?authuser=0&hl=nl&rclk=1,Telefoon: 06 22682905,Enschede
S.V. Arago,contact@arago.utwente.nl,https://www.arago.utwente.nl/,https://www.google.com/maps/place/S.V.+Arago/data=!4m7!3m6!1s0x47b813dca266769b:0x4ed88fa9f46ad77a!8m2!3d52.2385411!4d6.8576364!16s%2Fg%2F11bx1qnr97!19sChIJm3ZmotwTuEcRetdq9KmP2E4?authuser=0&hl=nl&rclk=1,Telefoon: 053 489 3050,Enschede
Tennisvereniging Vredestein Stokhorst (T.V.V.S.)🎾,secretariaat@tvvs.nl,http://www.tvvs.nl/,https://www.google.com/maps/place/Tennisvereniging+Vredestein+Stokhorst+%28T.V.V.S.%29%F0%9F%8E%BE/data=!4m7!3m6!1s0x47b8143b4414ffb1:0x82f08de529c5f609!8m2!3d52.2288544!4d6.9196912!16s%2Fg%2F1tdzkn6_!19sChIJsf8URDsUuEcRCfbFKeWN8II?authuser=0&hl=nl&rclk=1,Telefoon: 053 433 1965,Enschede
DAV Kronos,info@kronos.nl,http://kronos.nl/,https://www.google.com/maps/place/DAV+Kronos/data=!4m7!3m6!1s0x47b813d77d4cd52b:0x12e5fc6cb139e83e!8m2!3d52.2444302!4d6.852549!16s%2Fg%2F11cp17qtt0!19sChIJK9VMfdcTuEcRPug5sWz85RI?authuser=0&hl=nl&rclk=1,,Enschede
Prinses Wilhelmina Hockeyclub,vertrouwenspersoon@pwhockey.nl,http://www.pwhockey.nl/,https://www.google.com/maps/place/Prinses+Wilhelmina+Hockeyclub/data=!4m7!3m6!1s0x47b813ee353874f3:0xee3ef62a0642ee82!8m2!3d52.2331778!4d6.8751009!16s%2Fg%2F121bwpk7!19sChIJ83Q4Ne4TuEcRgu5CBir2Pu4?authuser=0&hl=nl&rclk=1,,Enschede
Vereniging Pitbull Enschede,,,https://www.google.com/maps/place/Vereniging+Pitbull+Enschede/data=!4m7!3m6!1s0x47b81468c6b59435:0x981662326be060d8!8m2!3d52.2142486!4d6.9075305!16s%2Fg%2F1vgw7qj7!19sChIJNZS1xmgUuEcR2GDgazJiFpg?authuser=0&hl=nl&rclk=1,,Enschede
Enschedese Basketbalvereniging The Jugglers,info@jugglers.nl,https://www.jugglers.nl/,https://www.google.com/maps/place/Enschedese+Basketbalvereniging+The+Jugglers/data=!4m7!3m6!1s0x47b8159967284601:0x13ca04783b57fb9!8m2!3d52.2386968!4d6.8989869!16s%2Fg%2F1vn9n4z9!19sChIJAUYoZ5kVuEcRuX-1g0egPAE?authuser=0&hl=nl&rclk=1,,Enschede
Vereniging Campus Kabel,board@vck.utwente.nl,https://vck.tv/,https://www.google.com/maps/place/Vereniging+Campus+Kabel/data=!4m7!3m6!1s0x47b813d1430d97ed:0xd4edf1499f9a0afc!8m2!3d52.2466318!4d6.8473199!16s%2Fg%2F1tvw3_wc!19sChIJ7ZcNQ9ETuEcR_Aqan0nx7dQ?authuser=0&hl=nl&rclk=1,,Enschede
Islamitische Vereniging Enschede Moskee,info@iveo.nl,http://www.iveo.nl/,https://www.google.com/maps/place/Islamitische+Vereniging+Enschede+Moskee/data=!4m7!3m6!1s0x47b8138fd5de7f31:0x8a6fa7c451362157!8m2!3d52.2172336!4d6.8726379!16s%2Fg%2F1tk1y3g_!19sChIJMX_e1Y8TuEcRVyE2UcSnb4o?authuser=0&hl=nl&rclk=1,Telefoon: 06 51388714,Enschede
Turkse Culturele Vereniging Enschede,,,https://www.google.com/maps/place/Turkse+Culturele+Vereniging+Enschede/data=!4m7!3m6!1s0x47b81409282040e5:0x97b217ce35cd76ea!8m2!3d52.2319964!4d6.8962608!16s%2Fg%2F1vp6z7_b!19sChIJ5UAgKAkUuEcR6nbNNc4Xspc?authuser=0&hl=nl&rclk=1,Telefoon: 053 433 8491,Enschede
S.V. Paradoks,bestuur@paradoks.utwente.nl,https://www.paradoks.utwente.nl/,https://www.google.com/maps/place/S.V.+Paradoks/data=!4m7!3m6!1s0x47b813dd27bfffff:0xba589da345b9b4c1!8m2!3d52.2375629!4d6.8564881!16s%2Fg%2F11g9qjb9j3!19sChIJ__-_J90TuEcRwbS5RaOdWLo?authuser=0&hl=nl&rclk=1,Telefoon: 053 489 2491,Enschede
Vereniging Woongemeenschap 't Piepke,,,https://www.google.com/maps/place/Vereniging+Woongemeenschap+%27t+Piepke/data=!4m7!3m6!1s0x47b813edbec7eeb3:0x5ef58c5d4f8a72bb!8m2!3d52.2291016!4d6.8734806!16s%2Fg%2F1tfkdnsd!19sChIJs-7Hvu0TuEcRu3KKT12M9V4?authuser=0&hl=nl&rclk=1,,Enschede
Studievereniging Communiqué,declarations@communique.utwente.nl,http://www.communique.utwente.nl/,https://www.google.com/maps/place/Studievereniging+Communiqu%C3%A9/data=!4m7!3m6!1s0x47b813d075111133:0xa618989947ff2aa9!8m2!3d52.2404767!4d6.8569182!16s%2Fg%2F11bbw_d_d3!19sChIJMxERddATuEcRqSr_R5mYGKY?authuser=0&hl=nl&rclk=1,Telefoon: 053 489 4461,Enschede
Integrand Twente,info@integrand.nl,http://www.integrand.nl/#utm_source=google&utm_medium=organic&utm_campaign=gmb&utm_content=Twente,https://www.google.com/maps/place/Integrand+Twente/data=!4m7!3m6!1s0x47b813da389ae993:0x6f62b61d78b2924f!8m2!3d52.2430891!4d6.8521858!16s%2Fg%2F1twyymfb!19sChIJk-maONoTuEcRT5KyeB22Ym8?authuser=0&hl=nl&rclk=1,Telefoon: 053 489 3909,Enschede
Vereniging SkyBox,chairman@skybox.utwente.nl,http://www.skybox.utwente.nl/,https://www.google.com/maps/place/Vereniging+SkyBox/data=!4m7!3m6!1s0x47b813d134a07ccb:0xad8a593ae2206a4e!8m2!3d52.2449912!4d6.8511792!16s%2Fg%2F1tfq_hln!19sChIJy3ygNNETuEcRTmog4jpZiq0?authuser=0&hl=nl&rclk=1,,Enschede
Enschedese Karnavals Vereniging,secretariaat@ekv-enschede.nl,http://ekv-enschede.nl/,https://www.google.com/maps/place/Enschedese+Karnavals+Vereniging/data=!4m7!3m6!1s0x47b814731c8ae13b:0x99f5012dd4e293df!8m2!3d52.2232523!4d6.8666605!16s%2Fg%2F1thvg05t!19sChIJO-GKHHMUuEcR35Pi1C0B9Zk?authuser=0&hl=nl&rclk=1,,Enschede
v.v. Harambee,a.j.cornelissenprive@gmail.com,http://harambee.utwente.nl/,https://www.google.com/maps/place/v.v.+Harambee/data=!4m7!3m6!1s0x47b81358f278e377:0x5f77eb42aa50970f!8m2!3d52.2432369!4d6.8520598!16s%2Fg%2F11h48svd43!19sChIJd-N48lgTuEcRD5dQqkLrd18?authuser=0&hl=nl&rclk=1,,Enschede
Komma,kommaboard@gmail.com,https://www.komma.utwente.nl/home,https://www.google.com/maps/place/Komma/data=!4m7!3m6!1s0x47b813db0c17237f:0xeab4f9f84eddccb7!8m2!3d52.2394314!4d6.8553854!16s%2Fg%2F11b7lm4_z8!19sChIJfyMXDNsTuEcRt8zdTvj5tOo?authuser=0&hl=nl&rclk=1,,Enschede
Studenten Krachtsport Vereniging Hercules,,http://www.hercules.utwente.nl/,https://www.google.com/maps/place/Studenten+Krachtsport+Vereniging+Hercules/data=!4m7!3m6!1s0x47b8130cfad7e285:0x4186eb752fb3e43c!8m2!3d52.244077!4d6.8506103!16s%2Fg%2F11wtbrssb2!19sChIJheLX-gwTuEcRPOSzL3XrhkE?authuser=0&hl=nl&rclk=1,,Enschede
Jeu de Boules Vereniging Enschede,info@jbvenschede.nl,http://www.jbvenschede.nl/contact/,https://www.google.com/maps/place/Jeu+de+Boules+Vereniging+Enschede/data=!4m7!3m6!1s0x47b813f3c400577d:0xe99c77cdd548dbf2!8m2!3d52.2292542!4d6.88043!16s%2Fg%2F11btlsqdyf!19sChIJfVcAxPMTuEcR8ttI1c13nOk?authuser=0&hl=nl&rclk=1,Telefoon: 053 432 4488,Enschede
E.H.B.O. Vereniging Enschede,info@ehbo-enschede.nl,https://www.ehbo-enschede.nl/,https://www.google.com/maps/place/E.H.B.O.+Vereniging+Enschede/data=!4m7!3m6!1s0x47b814092bfdf783:0xf9425b792b3ff779!8m2!3d52.231709!4d6.8961685!16s%2Fg%2F1th5hjkb!19sChIJg_f9KwkUuEcRefc_K3lbQvk?authuser=0&hl=nl&rclk=1,Telefoon: 053 435 7006,Enschede
Korfbalvereniging NRC'22,info@ekcnaas.nl,http://www.nrc22.nl/,https://www.google.com/maps/place/Korfbalvereniging+NRC%2722/data=!4m7!3m6!1s0x47b813f3c400577d:0xfc67c75eef0f9d8b!8m2!3d52.2291667!4d6.8805556!16s%2Fg%2F1wz51sxg!19sChIJfVcAxPMTuEcRi50P717HZ_w?authuser=0&hl=nl&rclk=1,Telefoon: 053 435 9199,Enschede
Study Association ConcepT,extern@concept.utwente.nl,http://www.concept.utwente.nl/,https://www.google.com/maps/place/Study+Association+ConcepT/data=!4m7!3m6!1s0x47b81329c29c5f41:0x50ed943265ae04f0!8m2!3d52.2377872!4d6.8605757!16s%2Fg%2F11jfbw2cxg!19sChIJQV-cwikTuEcR8ASuZTKU7VA?authuser=0&hl=nl&rclk=1,Telefoon: 053 489 3884,Enschede
