Username,Instagram URL,Bio,Website,Email,Followers,City,Query,Source
amsterdam_walking_tour,https://www.instagram.com/amsterdam_walking_tour/,"165 Followers, 124 Following, 156 Posts - See Instagram photos and videos from Amsterdam Walking Tour (@amsterdam_walking_tour)",https://l.instagram.com/?u=https%3A%2F%2Fwalksinamsterdam.nl%2F%3Futm_source%3Dig%26utm_medium%3Dsocial%26utm_content%3Dlink_in_bio%26fbclid%3DPAZXh0bgNhZW0CMTEAc3J0YwZhcHBfaWQPOTM2NjE5NzQzMzkyNDU5AAGnhx8HpxWbOpqG0i52k3hX2eCDrDD02zIXDkSsIpYBjom7RGErP6xj8vaw7og_aem_-lIiKdu-pOMREwU55iU2jA&e=AUC6X7tm-MCGBa51BubOjLLHSm70e0tO6V1C4zUx4aXhRgrNJhI9_OpRnWMlveRPQF9geDVuYDRrPKHuAt3prXkCtg9CjJ_Y_iMEi7qQSra93QtIqV4HPqzj8KS5quLufvH4bh3aNByWmmZKoYBJm-j0dqaK,,165,Amsterdam,walking tour Amsterdam,Instagram
freewalkingtoursamsterdam,https://www.instagram.com/freewalkingtoursamsterdam/,"1,550 Followers, 633 Following, 223 Posts - See Instagram photos and videos from Free Walking Tour Amsterdam 🇳🇱 (@freewalkingtoursamsterdam)",,,1550,Amsterdam,walking tour Amsterdam,Instagram
women.of.amsterdam,https://www.instagram.com/women.of.amsterdam/,"3,840 Followers, 8,036 Following, 118 Posts - See Instagram photos and videos from Women of Amsterdam | Walking Tour & History Platform (@women.of.amsterdam)",https://l.instagram.com/?u=https%3A%2F%2Flinktr.ee%2Fwomenofamsterdam%3Futm_source%3Dig%26utm_medium%3Dsocial%26utm_content%3Dlink_in_bio%26fbclid%3DPAZXh0bgNhZW0CMTEAc3J0YwZhcHBfaWQPOTM2NjE5NzQzMzkyNDU5AAGnsWxx57-IIMoueQhntuFB9vBr6EsKQg4prnMZP33jMGYLTvNZbTUglrQ0bpQ_aem_x2ch11BsUTgIs-It4ZQOpw&e=AUBB2mV2_uYtS72zrwHwCHmZw2SovfLTbRWxkb2XC74ssA_zq4kt6Sz_Vxms1SKWFDiNqd9bOPYTsWWJzP5MjKLok49QJchYLmlntkkoPk9bbVxdpjClpVu7RwJPRUxLWqnVEwYs5sAjYlzT7KI-jhAie2JY,,3840,Amsterdam,walking tour Amsterdam,Instagram
amsterdam.and.you,https://www.instagram.com/amsterdam.and.you/,"1,500 Followers, 332 Following, 168 Posts - See Instagram photos and videos from Amsterdam and You Walking Tours (@amsterdam.and.you)",https://l.instagram.com/?u=https%3A%2F%2Fwww.amsterdamandyou.com%2F%3Futm_source%3Dig%26utm_medium%3Dsocial%26utm_content%3Dlink_in_bio%26fbclid%3DPAZXh0bgNhZW0CMTEAc3J0YwZhcHBfaWQPOTM2NjE5NzQzMzkyNDU5AAGnjeoq9-XsLiKADXtU2GsxQ1fICc8l1werlyZc-kLRj0Inp1QS9wlDOlJBQ9E_aem_3spzqz-vQiKlk78U-oShVw&e=AUDMieDpczI2cJQYxjkPZLpbH18D3-pchNwVR0iC3l1l7RoZENUkD4I4Jk_OlsBimT4lW-ewDsNmHZfrv1fm2fVEvZk0fkj5uony3qKNyCXq0tbaj7FPrfZotTdJ-QVvLsH0040cKluePoxVOYx4cRSn-3HP,,1500,Amsterdam,walking tour Amsterdam,Instagram
food.tour.amsterdam,https://www.instagram.com/food.tour.amsterdam/,"443 Followers, 436 Following, 48 Posts - See Instagram photos and videos from Food Tour Amsterdam (@food.tour.amsterdam)",,,443,Amsterdam,food tour Amsterdam,Instagram
veganfoodtouramsterdam,https://www.instagram.com/veganfoodtouramsterdam/,"78 Followers, 20 Following, 3 Posts - See Instagram photos and videos from Vegan Food Tour Amsterdam (@veganfoodtouramsterdam)",https://l.instagram.com/?u=http%3A%2F%2Fwww.veganfoodtourutrecht.nl%2F%3Futm_source%3Dig%26utm_medium%3Dsocial%26utm_content%3Dlink_in_bio%26fbclid%3DPAZXh0bgNhZW0CMTEAc3J0YwZhcHBfaWQPOTM2NjE5NzQzMzkyNDU5AAGn2K34naJr6IdIpOqj-eYgmq_HrMZ52zWaqJ5smSaVw4sloqMHqstENj7xOMw_aem_CYDDVDAn4vxsmJePrYs1HA&e=AUAa4sJGMJ2DI168O8r4WvixwpEIhVEhvzUAlG7GIVNfWc3_IiuMWE_zDnGKu73ysHe3uAWDXVHWBZP1z-V_12LzSrFROVESynWxT57ziyEPobNDbgxlmvmrwtuPl0kNSKLPSljKivhL9KeSqNUwRd0SzDcF,,78,Amsterdam,food tour Amsterdam,Instagram
freefoodtouramsterdam,https://www.instagram.com/freefoodtouramsterdam/,"722 Followers, 1,022 Following, 188 Posts - See Instagram photos and videos from Free Food Tour Amsterdam 🇳🇱 (@freefoodtouramsterdam)",https://l.instagram.com/?u=https%3A%2F%2Flinktr.ee%2Ffreewalkingtoursamsterdam%3Futm_source%3Dig%26utm_medium%3Dsocial%26utm_content%3Dlink_in_bio%26fbclid%3DPAZXh0bgNhZW0CMTEAc3J0YwZhcHBfaWQPOTM2NjE5NzQzMzkyNDU5AAGnDVHXfqvOg3caKpGaNXI9umbyyUJ1iynpIXtLFMzE6h9crd_a2joPAHUZ3jM_aem_eiy50eoBuOU75LHmb1ehng&e=AUC7DTuKb_avMLhSP5A_kHYsQ_l4drsKJ5uOnUNwvo1luNGfbrhuH0d1qd7nSJL5vZzJ9GydIyWOGCoBF7crfpf1qXfzbq2EYEq9g_atqo-PICoWYvM0YGUg7MqFJeZWjckV2CpuPoTm36dVg1-qIO_paueJ,,722,Amsterdam,food tour Amsterdam,Instagram
foodtour020,https://www.instagram.com/foodtour020/,"2 Followers, 0 Following, 0 Posts - See Instagram photos and videos from Food tour Amsterdam (@foodtour020)",,,2,Amsterdam,food tour Amsterdam,Instagram
amsterdamfoodtour,https://www.instagram.com/amsterdamfoodtour/,"558 Followers, 435 Following, 176 Posts - See Instagram photos and videos from Amsterdam Food Tours (@amsterdamfoodtour)",,,558,Amsterdam,food tour Amsterdam,Instagram
citytouramsterdam,https://www.instagram.com/citytouramsterdam/,"0 Followers, 1 Following, 1 Posts - See Instagram photos and videos from Citytouramsterdam (@citytouramsterdam)",https://l.instagram.com/?u=http%3A%2F%2Fwww.citytouramsterdam.nl%2F%3Futm_source%3Dig%26utm_medium%3Dsocial%26utm_content%3Dlink_in_bio%26fbclid%3DPAZXh0bgNhZW0CMTEAc3J0YwZhcHBfaWQPOTM2NjE5NzQzMzkyNDU5AAGnh_xtuuT_rOw3OLQjXJSdOmGlfg5Br1CxdGNd3MKtIiUfrLPQYc8ykervjTQ_aem_6XwBqCysdF6IbQf-3kba_A&e=AUAXshpRXLmdu2rv7Ih0fPLw1gledj7TW7DEMi7x8safPoqsP8-W82j_Z7fVExCE83UNF7qiPsxpBc2mlI2p0MgDZ8ZXXoCOZ_WJ4ZfX7yFVa6kspZsZrai7hU5GY93PhJDF_0qYbapHHgXdzJHjy-hQLA5T,,0,Amsterdam,city tour Amsterdam,Instagram
citytour_amsterdam,https://www.instagram.com/citytour_amsterdam/,"10 Followers, 0 Following, 9 Posts - See Instagram photos and videos from Amsterdam citytour® (@citytour_amsterdam)",,,10,Amsterdam,city tour Amsterdam,Instagram
lovemycitytours,https://www.instagram.com/lovemycitytours/,"199 Followers, 35 Following, 48 Posts - See Instagram photos and videos from Personal City Guide Amsterdam (@lovemycitytours)",https://l.instagram.com/?u=http%3A%2F%2Fwww.lovemycitytours.com%2F%3Futm_source%3Dig%26utm_medium%3Dsocial%26utm_content%3Dlink_in_bio%26fbclid%3DPAZXh0bgNhZW0CMTEAc3J0YwZhcHBfaWQPOTM2NjE5NzQzMzkyNDU5AAGn-0mKLZ4x6dtQhTuh-8alwj2PD7NtPqilPIglQlmBmnwjVk-dComdJ5baSgk_aem_o9d1Qz2znygRhC6EmfGh-A&e=AUAl16FsGacEqoyFaG6EZiG_eVQzVJArhFihbXDrp8i2-zZ7v5K9RQJvsz0BZqeDbff3DfsfosFRsJs_vYwNYX4MTx8wYxL9MZ2lc5j-CmfUI_eUh5R_Ls3WvcGzaZ-W93iVH9iiYx1fGZW_sXvIijtOgtbW,,198,Amsterdam,city tour Amsterdam,Instagram
incredible_amsterdam,https://www.instagram.com/incredible_amsterdam/,"87 Followers, 17 Following, 86 Posts - See Instagram photos and videos from Incredible Amsterdam | English city tours (@incredible_amsterdam)",,,97,Amsterdam,city tour Amsterdam,Instagram
holycity.amsterdam,https://www.instagram.com/holycity.amsterdam/,"109 Followers, 9 Following, 15 Posts - See Instagram photos and videos from Holy City Amsterdam | Free Walking Tours #wonderfulamsterdam (@holycity.amsterdam)",https://l.instagram.com/?u=http%3A%2F%2Fholycity.amsterdam%2F%3Futm_source%3Dig%26utm_medium%3Dsocial%26utm_content%3Dlink_in_bio%26fbclid%3DPAZXh0bgNhZW0CMTEAc3J0YwZhcHBfaWQPOTM2NjE5NzQzMzkyNDU5AAGndcXL_h2jTP_7ukSib80UQIrtYd4W5kzwFTVXnZ4vbNOGt2dzAWMStPBuyxw_aem_k4WlhfjgEej0dnaiFvdCsw&e=AUC7f9UWRxjYzW7B0QI9R65wEVmw8XeTPXslU4w708J90xLRFIwsCE7lHDuWJyjC3-wKsFfHvHRwLFF9q2ie3tDbeakOhyaY4v83PKeW6IcjowO8kVD8ORpBbSUx2UVqcCKMqAN7FeSU_dbo9Lcgw2-yndG2,,109,Amsterdam,city tour Amsterdam,Instagram
stadswandeling.amsterdam,https://www.instagram.com/stadswandeling.amsterdam/,"620 Followers, 347 Following, 49 Posts - See Instagram photos and videos from Stadsgids in Amsterdam (@stadswandeling.amsterdam)",https://l.instagram.com/?u=https%3A%2F%2Fwww.matthijshoogenboom.nl%2Finstagram%3Futm_source%3Dig%26utm_medium%3Dsocial%26utm_content%3Dlink_in_bio%26fbclid%3DPAZXh0bgNhZW0CMTEAc3J0YwZhcHBfaWQPOTM2NjE5NzQzMzkyNDU5AAGnpTf9KJsDlIeJMjjTPxVSKTp5zcUvo3-zINF-otJCXj5oMnlTCak9iDemLpM_aem_oxjuF8Ya7njFSZnGTFv3dw&e=AUBI680q8Kkwwh9ex0fJIHaYyPm7ds5TsGlOjhvu5kqyxrTAOIeSH_LqbEdq3NMnmyYFXwKBRKqeQ06QgEk6ZgEB8KknzpI4jT3PUYmZ6_7HMOxJlSMLO1lelGgHtvajNk3R_T-ZQf7N7xjSLrbz-hWmxmzM,,621,Amsterdam,stadswandeling Amsterdam,Instagram
stadswandeling.amsterdam.1ve1,https://www.instagram.com/stadswandeling.amsterdam.1ve1/,"20 Followers, 12 Following, 20 Posts - See Instagram photos and videos from Stadwandeling Amsterdam (@stadswandeling.amsterdam.1ve1)",,,20,Amsterdam,stadswandeling Amsterdam,Instagram
stadswandeling020amsterdam,https://www.instagram.com/stadswandeling020amsterdam/,"320 Followers, 1,072 Following, 9 Posts - See Instagram photos and videos from Corona Horeca Tour Tickets (@stadswandeling020amsterdam)",https://l.instagram.com/?u=https%3A%2F%2Fhorecatour.myshopify.com%2F%3Futm_source%3Dig%26utm_medium%3Dsocial%26utm_content%3Dlink_in_bio%26fbclid%3DPAZXh0bgNhZW0CMTEAc3J0YwZhcHBfaWQPOTM2NjE5NzQzMzkyNDU5AAGnm5piExXM0GX0TvGYtx0453inR7V5VgInKt2broePzNuw0jVA2L4516z2tMM_aem_K86OOv7rAVLI-PTttqxH3Q&e=AUAhuAKIOOTr1mo-HuiFt6ONcpt1klHIfOcbSLsDc4Ulwgz3p5OotFgONQnXxruNh00fB6UJDUQDGzVUciG8f0bJ8Gdjm_vtHMiuuVXEzbOhrPp6CmSkPK2PPadaa5vP62xEtTmJ1Tz8gzNC4JsipKthcNCZ,,320,Amsterdam,stadswandeling Amsterdam,Instagram
rondleiding.amsterdam.ijburg,https://www.instagram.com/rondleiding.amsterdam.ijburg/,"110 Followers, 143 Following, 175 Posts - See Instagram photos and videos from Niels Nannes Art (@rondleiding.amsterdam.ijburg)",https://l.instagram.com/?u=https%3A%2F%2Fwww.nielsnannes.nl%2Frondleidingen%2Famsterdam-ijburg%2F%3Futm_source%3Dig%26utm_medium%3Dsocial%26utm_content%3Dlink_in_bio%26fbclid%3DPAZXh0bgNhZW0CMTEAc3J0YwZhcHBfaWQPOTM2NjE5NzQzMzkyNDU5AAGnq0oJ1tAxamUODRhUoe9zVm4BdoVu-wFJLwn7bcyoqVpwUt_Ai3IZBd_hWCM_aem_P3q7wbSPyKw_wH5f0AdCDw&e=AUD5GGK8U-TqsuMGUqSXGktMo021qIilpJvV0zuECSU6hhScg1_9dsckn7k8sWZ92CuU6sc5zusWg2F-CKaMt3BpZ2RISXcEWwKXkiZN5V0gNPpGkzkync5zsxWxKshKU0XI_9uJFJsEBHNlmsPhEPollgnK,,110,Amsterdam,rondleiding Amsterdam,Instagram
tm_inhollandamsterdam,https://www.instagram.com/tm_inhollandamsterdam/,"780 Followers, 779 Following, 291 Posts - See Instagram photos and videos from Tourism Management Amsterdam (@tm_inhollandamsterdam)",https://l.instagram.com/?u=https%3A%2F%2Fwww.inholland.nl%2Fopleidingen%2Ftourism-management-voltijd%2F%3Futm_source%3Dig%26utm_medium%3Dsocial%26utm_content%3Dlink_in_bio%26fbclid%3DPAZXh0bgNhZW0CMTEAc3J0YwZhcHBfaWQPOTM2NjE5NzQzMzkyNDU5AAGnf04-CfsjiTUTUYKysImluPi2d2RUdNMmV7TJC1XSJe1AyCyvBQCmYQi3jKQ_aem_27RYsoqq14JsCSt70MKf2Q%26utm_id%3D97760_v0_s00_e0_tv3&e=AUDlli4gaUqnd4Srq6FakMOm_eVJ7P6GHvIQl8fL339T495iecsU5W0O5xsbtfmc3iO2gRG0qRKnWdYBQf64KiQtDxAzxeimUNXG9APxa3saHt26RuV8FWRq4OQ0_db-bz573o7fIBQtoonFzi6_Hxz6rgV2,,781,Amsterdam,tourism Amsterdam,Instagram
tourismamsterdam,https://www.instagram.com/tourismamsterdam/,"29 Followers, 1 Following, 0 Posts - See Instagram photos and videos from Amsterdam Tourism (@tourismamsterdam)",,,29,Amsterdam,tourism Amsterdam,Instagram
tourismgames,https://www.instagram.com/tourismgames/,"25 Followers, 28 Following, 7 Posts - See Instagram photos and videos from Tourism Games Amsterdam (@tourismgames)",,,25,Amsterdam,tourism Amsterdam,Instagram
inbalturshalom,https://www.instagram.com/inbalturshalom/,"659 Followers, 259 Following, 441 Posts - See Instagram photos and videos from Amsterdam Tourism 👣 & Photography  📷 (@inbalturshalom)",,,659,Amsterdam,tourism Amsterdam,Instagram
amsterdamlife22,https://www.instagram.com/amsterdamlife22/,"4 Followers, 3 Following, 20 Posts - See Instagram photos and videos from D&E Amsterdam Tourism🇳🇱 (@amsterdamlife22)",,,4,Amsterdam,tourism Amsterdam,Instagram
freewalkingtourrotterdam,https://www.instagram.com/freewalkingtourrotterdam/,"512 Followers, 354 Following, 140 Posts - See Instagram photos and videos from Free Walking Tour Rotterdam 🇳🇱 (@freewalkingtourrotterdam)",https://l.instagram.com/?u=https%3A%2F%2Ffreewalkingtourrotterdam.com%2F%3Futm_source%3Dig%26utm_medium%3Dsocial%26utm_content%3Dlink_in_bio%26fbclid%3DPAZXh0bgNhZW0CMTEAc3J0YwZhcHBfaWQPOTM2NjE5NzQzMzkyNDU5AAGn6tQA4sWSpJVoV_d3wkoaCvl_meSgzlPzyWayz1pYYD6Q4jiQ43CwhPabaTA_aem_xs3gxIJuhiXNkT2JruYgYA&e=AUCXjsZee4o33bKZm_f2_WMk2VncewYTI_AU_SBdsUPh8Unp7I5sUoxK3EsKRpRg0xP-vhx2Qj8TcfEYlVGzszMpTWA7HDc_MY196JVAzt46c-jBpAjKrIn2vOXCEDPI5qYRndaAMXHNs1O-AuSBEmmxg9GQ,,512,Rotterdam,walking tour Rotterdam,Instagram
inside_rotterdam,https://www.instagram.com/inside_rotterdam/,"1,792 Followers, 782 Following, 588 Posts - See Instagram photos and videos from Inside Rotterdam - Bike Tours | Food Tours | Walking Tours (@inside_rotterdam)",,,1792,Rotterdam,walking tour Rotterdam,Instagram
walkwithme_rotterdam,https://www.instagram.com/walkwithme_rotterdam/,"4 Followers, 5 Following, 1 Posts - See Instagram photos and videos from Free walking tours in Rotterdam (@walkwithme_rotterdam)",,,4,Rotterdam,walking tour Rotterdam,Instagram
friendforadayroffa,https://www.instagram.com/friendforadayroffa/,"0 Followers, 0 Following, 0 Posts - See Instagram photos and videos from Rotterdam Free Walking Tours✨ (@friendforadayroffa)",,,0,Rotterdam,walking tour Rotterdam,Instagram
foodtour010,https://www.instagram.com/foodtour010/,"69 Followers, 107 Following, 3 Posts - See Instagram photos and videos from Foodtour Rotterdam (@foodtour010)",https://l.instagram.com/?u=https%3A%2F%2Fsites.google.com%2Fview%2Ffoodtour010%2Fhome%3Futm_source%3Dig%26utm_medium%3Dsocial%26utm_content%3Dlink_in_bio%26fbclid%3DPAZXh0bgNhZW0CMTEAc3J0YwZhcHBfaWQPOTM2NjE5NzQzMzkyNDU5AAGnHR0OSCfdn_1Ss8eiIrkrhZ-WaELxIYx0JSvov7KxuSVVsoeKcd4XEfmvksc_aem_kw1-NaIbB6sYoIEpfREy4w&e=AUAevrW0oBUZqQgrfKGJZKzDBEuGFur0haPkt8EG42pjzdWtFfp3zvYBUP1kN7CD2kW9nCiWOJOxZ3EJmeD_-5Nf_6SoWeZpn0mHnBMjrlQSeiyuV1v2VUCsetOTGK2oFsuM9pbrB_b4-5p5T2o3bUduz6v4,,69,Rotterdam,food tour Rotterdam,Instagram
veganfoodtourrotterdam,https://www.instagram.com/veganfoodtourrotterdam/,"0 Followers, 1 Following, 0 Posts - See Instagram photos and videos from  (@veganfoodtourrotterdam)",,,0,Rotterdam,food tour Rotterdam,Instagram
foodtourrotterdamm,https://www.instagram.com/foodtourrotterdamm/,"0 Followers, 0 Following, 0 Posts - See Instagram photos and videos from Foodtourrotterdamm (@foodtourrotterdamm)",,,0,Rotterdam,food tour Rotterdam,Instagram
veganfoodtour.rotterdam,https://www.instagram.com/veganfoodtour.rotterdam/,"0 Followers, 0 Following, 0 Posts - See Instagram photos and videos from  (@veganfoodtour.rotterdam)",,,0,Rotterdam,food tour Rotterdam,Instagram
duckandyou.tours,https://www.instagram.com/duckandyou.tours/,"105 Followers, 1 Following, 21 Posts - See Instagram photos and videos from Rotterdam City Tours | Events (@duckandyou.tours)",https://l.instagram.com/?u=https%3A%2F%2Fduckandyou.tours%2F%3Futm_source%3Dig%26utm_medium%3Dsocial%26utm_content%3Dlink_in_bio%26fbclid%3DPAZXh0bgNhZW0CMTEAc3J0YwZhcHBfaWQPOTM2NjE5NzQzMzkyNDU5AAGnwqYezIObKxX7t1NaJycdotsU56I8N0lAwMQ-eD55olG67jyfX6U7_11CML0_aem_hWiJmmPgHymOxmU8IOG8eA&e=AUDIgs3ci0Vrn-kc_fx4zpL5fxfsaKu7lB-wwGBBS_TUiHdkWSTYLU44CQfoaZsidWJ0IJ_l23LRAfvoQXxdMBzlM87nmkO_7LTdzCRDgBADKiAUY3oPBbadmYuhl9lFt2x_IiRA2BjM3NLrk8ktUwYVw0-3,,105,Rotterdam,city tour Rotterdam,Instagram
rotterdamcitytour,https://www.instagram.com/rotterdamcitytour/,"11 Followers, 2 Following, 24 Posts - See Instagram photos and videos from RotterdamCityTour (@rotterdamcitytour)",https://l.instagram.com/?u=https%3A%2F%2Fwww.mentimeter.com%2Fs%2F797d5a07c10b9086be930b0c47a2a172%2F1140c139ab07%3Futm_source%3Dig%26utm_medium%3Dsocial%26utm_content%3Dlink_in_bio%26fbclid%3DPAZXh0bgNhZW0CMTEAc3J0YwZhcHBfaWQPOTM2NjE5NzQzMzkyNDU5AAGnWNz65L7nlSDBzWAyX2ldyo5ykb84JShckJEvm51-FjR5UKQI532wDcojsTI_aem_Z9wz_ZqPGqCNwfbQGrlFQg&e=AUAxxBz6vxsZh_zMlsz4mvzgXSCJ2vIU2tCuo0Z2g8Pwz6VR_fGmaid8-485yxQUe94KIf8EFrF_Gv21xZqHDsztaqnb7_CgpXvg8Ol3ayq2mUjhLEhLKSbQF4DmALdZcROYAKeVCHkIeseaIeCjDr9URgTA,,11,Rotterdam,city tour Rotterdam,Instagram
city.tourrotterdam,https://www.instagram.com/city.tourrotterdam/,"0 Followers, 0 Following, 10 Posts - See Instagram photos and videos from  (@city.tourrotterdam)",,,0,Rotterdam,city tour Rotterdam,Instagram
rotterdamtourmelikealocal,https://www.instagram.com/rotterdamtourmelikealocal/,"18 Followers, 0 Following, 0 Posts - See Instagram photos and videos from Art-City-Private Tours in 010 (@rotterdamtourmelikealocal)",https://l.instagram.com/?u=http%3A%2F%2Fwww.anne-marieros.nl%2F%3Futm_source%3Dig%26utm_medium%3Dsocial%26utm_content%3Dlink_in_bio%26fbclid%3DPAZXh0bgNhZW0CMTEAc3J0YwZhcHBfaWQPOTM2NjE5NzQzMzkyNDU5AAGnzNx5ke6CgtDzObUzDn47821Ogb29ZB-9rfLGcUeAKIIKuXe-kHsV40ebmfU_aem_1wL5Uz6N91HQ9lYPaxXnoA&e=AUAJF-ZqqFBpYJCNHFo_GdCaxTrAlZKqADmZ_zR-VJVSLHj_ofMuYcysxNPMzkyJI9eeT9hCOlJPjqJnFGjw44n4VFVyILzdJc0fbQ73FjaOIY-5QlnnJfxt0RflQRAESvWyWTY88V022wMtwLeIXzC3rLea,,18,Rotterdam,city tour Rotterdam,Instagram
cityrotterdamtours,https://www.instagram.com/cityrotterdamtours/,"228 Followers, 214 Following, 6 Posts - See Instagram photos and videos from City Rotterdam Tours (@cityrotterdamtours)",https://l.instagram.com/?u=https%3A%2F%2Fcityrotterdamtours.com%2F%3Futm_source%3Dig%26utm_medium%3Dsocial%26utm_content%3Dlink_in_bio%26fbclid%3DPAZXh0bgNhZW0CMTEAc3J0YwZhcHBfaWQPOTM2NjE5NzQzMzkyNDU5AAGnkF3veWpvTwuAB2mPvMzXCKoCM1FJAG1513DcCQDN8w7DDTjJd4vWDBLjejU_aem_O327MNKEs7DAe3n1rGslUQ&e=AUDcAWHwjWLUNLyXgBl98HkVFxl0X69_L_wNpBjs7oRqSocuTCklLuYIV2Aswic4a_12Tr9BnLoPuydKr5bQAAgFfSnMqlrF0jtK4SKizLUSWg3sYWJ0-Ux_E72CNIlnVXmW3wspJDwc_iaX95weUijGAoh_,,228,Rotterdam,city tour Rotterdam,Instagram
tourismrotterdam,https://www.instagram.com/tourismrotterdam/,"22 Followers, 12 Following, 5 Posts - See Instagram photos and videos from Tourism Rotterdam (@tourismrotterdam)",https://l.instagram.com/?u=http%3A%2F%2Ftourismrotterdam.com%2F%3Futm_source%3Dig%26utm_medium%3Dsocial%26utm_content%3Dlink_in_bio%26fbclid%3DPAZXh0bgNhZW0CMTEAc3J0YwZhcHBfaWQPOTM2NjE5NzQzMzkyNDU5AAGnsffvZSUakdR4Vou2qe28Gk4U5yqXiMmRDQKlmNIXLh-fL_YotCdNONEGOy0_aem_-aHx18jUTIT-kzFBfeYjog&e=AUDi-A_RXsqhF8vZiSvnpQ-ockkMwZdzfTHF2JXB2yivgf66G5PpXwn4bH0AgUUip8wCd2Z3to581COVn42jcBHzt7KjI2vb1R_ullzoWCJIb-Lb-CJVMV17NiFg1ddztWjR2PnXcbK-XkBgTxyOKjVuVQ07,,22,Rotterdam,tourism Rotterdam,Instagram
tm_inhollandrotterdam,https://www.instagram.com/tm_inhollandrotterdam/,"520 Followers, 182 Following, 232 Posts - See Instagram photos and videos from Tourism Management Rotterdam (@tm_inhollandrotterdam)",,,520,Rotterdam,tourism Rotterdam,Instagram
tourismlabrotterdam,https://www.instagram.com/tourismlabrotterdam/,"293 Followers, 279 Following, 251 Posts - See Instagram photos and videos from Tourism Lab Rotterdam (@tourismlabrotterdam)",,,293,Rotterdam,tourism Rotterdam,Instagram
ultlabrotterdam,https://www.instagram.com/ultlabrotterdam/,"3 Followers, 4 Following, 2 Posts - See Instagram photos and videos from Tourism Lab Rotterdam (@ultlabrotterdam)",,,3,Rotterdam,tourism Rotterdam,Instagram
tuncatourism,https://www.instagram.com/tuncatourism/,"45 Followers, 304 Following, 17 Posts - See Instagram photos and videos from Rotterdam Schiedam Tourism (@tuncatourism)",,,45,Rotterdam,tourism Rotterdam,Instagram
foodtour_denhaag,https://www.instagram.com/foodtour_denhaag/,"0 Followers, 0 Following, 0 Posts - See Instagram photos and videos from  (@foodtour_denhaag)",,,0,Den Haag,food tour Den Haag,Instagram
rondleidingdenhaag,https://www.instagram.com/rondleidingdenhaag/,"214 Followers, 86 Following, 16 Posts - See Instagram photos and videos from Rondleiding Den Haag (@rondleidingdenhaag)",https://l.instagram.com/?u=http%3A%2F%2Frondleidingdenhaag.nl%2F%3Futm_source%3Dig%26utm_medium%3Dsocial%26utm_content%3Dlink_in_bio%26fbclid%3DPAZXh0bgNhZW0CMTEAc3J0YwZhcHBfaWQPOTM2NjE5NzQzMzkyNDU5AAGns63PSxKz_2RJokPwpcasTCEeYsAldOxxcsYYKSjlCArQnstDfXtEpbScj7A_aem_AWZrZV8_Y_djZqo4Un2yvg&e=AUBRsgYV06iJ6b87oXRe6t-yiPwq1lv2TemrSX9vDqYuGFSky805emBnij-bRGI_4SGduItLR4Cd9QB0CuMje8smxtNO0aw-r_3hUfBUqDWeePkAj8adsi2MP-IiqsQeFg9yK6Lmf8guC1FN-xZkbDOWI0vK,,214,Den Haag,rondleiding Den Haag,Instagram
thehaguetourism,https://www.instagram.com/thehaguetourism/,"1,676 Followers, 239 Following, 54 Posts - See Instagram photos and videos from Den Haag (@thehaguetourism)",https://l.instagram.com/?u=https%3A%2F%2Fwww.facebook.com%2Fonedaythehague%3Futm_source%3Dig%26utm_medium%3Dsocial%26utm_content%3Dlink_in_bio&e=AUB-_cH7gB7S1a_Z7ErtXPp9dkn_C4dHicNzn2Ft2oql3AN9PEjmarov2uTR4L_CYvBnTDdW-SIW4oYt6zMgvrC9OtAcyFkhz6WLveEBd4Xl2-DDfJ99Bs_7M4JXu78RbN7nCHs6MUz8D-uINIupTGgdYGdI,,1676,Den Haag,tourism Den Haag,Instagram
amsterdam_tour_guide,https://www.instagram.com/amsterdam_tour_guide/,"4,336 Followers, 8 Following, 11 Posts - See Instagram photos and videos from Amsterdam tour guide (@amsterdam_tour_guide)",,,4338,Amsterdam,tour guide Amsterdam,Instagram
amsterdam.motor.tour,https://www.instagram.com/amsterdam.motor.tour/,"3,100 Followers, 378 Following, 113 Posts - See Instagram photos and videos from Greg | Amsterdam Tour Guide 🌷 (@amsterdam.motor.tour)",https://l.instagram.com/?u=http%3A%2F%2Famsterdammotortour.com%2F%3Futm_source%3Dig%26utm_medium%3Dsocial%26utm_content%3Dlink_in_bio%26fbclid%3DPAZXh0bgNhZW0CMTEAc3J0YwZhcHBfaWQPOTM2NjE5NzQzMzkyNDU5AAGnip1GK6c6u3dn-l4BZKVJufX9gpLOlHbKr-hzrTwBleSKKSUL7M4o-yPFU0Y_aem_All4eWYPtw3d1KA6FHwdJw&e=AUBkgcLY8YsZXg1ZxVNzIgwOAZw-kJ8SfjVOEiFCK30PCtfHGEo94fNullevvV2BI6udOVpmkHMUi7RZtVF8ktvsG_N1Y-gKz1_UEUMpUu-h9-r9ivv_QOX0bnj0UlKtbQ6I0H_FOx26Tkq7ZU8f9DtVF5wp,,3099,Amsterdam,tour guide Amsterdam,Instagram
tourguideamsterdam,https://www.instagram.com/tourguideamsterdam/,"6 Followers, 3 Following, 0 Posts - See Instagram photos and videos from Tour Guide Amsterdam (@tourguideamsterdam)",https://l.instagram.com/?u=https%3A%2F%2Ftourguide.amsterdam%2F%3Futm_source%3Dig%26utm_medium%3Dsocial%26utm_content%3Dlink_in_bio%26fbclid%3DPAZXh0bgNhZW0CMTEAc3J0YwZhcHBfaWQPOTM2NjE5NzQzMzkyNDU5AAGnFTAi5gMEQ7Mb9DcJpf9Pr3GTMhAYuNewllIWq6ECpUIwFUfcABSKS9fEPyQ_aem_OqaNN9CektSx-WlyjEIIdg&e=AUAjcIRklfA3gGu4UZ2-6KVqm-iaWVbtXY2_FCsVesq5MTvdjLfu4FPs8xCP4YKs_qJhlpKcUAqQd7TA5ts00TjcsKgztQVhvXFzG6o2v9zFUrLVTjPR1zp3uvzEZBjoWaD7vZX682mS22f4hNYetPU72v2a,,6,Amsterdam,tour guide Amsterdam,Instagram
toerie.official,https://www.instagram.com/toerie.official/,"218 Followers, 74 Following, 77 Posts - See Instagram photos and videos from Amsterdam | Tour guide | Hidden gems (@toerie.official)",https://l.instagram.com/?u=http%3A%2F%2Fwww.toerie.com%2F%3Futm_source%3Dig%26utm_medium%3Dsocial%26utm_content%3Dlink_in_bio%26fbclid%3DPAZXh0bgNhZW0CMTEAc3J0YwZhcHBfaWQPOTM2NjE5NzQzMzkyNDU5AAGnH9JJCZNDMlXwUdBrin4fiMzIOQKNoozxRpAA5jyaFVdGlrsmC7o8Fo5nL68_aem_iPlvtVw0RS9J1X_sBd9Emg&e=AUCAHajBOhu60wH4PpGM6b8JZxxa4YU6chIG-hbMnPLZGyGWv44QdqNXmgqHBVTOoqUp0XP4gWA7cErG2upxrLc-KCI7AwiR385htBhr9gwy9y3fj8x_SOssGMaCUYbIwLNnxK7kPnp85IXDOHgLy6PXUPId,,218,Amsterdam,tour guide Amsterdam,Instagram
amsterdam_food_tales,https://www.instagram.com/amsterdam_food_tales/,"441 Followers, 1,464 Following, 142 Posts - See Instagram photos and videos from Private tour guide (@amsterdam_food_tales)",https://l.instagram.com/?u=https%3A%2F%2Fwww.keyguidesconnect.com%2Fguides%2Fdina-k-roussou%3Futm_source%3Dig%26utm_medium%3Dsocial%26utm_content%3Dlink_in_bio%26fbclid%3DPAZXh0bgNhZW0CMTEAc3J0YwZhcHBfaWQPOTM2NjE5NzQzMzkyNDU5AAGn3HJNSGPnfm5QJae87NlIIDIoQtWjzz3oDnoGjxRBPFqBOYFB8MmMjaLpWxY_aem_10BaDExhMxmS-whVSp5QOg&e=AUC3E2xOqdUbfV4IKB2-qlhgLsm5Se7UjB7sb4ZsayrZvg_ubbO_Mzjd2QFzSJ-1d3aYrDvqjhaH5AoU--cAv_PiPJIAXuC6QNyjbbyD_mo-7w2wi9Wavz1XdA25cVvwbPUEtJU4pjem8AJTdBub0WFHCCnE,,441,Amsterdam,tour guide Amsterdam,Instagram
rotterdamadventur,https://www.instagram.com/rotterdamadventur/,"174 Followers, 136 Following, 46 Posts - See Instagram photos and videos from Travel,Guide&Tour (@rotterdamadventur)",https://l.instagram.com/?u=https%3A%2F%2Fm.youtube.com%2Fchannel%2FUCtQh-s1e6LgkSAE43aZXEuQ%3Ffbclid%3DPAZXh0bgNhZW0CMTEAc3J0YwZhcHBfaWQPOTM2NjE5NzQzMzkyNDU5AAGnrSdB-qIQRHkAqxQ7sP8jJzdCe2HjQXS76_3EHhNhivQdKrS7pic4GDvXwXQ_aem_caaMd_4Me8AOSCiFThuKeA&e=AUC-HQJdxAHVz4yrXei-C-Ys5_1RUBYUNAVSoOVCeuF04_XHW0YkDgZI03uE2MutYrySdjDTIuDld1lNQU1jkXFKSHZv80_VMvhNzO9ggABs2EfZ5zoTxZ4Q0307tDf8_fsI3DfcQH5HqgSQMsxn4L91hVMs,,174,Rotterdam,tour guide Rotterdam,Instagram
jadwaltrip.rotterdamadv,https://www.instagram.com/jadwaltrip.rotterdamadv/,"393 Followers, 94 Following, 4 Posts - See Instagram photos and videos from Travel, Guide & Tour (@jadwaltrip.rotterdamadv)",,,393,Rotterdam,tour guide Rotterdam,Instagram
tourguiderotterdam,https://www.instagram.com/tourguiderotterdam/,"0 Followers, 0 Following, 0 Posts - See Instagram photos and videos from Tourguide Rotterdam (@tourguiderotterdam)",,,0,Rotterdam,tour guide Rotterdam,Instagram
privatetourguiderotterdam,https://www.instagram.com/privatetourguiderotterdam/,"42 Followers, 47 Following, 13 Posts - See Instagram photos and videos from Privatetourguiderotterdam (@privatetourguiderotterdam)",https://l.instagram.com/?u=http%3A%2F%2Fwww.privatetourguiderotterdam.com%2F%3Futm_source%3Dig%26utm_medium%3Dsocial%26utm_content%3Dlink_in_bio%26fbclid%3DPAZXh0bgNhZW0CMTEAc3J0YwZhcHBfaWQPOTM2NjE5NzQzMzkyNDU5AAGnemvfyrHdmee4O2cPW3dH5m9lxwmnZdfSgWtGVWa3FtCiH22uGxX0R9iSHFQ_aem_sVE6lIxKrnZ_y6YEjNQVcg&e=AUAVj8TiEMGcTxYaZwXqLypCpUp7GTtNB4qM9BV-pXnwpYBwKpL14aLmoqe5IKEY5fiSycWL79Dkj766CFRxQC_taFZ3BX4Y1NiwCJVccXdCDyuklgjAF0TKvn8TOvTQmko3u23t1euipNlDqLwuWNbU9_hn,,42,Rotterdam,tour guide Rotterdam,Instagram
amsterdamer_reisgids,https://www.instagram.com/amsterdamer_reisgids/,"0 Followers, 0 Following, 0 Posts - See Instagram photos and videos from Tolga Aydin (@amsterdamer_reisgids)",,,0,Amsterdam,reisgids Amsterdam,Instagram
