Name/Username,Contact Email,Website,Phone,Instagram URL,Google Maps URL,Bio,Followers,City,Source
Free Anne Frank Walking Tour,,https://freeannefranktour.com/?utm_source=GMB&utm_medium=organic,06 83547547,,https://www.google.com/maps/place/Free+Anne+Frank+Walking+Tour/data=!4m7!3m6!1s0x47c6095145b4732b:0xa3afd8160d7d2fad!8m2!3d52.3763575!4d4.8959156!16s%2Fg%2F11twc2x0hm!19sChIJK3O0RVEJxkcRrS99DRbYr6M?authuser=0&hl=en&rclk=1,,,Amsterdam,Google Maps
Walks In Amsterdam,info@walksinamsterdam.nl,https://www.walksinamsterdam.nl/,06 46818914,,https://www.google.com/maps/place/Walks+In+Amsterdam/data=!4m7!3m6!1s0x47c609cb3b1e2b99:0x7517389e15234a80!8m2!3d52.3764167!4d4.8822132!16s%2Fg%2F11vq6gnnxm!19sChIJmSseO8sJxkcRgEojFZ44F3U?authuser=0&hl=en&rclk=1,,,Amsterdam,Google Maps
Free walking tour Amsterdam,tim@freewalkingtoursamsterdam.com,http://freewalkingtoursamsterdam.com/?utm_source=GMBlisting&utm_medium=organic,085 016 3654,,https://www.google.com/maps/place/Free+walking+tour+Amsterdam/data=!4m7!3m6!1s0x47c6093b4f4322c1:0xd56786a45d1c75e3!8m2!3d52.3758282!4d4.8918389!16s%2Fg%2F11c1w07rb6!19sChIJwSJDTzsJxkcR43UcXaSGZ9U?authuser=0&hl=en&rclk=1,,,Amsterdam,Google Maps
Freedam Tours,info@freedamtours.com,http://www.freedamtours.com/,06 40790279,,https://www.google.com/maps/place/Freedam+Tours/data=!4m7!3m6!1s0x47c6095029a5d443:0xb32f4b002007527e!8m2!3d52.374255!4d4.8954052!16s%2Fg%2F11g0ht_84d!19sChIJQ9SlKVAJxkcRflIHIABLL7M?authuser=0&hl=en&rclk=1,,,Amsterdam,Google Maps
Free Food Tour Amsterdam,,https://freefoodtouramsterdam.com/?utm_source=GMBlisting&utm_medium=organic,085 016 3654,,https://www.google.com/maps/place/Free+Food+Tour+Amsterdam/data=!4m7!3m6!1s0x47c609b843398dab:0x1285caea927e7ae1!8m2!3d52.375399!4d4.8980316!16s%2Fg%2F11f547tgvm!19sChIJq405Q7gJxkcR4Xp-kurKhRI?authuser=0&hl=en&rclk=1,,,Amsterdam,Google Maps
Free Walking Tour Amsterdam | GuruWalk,,https://www.guruwalk.com/es/amsterdam?ref=500196c4cgrnyn29pnr4&ref_campaign=amsterdam,,,https://www.google.com/maps/place/Free+Walking+Tour+Amsterdam+%7C+GuruWalk/data=!4m7!3m6!1s0x47c609e74eb6837f:0x8e78a747b092d718!8m2!3d52.3739842!4d4.8808606!16s%2Fg%2F11wp74s5kj!19sChIJf4O2TucJxkcRGNeSsEeneI4?authuser=0&hl=en&rclk=1,,,Amsterdam,Google Maps
SideWalks | Amsterdam Tours,info@sidewalks.nl,https://sidewalks.nl/,06 82275155,,https://www.google.com/maps/place/SideWalks+%7C+Amsterdam+Tours/data=!4m7!3m6!1s0x47c609f24c5895b5:0x2eb49be7c37148ac!8m2!3d52.3637432!4d4.885081!16s%2Fg%2F11ll8fqkbh!19sChIJtZVYTPIJxkcRrEhxw-ebtC4?authuser=0&hl=en&rclk=1,,,Amsterdam,Google Maps
Sandemans New Tours Europe,,https://www.neweuropetours.eu/amsterdam-walking-tours/,+1 210-201-6282,,https://www.google.com/maps/place/Sandemans+New+Tours+Europe/data=!4m7!3m6!1s0x47c609ca82c65697:0x2884b0d4a7e27922!8m2!3d52.3546656!4d4.9039604!16s%2Fg%2F11h04nys3r!19sChIJl1bGgsoJxkcRInnip9SwhCg?authuser=0&hl=en&rclk=1,,,Amsterdam,Google Maps
Flagship Bike Tours Amsterdam,info@flagshipbiketours.com,https://flagshipbiketoursamsterdam.com/,020 261 4400,,https://www.google.com/maps/place/Flagship+Bike+Tours+Amsterdam/data=!4m7!3m6!1s0x47c609f6dd7f523d:0x9d968e40d1484bf2!8m2!3d52.374612!4d4.891805!16s%2Fg%2F11wpxhsf6q!19sChIJPVJ_3fYJxkcR8ktI0UCOlp0?authuser=0&hl=en&rclk=1,,,Amsterdam,Google Maps
Adam & Eve Food Tours Amsterdam,contact@adamandevetours.com,https://adamandevetours.com/,06 23028032,,https://www.google.com/maps/place/Adam+%26+Eve+Food+Tours+Amsterdam/data=!4m7!3m6!1s0x47c6092ced52f969:0x81048421d102dcc0!8m2!3d52.3689479!4d4.888568!16s%2Fg%2F11v9k6n5qm!19sChIJaflS7SwJxkcRwNwC0SGEBIE?authuser=0&hl=en&rclk=1,,,Amsterdam,Google Maps
Eating Europe Food Tours Amsterdam,info@eatingeurope.com,https://www.eatingeurope.com/amsterdam/?utm_source=GMBlisting&utm_medium=organic,+1 917-909-6432,,https://www.google.com/maps/place/Eating+Europe+Food+Tours+Amsterdam/data=!4m7!3m6!1s0x47c609c5c5be6495:0xfa9dacdaa1c5ec6a!8m2!3d52.3793768!4d4.8860544!16s%2Fg%2F11b5qs490k!19sChIJlWS-xcUJxkcRauzFodqsnfo?authuser=0&hl=en&rclk=1,,,Amsterdam,Google Maps
Secret Food Tours Amsterdam,contact@secrettours.com,https://www.secretfoodtours.com/amsterdam/,,,https://www.google.com/maps/place/Secret+Food+Tours+Amsterdam/data=!4m7!3m6!1s0x47c609efa4aa429b:0x13d441ae765a3daa!8m2!3d52.3546656!4d4.9039604!16s%2Fg%2F11f9y97mz7!19sChIJm0KqpO8JxkcRqj1adq5B1BM?authuser=0&hl=en&rclk=1,,,Amsterdam,Google Maps
Amsterdam Food Tours,info@amsterdamfoodtours.com,http://www.amsterdamfoodtours.com/,06 15428120,,https://www.google.com/maps/place/Amsterdam+Food+Tours/data=!4m7!3m6!1s0x47c609d79841527d:0x2bf1d48758838c23!8m2!3d52.3804696!4d4.888009!16s%2Fg%2F11gfp8h1r1!19sChIJfVJBmNcJxkcRI4yDWIfU8Ss?authuser=0&hl=en&rclk=1,,,Amsterdam,Google Maps
Hungry Birds Street Food Tours Amsterdam,hello@hungrybirds.nl,http://www.hungrybirds.nl/,06 19296774,,https://www.google.com/maps/place/Hungry+Birds+Street+Food+Tours+Amsterdam/data=!4m7!3m6!1s0x47c5e212790ed4fb:0x1ff5a8429c939752!8m2!3d52.3727722!4d4.8659254!16s%2Fg%2F1jkyd7yt9!19sChIJ-9QOeRLixUcRUpeTnEKo9R8?authuser=0&hl=en&rclk=1,,,Amsterdam,Google Maps
Dutch Food Tours,info@dutchfoodtours.com,https://dutchfoodtours.com/,,,https://www.google.com/maps/place/Dutch+Food+Tours/data=!4m7!3m6!1s0x47c60940088e570b:0xd0bc9d542f9c2f09!8m2!3d52.3756679!4d4.8958434!16s%2Fg%2F11yf2b43q9!19sChIJC1eOCEAJxkcRCS-cL1SdvNA?authuser=0&hl=en&rclk=1,,,Amsterdam,Google Maps
Amsterdam City Tours,,,020 217 0244,,https://www.google.com/maps/place/Amsterdam+City+Tours/data=!4m7!3m6!1s0x47c5e25e12dcaae5:0xe9b394ef002df7df!8m2!3d52.3856134!4d4.8431668!16s%2Fg%2F11cn3v8p1j!19sChIJ5arcEl7ixUcR3_ctAO-Us-k?authuser=0&hl=en&rclk=1,,,Amsterdam,Google Maps
City Sightseeing Amsterdam,hello@citysightseeingamsterdam.nl,https://www.citysightseeingamsterdam.nl/,020 420 4000,,https://www.google.com/maps/place/City+Sightseeing+Amsterdam/data=!4m7!3m6!1s0x47c609b80dd78e6b:0x1c7d47518fee7245!8m2!3d52.3760501!4d4.8963467!16s%2Fg%2F1ptyp4pm0!19sChIJa47XDbgJxkcRRXLuj1FHfRw?authuser=0&hl=en&rclk=1,,,Amsterdam,Google Maps
Babylon Tours Amsterdam,info@babylontours.com,https://babylontours.com/amsterdam/,+1 917-999-0380,,https://www.google.com/maps/place/Babylon+Tours+Amsterdam/data=!4m7!3m6!1s0x47c609ce24d51181:0x2d9ddea38822aa6a!8m2!3d52.373562!4d4.894368!16s%2Fg%2F11b90n7zyn!19sChIJgRHVJM4JxkcRaqoiiKPenS0?authuser=0&hl=en&rclk=1,,,Amsterdam,Google Maps
Tours & Tickets Amsterdam (Tours & Tickets),hello@toursandtickets.nl,https://www.tours-tickets.com/amsterdam/,020 420 4000,,https://www.google.com/maps/place/Tours+%26+Tickets+Amsterdam+%28Tours+%26+Tickets%29/data=!4m7!3m6!1s0x47c609989cfc03bf:0x2a3e0387afd28c0b!8m2!3d52.3788686!4d4.9021443!16s%2Fg%2F11f7mvm5l5!19sChIJvwP8nJgJxkcRC4zSr4cDPio?authuser=0&hl=en&rclk=1,,,Amsterdam,Google Maps
Amsterdam.Citytours,020citytours@gmail.com,http://www.robinsamsterdam.com/,06 15317814,,https://www.google.com/maps/place/Amsterdam.Citytours/data=!4m7!3m6!1s0x4c81077e162d0e8d:0x545cd7ddf2d7a1cf!8m2!3d52.3767671!4d4.9005293!16s%2Fg%2F11xffckd1f!19sChIJjQ4tFn4HgUwRz6HX8t3XXFQ?authuser=0&hl=en&rclk=1,,,Amsterdam,Google Maps
Hop on - Hop off City Pakket,,https://tantulika27.wixsite.com/travel/washington,,,https://www.google.com/maps/place/Hop+on+-+Hop+off+City+Pakket/data=!4m7!3m6!1s0x47c609b80b2b924b:0x23223cb4e515de7d!8m2!3d52.3760538!4d4.89634!16s%2Fg%2F1tfrfzdf!19sChIJS5IrC7gJxkcRfd4V5bQ8IiM?authuser=0&hl=en&rclk=1,,,Amsterdam,Google Maps
Vox City | Amsterdam Self-Guided Audio Tour | Amsterdam City Tour,,https://voxcity.com/en/loc/3-amsterdam-the-netherlands,,,https://www.google.com/maps/place/Vox+City+%7C+Amsterdam+Self-Guided+Audio+Tour+%7C+Amsterdam+City+Tour/data=!4m7!3m6!1s0x47c609abad6e3f8b:0x2ee1f972cd640bc1!8m2!3d52.3591165!4d4.8830704!16s%2Fg%2F11rzjdvyv4!19sChIJiz9urasJxkcRwQtkzXL54S4?authuser=0&hl=en&rclk=1,,,Amsterdam,Google Maps
Tours & Tickets Damrak 26,hello@toursandtickets.nl,https://www.tours-tickets.com/,020 420 4000,,https://www.google.com/maps/place/Tours+%26+Tickets+Damrak+26/data=!4m7!3m6!1s0x47c609b80b2b8957:0x8617101674d83f53!8m2!3d52.3762533!4d4.8969087!16s%2Fg%2F11b6dqy2j2!19sChIJV4krC7gJxkcRUz_YdBYQF4Y?authuser=0&hl=en&rclk=1,,,Amsterdam,Google Maps
Amsterdam Boat Adventures | Open boat tours,info@amsterdamboatadventures.com,https://www.amsterdamboatadventures.com/,06 48464743,,https://www.google.com/maps/place/Amsterdam+Boat+Adventures+%7C+Open+boat+tours/data=!4m7!3m6!1s0x47c5fd44a40f1a09:0x72d556465f2d9a11!8m2!3d52.3650081!4d4.9037814!16s%2Fg%2F11f5v35dtr!19sChIJCRoPpET9xUcREZotX0ZW1XI?authuser=0&hl=en&rclk=1,,,Amsterdam,Google Maps
Mike's Bike Tours Amsterdam,mikestoursamsterdam@gmail.com,https://www.mikestoursamsterdam.com/,06 48574952,,https://www.google.com/maps/place/Mike%27s+Bike+Tours+Amsterdam/data=!4m7!3m6!1s0x47c609ebd08e782b:0x2d84401a196e2c70!8m2!3d52.3764428!4d4.9079569!16s%2Fg%2F1v0ljzq1!19sChIJK3iO0OsJxkcRcCxuGRpAhC0?authuser=0&hl=en&rclk=1,,,Amsterdam,Google Maps
RLD Amsterdam Tours,,,06 41072763,,https://www.google.com/maps/place/RLD+Amsterdam+Tours/data=!4m7!3m6!1s0x47c609b3922ef3d3:0x406232cdee7a5b7d!8m2!3d52.3703687!4d4.895189!16s%2Fg%2F11g8x36839!19sChIJ0_MukrMJxkcRfVt67s0yYkA?authuser=0&hl=en&rclk=1,,,Amsterdam,Google Maps
Amsterdam Tours,,https://www.tourofamsterdam.com/,020 793 2914,,https://www.google.com/maps/place/Amsterdam+Tours/data=!4m7!3m6!1s0x47c609a991235d4d:0xddeaa1427dc1440e!8m2!3d52.36715!4d4.9058549!16s%2Fg%2F11y5h4zf2z!19sChIJTV0jkakJxkcRDkTBfUKh6t0?authuser=0&hl=en&rclk=1,,,Amsterdam,Google Maps
Incredible Amsterdam | English city tours,info@amsterdamliebe.de,https://www.incredibleamsterdam.com/,06 58958277,,https://www.google.com/maps/place/Incredible+Amsterdam+%7C+English+city+tours/data=!4m7!3m6!1s0x47c609e66591b735:0xed178190fcc373d2!8m2!3d52.3717345!4d4.8844104!16s%2Fg%2F11w96_3bxh!19sChIJNbeRZeYJxkcR0nPD_JCBF-0?authuser=0&hl=en&rclk=1,,,Amsterdam,Google Maps
ArchitectureTours.nl,info@architecturetours.nl,http://www.architecturetours.nl/,06 28847075,,https://www.google.com/maps/place/ArchitectureTours.nl/data=!4m7!3m6!1s0x47c609764df48963:0x4f1823d30b0f7e5b!8m2!3d52.379872!4d4.89295!16s%2Fg%2F11b7rxmdnh!19sChIJY4n0TXYJxkcRW34PC9MjGE8?authuser=0&hl=en&rclk=1,,,Amsterdam,Google Maps
Segway city tours amsterdam,info@segwaycitytoursamsterdam.com,https://www.segwaycitytoursamsterdam.com/,020 722 0301,,https://www.google.com/maps/place/Segway+city+tours+amsterdam/data=!4m7!3m6!1s0x47c6094eb6b10177:0xc6bf13c199da96f2!8m2!3d52.3712143!4d4.8692186!16s%2Fg%2F11h0vt8jk8!19sChIJdwGxtk4JxkcR8pbamcETv8Y?authuser=0&hl=en&rclk=1,,,Amsterdam,Google Maps
360 Amsterdam Tours,,http://360amsterdamtours.com/,06 19934503,,https://www.google.com/maps/place/360+Amsterdam+Tours/data=!4m7!3m6!1s0x47c609c6e030e45d:0x2b30206173be5790!8m2!3d52.3701574!4d4.9028205!16s%2Fg%2F1q5bm82h9!19sChIJXeQw4MYJxkcRkFe-c2EgMCs?authuser=0&hl=en&rclk=1,,,Amsterdam,Google Maps
Amsterdam Tour Company,info@amsterdamtourcompany.com,https://www.amsterdamtourcompany.com/,06 16157290,,https://www.google.com/maps/place/Amsterdam+Tour+Company/data=!4m7!3m6!1s0x47c609bfc42933fb:0xaa3f5e43c3085a4b!8m2!3d52.373562!4d4.8975939!16s%2Fg%2F11y4b1__vd!19sChIJ-zMpxL8JxkcRS1oIw0NeP6o?authuser=0&hl=en&rclk=1,,,Amsterdam,Google Maps
Walking In Amsterdam,info@mysite.com,http://www.walkinginamsterdamtours.com/,06 84159181,,https://www.google.com/maps/place/Walking+In+Amsterdam/data=!4m7!3m6!1s0x47c6093538d253db:0x3422fc3838aa871e!8m2!3d52.371917!4d4.892575!16s%2Fg%2F11ydc8vq9h!19sChIJ21PSODUJxkcRHoeqODj8IjQ?authuser=0&hl=en&rclk=1,,,Amsterdam,Google Maps
Smoke & Cruise Amsterdam - 420 Official Smoking Boat Tour,mail@example.com,https://smokecruises.amsterdam/,06 10300693,,https://www.google.com/maps/place/Smoke+%26+Cruise+Amsterdam+-+420+Official+Smoking+Boat+Tour/data=!4m7!3m6!1s0x47c609b4e14b9867:0xb79f9e86b3e6e7bc!8m2!3d52.3632209!4d4.8817909!16s%2Fg%2F11ldwjltys!19sChIJZ5hL4bQJxkcRvOfms4aen7c?authuser=0&hl=en&rclk=1,,,Amsterdam,Google Maps
Walk the City Amsterdam,info@walkthecity.eu,http://www.walkthecity.eu/another-amsterdam,,,https://www.google.com/maps/place/Walk+the+City+Amsterdam/data=!4m7!3m6!1s0x47c609e8f648d77f:0x912316a9a67e259a!8m2!3d52.364396!4d4.8833484!16s%2Fg%2F11hbgq6fr0!19sChIJf9dI9ugJxkcRmiV-pqkWI5E?authuser=0&hl=en&rclk=1,,,Amsterdam,Google Maps
Tours & Tickets - Muntplein,hello@toursandtickets.nl,https://www.tours-tickets.com/nl/amsterdam/,020 420 4000,,https://www.google.com/maps/place/Tours+%26+Tickets+-+Muntplein/data=!4m7!3m6!1s0x47c60995564a4d1f:0x6f89aec8cad56d86!8m2!3d52.366811!4d4.8937403!16s%2Fg%2F11c86n1tvz!19sChIJH01KVpUJxkcRhm3VysiuiW8?authuser=0&hl=en&rclk=1,,,Amsterdam,Google Maps
Amsterdam Guías & Tours,booking@amsterdamguias.com,https://amsterdamguias.com/,06 89937548,,https://www.google.com/maps/place/Amsterdam+Gu%C3%ADas+%26+Tours/data=!4m7!3m6!1s0x47c609bf4f6e165b:0xc662fc1753bb0a84!8m2!3d52.3753603!4d4.8971835!16s%2Fg%2F11g9k21r7h!19sChIJWxZuT78JxkcRhAq7Uxf8YsY?authuser=0&hl=en&rclk=1,,,Amsterdam,Google Maps
City walk Amsterdam,,,020 770 8953,,https://www.google.com/maps/place/City+walk+Amsterdam/data=!4m7!3m6!1s0x47c609c77b6aedf5:0xb6f702cbf75ba23f!8m2!3d52.3747092!4d4.8954522!16s%2Fg%2F11cs26ffrz!19sChIJ9e1qe8cJxkcRP6Jb98sC97Y?authuser=0&hl=en&rclk=1,,,Amsterdam,Google Maps
Camaleon Tours,grupo@camaleontours.com,http://www.camaleontours.com/,06 15467640,,https://www.google.com/maps/place/Camaleon+Tours/data=!4m7!3m6!1s0x47c66f0bd16aaf71:0xda420bdc8bba158b!8m2!3d52.3731629!4d4.8878748!16s%2Fg%2F1tgp000p!19sChIJca9q0QtvxkcRixW6i9wLQto?authuser=0&hl=en&rclk=1,,,Amsterdam,Google Maps
Who Is Amsterdam Tours,hello@whoisamsterdam.com,http://www.whoisamsterdam.com/,,,https://www.google.com/maps/place/Who+Is+Amsterdam+Tours/data=!4m7!3m6!1s0x47c609013265c1af:0x8a8b217430795e2e!8m2!3d52.3800747!4d4.8799465!16s%2Fg%2F11h0tjd4g4!19sChIJr8FlMgEJxkcRLl55MHQhi4o?authuser=0&hl=en&rclk=1,,,Amsterdam,Google Maps
Amsterdam Interactive City Tour - Pijp / Rivierenbuurt,,https://interactivecitytours.com/product/amsterdam-pijp-rivierenbuurt,,,https://www.google.com/maps/place/Amsterdam+Interactive+City+Tour+-+Pijp+%2F+Rivierenbuurt/data=!4m7!3m6!1s0x47c6096b9f56fabb:0xb681778fd7bcc7ec!8m2!3d52.3548933!4d4.8905072!16s%2Fg%2F11lztnv6d_!19sChIJu_pWn2sJxkcR7Me81493gbY?authuser=0&hl=en&rclk=1,,,Amsterdam,Google Maps
Book a Tour Amsterdam,ahoy@bookatour.amsterdam,https://bookatour.amsterdam/,020 210 1256,,https://www.google.com/maps/place/Book+a+Tour+Amsterdam/data=!4m7!3m6!1s0x47c6091df45588fb:0xd06f7a9c75836395!8m2!3d52.3717542!4d4.8836304!16s%2Fg%2F11jz1l3fpg!19sChIJ-4hV9B0JxkcRlWODdZx6b9A?authuser=0&hl=en&rclk=1,,,Amsterdam,Google Maps
Tours & Tickets Leidsestraat,hello@toursandtickets.nl,https://www.tours-tickets.com/?gclid=CjwKCAjwopTYBRAzEiwAnU4kb8KdXnpk1noJMOPNGc7H8ETGr7UkGduc-C5VJNxlevIXqZLOC5qzchoC8NgQAvD_BwE,020 420 4000,,https://www.google.com/maps/place/Tours+%26+Tickets+Leidsestraat/data=!4m7!3m6!1s0x47c609e9b22fc997:0x4c98a86c5dcb5941!8m2!3d52.3652375!4d4.8846896!16s%2Fg%2F11cm0mfkmh!19sChIJl8kvsukJxkcRQVnLXWyomEw?authuser=0&hl=en&rclk=1,,,Amsterdam,Google Maps
"Those Amsterdames - Tours, Rentals, Luggage Storage",savvy@thoseamsterdames.com,http://www.thoseamsterdames.com/,,,"https://www.google.com/maps/place/Those+Amsterdames+-+Tours,+Rentals,+Luggage+Storage/data=!4m7!3m6!1s0x491ad10db909fceb:0x52389cf8465ea521!8m2!3d52.3761486!4d4.9066291!16s%2Fg%2F11rv1vd8xl!19sChIJ6_wJuQ3RGkkRIaVeRvicOFI?authuser=0&hl=en&rclk=1",,,Amsterdam,Google Maps
WOW Tours Amsterdam,wowproductionssean@gmail.com,https://wowtoursamsterdam.com/tours/story-of-amsterdam/,06 43672186,,https://www.google.com/maps/place/WOW+Tours+Amsterdam/data=!4m7!3m6!1s0x47c609b882653e79:0x6d015f9532814389!8m2!3d52.3741782!4d4.8959227!16s%2Fg%2F11fm33j8dx!19sChIJeT5lgrgJxkcRiUOBMpVfAW0?authuser=0&hl=en&rclk=1,,,Amsterdam,Google Maps
Love My City Tours,dennis@lovemycitytours.com,http://www.lovemycitytours.com/,06 38402919,,https://www.google.com/maps/place/Love+My+City+Tours/data=!4m7!3m6!1s0x47c609fdfefcf0b3:0x38107830b68bf6a9!8m2!3d52.3763537!4d4.8821993!16s%2Fg%2F11gmyzhqjb!19sChIJs_D8_v0JxkcRqfaLtjB4EDg?authuser=0&hl=en&rclk=1,,,Amsterdam,Google Maps
LGBTOUR AMSTERDAM,info@lgbtour.amsterdam,http://www.lgbtour.amsterdam/,06 17508259,,https://www.google.com/maps/place/LGBTOUR+AMSTERDAM/data=!4m7!3m6!1s0x47c609e40b1af26f:0xea6b827eabdc7da7!8m2!3d52.369609!4d4.889867!16s%2Fg%2F11yq9zxc5p!19sChIJb_IaC-QJxkcRp33cq36Ca-o?authuser=0&hl=en&rclk=1,,,Amsterdam,Google Maps
Amsterdam-Bateau.com (DEPART TOUR),info@amsterdam-bateau.com,http://www.amsterdam-bateau.com/,06 41176032,,https://www.google.com/maps/place/Amsterdam-Bateau.com+%28DEPART+TOUR%29/data=!4m7!3m6!1s0x47c609cebbf5e5a7:0x428e310a5918213e!8m2!3d52.3759938!4d4.905949!16s%2Fg%2F11cn6dvnjt!19sChIJp-X1u84JxkcRPiEYWQoxjkI?authuser=0&hl=en&rclk=1,,,Amsterdam,Google Maps
Guided Tour Holland,info@guidedtourholland.com,https://guidedtourholland.com/?utm_source=GMBlisting&utm_medium=organic,085 016 3654,,https://www.google.com/maps/place/Guided+Tour+Holland/data=!4m7!3m6!1s0x47c608e4232865e1:0x440336ff8f1d74e2!8m2!3d52.3927881!4d4.9449144!16s%2Fg%2F11c6ty6tkm!19sChIJ4WUoI-QIxkcR4nQdj_82A0Q?authuser=0&hl=en&rclk=1,,,Amsterdam,Google Maps
Amsterdam Travelcafe City Tours,service@sunsky-online.com,https://www.amsterdamtravelcafe.com/,06 25225511,,https://www.google.com/maps/place/Amsterdam+Travelcafe+City+Tours/data=!4m7!3m6!1s0x47c60eb514e8ffd3:0xa3ad4b363208c1d0!8m2!3d52.359643!4d4.9109124!16s%2Fg%2F1tj6t0d6!19sChIJ0__oFLUOxkcR0MEIMjZLraM?authuser=0&hl=en&rclk=1,,,Amsterdam,Google Maps
Amsterdam Skyline Tours,,http://www.amsterdamskylinetours.com/,,,https://www.google.com/maps/place/Amsterdam+Skyline+Tours/data=!4m7!3m6!1s0x47c6095cb95c6fe1:0x734cf3daf5cc5aa2!8m2!3d52.3808441!4d4.8991092!16s%2Fg%2F11stsvs4kz!19sChIJ4W9cuVwJxkcRolrM9drzTHM?authuser=0&hl=en&rclk=1,,,Amsterdam,Google Maps
Private boat tour Amsterdam | Romantic Amsterdam Tour,info@romantictouramsterdam.com,https://romantictouramsterdam.com/,020 308 6019,,https://www.google.com/maps/place/Private+boat+tour+Amsterdam+%7C+Romantic+Amsterdam+Tour/data=!4m7!3m6!1s0x47c5e2655c4248f3:0x255b91b335ab08f3!8m2!3d52.3657546!4d4.8989252!16s%2Fg%2F11dztqglp0!19sChIJ80hCXGXixUcR8wirNbORWyU?authuser=0&hl=en&rclk=1,,,Amsterdam,Google Maps
Raíces Tours - Tours Privados. Experiencias de Lujo con Guía Oficial en Ámsterdam en español.,,https://raicestour.com/,+32 488 95 17 66,,https://www.google.com/maps/place/Ra%C3%ADces+Tours+-+Tours+Privados.+Experiencias+de+Lujo+con+Gu%C3%ADa+Oficial+en+%C3%81msterdam+en+espa%C3%B1ol./data=!4m7!3m6!1s0x47c5e306804229bd:0xffdec3f4dc9fb470!8m2!3d52.1909763!4d5.2795551!16s%2Fg%2F11mkxnl6f9!19sChIJvSlCgAbjxUcRcLSf3PTD3v8?authuser=0&hl=en&rclk=1,,,Amsterdam,Google Maps
Dutch Trips: Day Tours from Amsterdam,info@dutchtrips.com,https://www.dutchtrips.com/,06 40704262,,https://www.google.com/maps/place/Dutch+Trips:+Day+Tours+from+Amsterdam/data=!4m7!3m6!1s0x47c609fdc9263327:0xc653680dd839f1a2!8m2!3d52.3779846!4d4.909644!16s%2Fg%2F11gjt1wh2y!19sChIJJzMmyf0JxkcRovE52A1oU8Y?authuser=0&hl=en&rclk=1,,,Amsterdam,Google Maps
Tours & Tickets - Damrak 97,hello@toursandtickets.nl,https://www.tours-tickets.com/amsterdam/,020 420 4000,,https://www.google.com/maps/place/Tours+%26+Tickets+-+Damrak+97/data=!4m7!3m6!1s0x47c609c717840edf:0xb5fe5c91145c478d!8m2!3d52.3735714!4d4.8932787!16s%2Fg%2F11dfh1y0vb!19sChIJ3w6EF8cJxkcRjUdcFJFc_rU?authuser=0&hl=en&rclk=1,,,Amsterdam,Google Maps
Camaleon Tours (punto de encuentro excursiones),,http://www.guiadeamsterdam.com/,06 15467640,,https://www.google.com/maps/place/Camaleon+Tours+%28punto+de+encuentro+excursiones%29/data=!4m7!3m6!1s0x47c609c81e693a55:0xd8d75f8966a9d8fe!8m2!3d52.3777581!4d4.9094749!16s%2Fg%2F11fzbvz9w6!19sChIJVTppHsgJxkcR_tipZolf19g?authuser=0&hl=en&rclk=1,,,Amsterdam,Google Maps
Amsterdam hop on hop off,,https://amsterdamhoponhopoff.com/,020 719 2347,,https://www.google.com/maps/place/Amsterdam+hop+on+hop+off/data=!4m7!3m6!1s0x47c60967864eb871:0x4e9447c1d624a551!8m2!3d52.3759504!4d4.8958568!16s%2Fg%2F11y08pmt8j!19sChIJcbhOhmcJxkcRUaUk1sFHlE4?authuser=0&hl=en&rclk=1,,,Amsterdam,Google Maps
Tour Amsterdam,,,06 31298942,,https://www.google.com/maps/place/Tour+Amsterdam/data=!4m7!3m6!1s0x47c60944757cdda5:0xf0011e25f041bb76!8m2!3d52.3712545!4d4.8985712!16s%2Fg%2F11h0vszm21!19sChIJpd18dUQJxkcRdrtB8CUeAfA?authuser=0&hl=en&rclk=1,,,Amsterdam,Google Maps
Sarah’s Tours Netherlands and Belgium | Bespoke City Tours & Private Experiences,sarah@sarahstours.com,https://www.sarahstours.com/,020 215 7454,,https://www.google.com/maps/place/Sarah%E2%80%99s+Tours+Netherlands+and+Belgium+%7C+Bespoke+City+Tours+%26+Private+Experiences/data=!4m7!3m6!1s0x47c6082cf450fdab:0x5233d5e975e558cf!8m2!3d52.3666451!4d4.8890647!16s%2Fg%2F11g9g1jqq_!19sChIJq_1Q9CwIxkcRz1jldenVM1I?authuser=0&hl=en&rclk=1,,,Amsterdam,Google Maps
Amsterdam in a Million | Tours em Português em Amsterdam e Amesterdão,geral@amsterdaminamilliontours.com,http://www.amsterdaminamillion.com/,,,https://www.google.com/maps/place/Amsterdam+in+a+Million+%7C+Tours+em+Portugu%C3%AAs+em+Amsterdam+e+Amesterd%C3%A3o/data=!4m7!3m6!1s0x47c60909963c322d:0x959f80f28b68bff7!8m2!3d52.3781788!4d4.9002903!16s%2Fg%2F11rk51syww!19sChIJLTI8lgkJxkcR979oi_KAn5U?authuser=0&hl=en&rclk=1,,,Amsterdam,Google Maps
Amsterdam Canal Tour,info@amsterdam-canaltour.nl,https://www.amsterdam-canaltour.nl/,06 39344098,,https://www.google.com/maps/place/Amsterdam+Canal+Tour/data=!4m7!3m6!1s0x666eb589437eea89:0x720eaa6da6b63c07!8m2!3d52.3546656!4d4.9039604!16s%2Fg%2F11xdrqlsfy!19sChIJiep-Q4m1bmYRBzy2pm2qDnI?authuser=0&hl=en&rclk=1,,,Amsterdam,Google Maps
Rondleiding Rosse Buurt,,,,,https://www.google.com/maps/place/Rondleiding+Rosse+Buurt/data=!4m7!3m6!1s0x47c609b868230001:0x5fb396b731d94867!8m2!3d52.3753308!4d4.8976911!16s%2Fg%2F11j2yq28fc!19sChIJAQAjaLgJxkcRZ0jZMbeWs18?authuser=0&hl=en&rclk=1,,,Amsterdam,Google Maps
Stadswandelkantoor,info@stadswandelkantoor.nl,http://www.stadswandelkantoor.nl/,020 419 0022,,https://www.google.com/maps/place/Stadswandelkantoor/data=!4m7!3m6!1s0x47c609044b294ae5:0x2e7b0eea07daa33e!8m2!3d52.3784948!4d4.9319268!16s%2Fg%2F1vbl6sm8!19sChIJ5UopSwQJxkcRPqPaB-oOey4?authuser=0&hl=en&rclk=1,,,Amsterdam,Google Maps
Hop on Hop off,contact@amsterdambus.com,https://amsterdambus.com/,,,https://www.google.com/maps/place/Hop+on+Hop+off/data=!4m7!3m6!1s0x47c609131275d445:0x8e333ba7cded049d!8m2!3d52.3619445!4d4.881666!16s%2Fg%2F11h2fj81yn!19sChIJRdR1EhMJxkcRnQTtzac7M44?authuser=0&hl=en&rclk=1,,,Amsterdam,Google Maps
Black Heritage Tour Of Amsterdam,info@blackheritagetours.com,http://www.blackheritagetours.com/,,,https://www.google.com/maps/place/Black+Heritage+Tour+Of+Amsterdam/data=!4m7!3m6!1s0x47c609c746b6f4bd:0xa3d222028061b385!8m2!3d52.3730156!4d4.894324!16s%2Fg%2F11fmtl_84n!19sChIJvfS2RscJxkcRhbNhgAIi0qM?authuser=0&hl=en&rclk=1,,,Amsterdam,Google Maps
The Ghostwalk of Amsterdam,info@amsterdamghostwalk.com,https://www.amsterdamghostwalk.com/,06 41691779,,https://www.google.com/maps/place/The+Ghostwalk+of+Amsterdam/data=!4m7!3m6!1s0x47c5e273c62d174b:0x6930ed9d59c7d988!8m2!3d52.3798564!4d4.851512!16s%2Fg%2F1thqfyr8!19sChIJSxctxnPixUcRiNnHWZ3tMGk?authuser=0&hl=en&rclk=1,,,Amsterdam,Google Maps
Brews and Tales - Amsterdam's #1 Quality Craft Beer Tour,hello@brewsandtales.com,http://www.brewsandtales.com/,06 43413799,,https://www.google.com/maps/place/Brews+and+Tales+-+Amsterdam%27s+%231+Quality+Craft+Beer+Tour/data=!4m7!3m6!1s0x47c6098c64aeee0b:0x5ccfa4c303a07e59!8m2!3d52.371569!4d4.898056!16s%2Fg%2F11b88spp8c!19sChIJC-6uZIwJxkcRWX6gA8Okz1w?authuser=0&hl=en&rclk=1,,,Amsterdam,Google Maps
"Brew Bus Amsterdam, Brewery Tours & Beer Tastings",hello@brewbusamsterdam.com,https://brewbusamsterdam.com/,020 215 7343,,"https://www.google.com/maps/place/Brew+Bus+Amsterdam,+Brewery+Tours+%26+Beer+Tastings/data=!4m7!3m6!1s0x47c5fbfdf09dbe7f:0x694f7ca041b6463!8m2!3d52.3841738!4d4.902361!16s%2Fg%2F11fqyhpy0b!19sChIJf76d8P37xUcRY2QbBMr3lAY?authuser=0&hl=en&rclk=1",,,Amsterdam,Google Maps
AmsterYum Guided Tours,,,06 84543304,,https://www.google.com/maps/place/AmsterYum+Guided+Tours/data=!4m7!3m6!1s0x47c60984829e5e23:0x9df7548ce41d10a2!8m2!3d52.3540342!4d4.8913063!16s%2Fg%2F11xnm_wkxv!19sChIJI16egoQJxkcRohAd5IxU950?authuser=0&hl=en&rclk=1,,,Amsterdam,Google Maps
Ireland Tourism,dpo@tourismireland.com,http://www.ierland.nl/,,,https://www.google.com/maps/place/Ireland+Tourism/data=!4m7!3m6!1s0x47c609c6602ccf67:0x370dd81e5454903!8m2!3d52.3519913!4d4.8598944!16s%2Fg%2F1tr7b_vr!19sChIJZ88sYMYJxkcRA0lF5YHdcAM?authuser=0&hl=en&rclk=1,,,Amsterdam,Google Maps
Toerisme Veluwe Arnhem Nijmegen,,https://www.toerismevan.nl/,088 366 0250,,https://www.google.com/maps/place/Toerisme+Veluwe+Arnhem+Nijmegen/data=!4m7!3m6!1s0x47c7a62ad782a6d3:0x9d5d36cd923c0259!8m2!3d51.9194885!4d5.8484461!16s%2Fg%2F1tcx67mv!19sChIJ06aC1yqmx0cRWQI8ks02XZ0?authuser=0&hl=en&rclk=1,,,Amsterdam,Google Maps
Het Frans Bureau voor Toerisme,,http://www.france.fr/,,,https://www.google.com/maps/place/Het+Frans+Bureau+voor+Toerisme/data=!4m7!3m6!1s0x47c609eb50a42d27:0xfa25925e9ac8a587!8m2!3d52.1909763!4d5.2795551!16s%2Fg%2F1ttdxn3s!19sChIJJy2kUOsJxkcRh6XIml6SJfo?authuser=0&hl=en&rclk=1,,,Amsterdam,Google Maps
Tour de Amsterdam,info@tourdeamsterdam.nl,http://www.tourdeamsterdam.nl/,06 81092633,,https://www.google.com/maps/place/Tour+de+Amsterdam/data=!4m7!3m6!1s0x47c5e27176978d47:0xf444650cc2bf2849!8m2!3d52.3789626!4d4.8716687!16s%2Fg%2F11bzyq3kyf!19sChIJR42XdnHixUcRSSi_wgxlRPQ?authuser=0&hl=en&rclk=1,,,Amsterdam,Google Maps
Yellow Bike Tours & Rental,info@yellowbike.nl,http://www.yellowbike.nl/,020 620 6940,,https://www.google.com/maps/place/Yellow+Bike+Tours+%26+Rental/data=!4m7!3m6!1s0x47c609c7c70ecc67:0x8d3f629ce8679bfa!8m2!3d52.376134!4d4.893994!16s%2Fg%2F1tdkwwpv!19sChIJZ8wOx8cJxkcR-ptn6JxiP40?authuser=0&hl=en&rclk=1,,,Amsterdam,Google Maps
A-Bike Rental & Tours - Vondelpark,,https://a-bike.nl/,020 218 1292,,https://www.google.com/maps/place/A-Bike+Rental+%26+Tours+-+Vondelpark/data=!4m7!3m6!1s0x47c609e6074771af:0x8e180e12258a4664!8m2!3d52.3621525!4d4.8801331!16s%2Fg%2F11b75hyxjd!19sChIJr3FHB-YJxkcRZEaKJRIOGI4?authuser=0&hl=en&rclk=1,,,Amsterdam,Google Maps
A-Bike Rental & Tours - Central Station,,https://a-bike.nl/,020 895 0327,,https://www.google.com/maps/place/A-Bike+Rental+%26+Tours+-+Central+Station/data=!4m7!3m6!1s0x47c6096f9b9055e9:0xe396af63b2acad2f!8m2!3d52.3765118!4d4.9076928!16s%2Fg%2F11p0278pdt!19sChIJ6VWQm28JxkcRL62ssmOvluM?authuser=0&hl=en&rclk=1,,,Amsterdam,Google Maps
A-Bike Rental & Tours - Rembrandt Square,,https://a-bike.nl/,020 895 0268,,https://www.google.com/maps/place/A-Bike+Rental+%26+Tours+-+Rembrandt+Square/data=!4m7!3m6!1s0x47c609001a2463dd:0xe27de87fe501ebf5!8m2!3d52.3668461!4d4.8984839!16s%2Fg%2F11w1dvq4mj!19sChIJ3WMkGgAJxkcR9esB5X_ofeI?authuser=0&hl=en&rclk=1,,,Amsterdam,Google Maps
Bike Tours,info@amsterbike.eu,https://www.amsterbike.eu/,06 23329645,,https://www.google.com/maps/place/Bike+Tours/data=!4m7!3m6!1s0x47c609af6fad2cbb:0x3d5f6e612de3773b!8m2!3d52.3777577!4d4.9149998!16s%2Fg%2F1tl1mnbf!19sChIJuyytb68JxkcRO3fjLWFuXz0?authuser=0&hl=en&rclk=1,,,Amsterdam,Google Maps
GARILEO BIKES RENTAL & TOURS,,http://garileobikes.com/,06 33630555,,https://www.google.com/maps/place/GARILEO+BIKES+RENTAL+%26+TOURS/data=!4m7!3m6!1s0x47c609d62425304b:0xe7bedb3c865c6778!8m2!3d52.3818832!4d4.8710905!16s%2Fg%2F11b8658k6v!19sChIJSzAlJNYJxkcReGdchjzbvuc?authuser=0&hl=en&rclk=1,,,Amsterdam,Google Maps
A-Bike Rental & Tours - Leidseplein,,https://a-bike.nl/,020 210 0165,,https://www.google.com/maps/place/A-Bike+Rental+%26+Tours+-+Leidseplein/data=!4m7!3m6!1s0x47c609c0f6d75107:0xcd04ef505a9f570e!8m2!3d52.3658426!4d4.8849412!16s%2Fg%2F11b7q_d8yx!19sChIJB1HX9sAJxkcRDlefWlDvBM0?authuser=0&hl=en&rclk=1,,,Amsterdam,Google Maps
"Damtours - The Orginal Amsterdam Beerbike - Utrecht, Leiden,Alkmaar",info@damtours.nl,http://damtours.nl/,06 51110034,,"https://www.google.com/maps/place/Damtours+-+The+Orginal+Amsterdam+Beerbike+-+Utrecht,+Leiden,Alkmaar/data=!4m7!3m6!1s0x47c609c8754e0595:0x3f29bb54005b6bf2!8m2!3d52.3904882!4d4.833049!16s%2Fg%2F11g6xn_vnk!19sChIJlQVOdcgJxkcR8mtbAFS7KT8?authuser=0&hl=en&rclk=1",,,Amsterdam,Google Maps
Tour On Bikes,touropbikes020@gmail.com,http://www.touropbikes.nl/,06 47220534,,https://www.google.com/maps/place/Tour+On+Bikes/data=!4m7!3m6!1s0x47c5e23c3b3f0a2b:0x51c05c9afaada65!8m2!3d52.3630182!4d4.8363399!16s%2Fg%2F11dxf221m4!19sChIJKwo_OzzixUcRZdqqr8kFHAU?authuser=0&hl=en&rclk=1,,,Amsterdam,Google Maps
Amsterdam Tandem Tours | TandemDate Amsterdam,tandemdate@gmail.com,http://www.amsterdamtandemtours.nl/,06 43253669,,https://www.google.com/maps/place/Amsterdam+Tandem+Tours+%7C+TandemDate+Amsterdam/data=!4m7!3m6!1s0x2579953da60d6a9d:0x2e349ff27c626278!8m2!3d52.3545997!4d4.9218324!16s%2Fg%2F11ydg6hpn6!19sChIJnWoNpj2VeSUReGJifPKfNC4?authuser=0&hl=en&rclk=1,,,Amsterdam,Google Maps
Swingtours Amsterdam,,,,,https://www.google.com/maps/place/Swingtours+Amsterdam/data=!4m7!3m6!1s0x47c609c87f1d9bab:0x7b718f9f6ad017d!8m2!3d52.3775784!4d4.8934202!16s%2Fg%2F1q5bl_xf5!19sChIJq5sdf8gJxkcRfQGt9vkYtwc?authuser=0&hl=en&rclk=1,,,Amsterdam,Google Maps
Bike Pirates - Tours & Rentals,dingding@bikepirates.nl,https://bikepirates.nl/,06 49346325,,https://www.google.com/maps/place/Bike+Pirates+-+Tours+%26+Rentals/data=!4m7!3m6!1s0x47c609d7304a084f:0x21e8e860ed47c36d!8m2!3d52.3840007!4d4.906783!16s%2Fg%2F11vx32m511!19sChIJTwhKMNcJxkcRbcNH7WDo6CE?authuser=0&hl=en&rclk=1,,,Amsterdam,Google Maps
Bill's Bike Tour,billsbiketour@gmail.com,https://billsbiketour.com/,06 47002878,,https://www.google.com/maps/place/Bill%27s+Bike+Tour/data=!4m7!3m6!1s0x47c5e30eeb54e3c7:0x67e5f016a2857217!8m2!3d52.3846058!4d4.8695117!16s%2Fg%2F11n9921y3c!19sChIJx-NU6w7jxUcRF3KFohbw5Wc?authuser=0&hl=en&rclk=1,,,Amsterdam,Google Maps
Top Hop On Hop Off Tours Amsterdam,,https://hopon-hopoff-tours.com/category/hop-on-hop-off-amsterdam/,,,https://www.google.com/maps/place/Top+Hop+On+Hop+Off+Tours+Amsterdam/data=!4m7!3m6!1s0x47c609c232729b79:0xae6b4856ffe29310!8m2!3d52.3754754!4d4.8974702!16s%2Fg%2F11s5h3j0_0!19sChIJeZtyMsIJxkcREJPi_1ZIa64?authuser=0&hl=en&rclk=1,,,Amsterdam,Google Maps
City Sightseeing Amsterdam Hop on - Hop off,hello@citysightseeingamsterdam.nl,http://citysightseeingamsterdam.nl/,,,https://www.google.com/maps/place/City+Sightseeing+Amsterdam+Hop+on+-+Hop+off/data=!4m7!3m6!1s0x47c60900192c009b:0x52d6c2120cc7ec89!8m2!3d52.3781813!4d4.9072727!16s%2Fg%2F11y0h4fjjg!19sChIJmwAsGQAJxkcRiezHDBLC1lI?authuser=0&hl=en&rclk=1,,,Amsterdam,Google Maps
Tours & Tickets Damstraat,hello@toursandtickets.nl,https://www.tours-tickets.com/amsterdam/,020 420 4000,,https://www.google.com/maps/place/Tours+%26+Tickets+-+Damstraat/data=!4m7!3m6!1s0x47c609b8aae446fb:0x1a584984bf4b1fc1!8m2!3d52.372096!4d4.895669!16s%2Fg%2F11c5szl8bg!19sChIJ-0bkqrgJxkcRwR9Lv4RJWBo?authuser=0&hl=en&rclk=1,,,Amsterdam,Google Maps
Tours & Tickets - Dam square,hello@toursandtickets.nl,https://www.tours-tickets.com/amsterdam/,020 420 4000,,https://www.google.com/maps/place/Tours+%26+Tickets+-+Dam+square/data=!4m7!3m6!1s0x47c609c72b969f67:0x5c5703bd826241e5!8m2!3d52.372499!4d4.8926916!16s%2Fg%2F11dzmgcqs6!19sChIJZ5-WK8cJxkcR5UFigr0DV1w?authuser=0&hl=en&rclk=1,,,Amsterdam,Google Maps
TukTuk Sightseeing,info@amsterbike.eu,http://www.tuktuksightseeing.eu/,06 23329645,,https://www.google.com/maps/place/TukTuk+Sightseeing/data=!4m7!3m6!1s0x47c609af134a69db:0x64e57cd0904fd975!8m2!3d52.3778248!4d4.9150212!16s%2Fg%2F119wjzf3_!19sChIJ22lKE68JxkcRddlPkNB85WQ?authuser=0&hl=en&rclk=1,,,Amsterdam,Google Maps
Tours and Tickets,hello@toursandtickets.nl,http://tours-tickets.com/,,,https://www.google.com/maps/place/Tours+and+Tickets/data=!4m7!3m6!1s0x47c60957e89d8705:0x97412c93c7e0b6ec!8m2!3d52.3740852!4d4.8940449!16s%2Fg%2F11fs9p3c0p!19sChIJBYed6FcJxkcR7Lbgx5MsQZc?authuser=0&hl=en&rclk=1,,,Amsterdam,Google Maps
Jewish Heritage Tours Amsterdam,info@jewishheritagetoursamsterdam.com,http://www.jewishheritagetoursamsterdam.com/,06 55541291,,https://www.google.com/maps/place/Jewish+Heritage+Tours+Amsterdam/data=!4m7!3m6!1s0x47c609ededb7594b:0xeb81fe0b8b3ef3df!8m2!3d52.3671533!4d4.9031939!16s%2Fg%2F11l2lw_wbl!19sChIJS1m37e0JxkcR3_M-iwv-ges?authuser=0&hl=en&rclk=1,,,Amsterdam,Google Maps
Tour de Bonton,sales@tourdebonton.com,https://tourdebonton.com/?utm_source=google-bedrijfsprofiel&utm_medium=local&utm_campaign=bedrijfsvermelding,020 250 3040,,https://www.google.com/maps/place/Tour+de+Bonton/data=!4m7!3m6!1s0x47c609e3b1f0dceb:0x6269ada883e8362b!8m2!3d52.3582927!4d4.8893582!16s%2Fg%2F11hz4w1p7t!19sChIJ69zwseMJxkcRKzbog6itaWI?authuser=0&hl=en&rclk=1,,,Amsterdam,Google Maps
Tours That Matter,info@toursthatmatter.com,https://www.toursthatmatter.com/,06 23269594,,https://www.google.com/maps/place/Tours+That+Matter/data=!4m7!3m6!1s0x47c5e26f2f67aaab:0x984c1464bc43a129!8m2!3d52.3735402!4d4.8805084!16s%2Fg%2F11hw9xdvb5!19sChIJq6pnL2_ixUcRKaFDvGQUTJg?authuser=0&hl=en&rclk=1,,,Amsterdam,Google Maps
Amsterdam Tulips Tour,rory@amsterdamtulipstour.com,http://www.amsterdamtulipstour.com/,06 15245423,,https://www.google.com/maps/place/Amsterdam+Tulips+Tour/data=!4m7!3m6!1s0xac859cc22ca556e9:0xe552eb2687235266!8m2!3d52.3768547!4d4.9045578!16s%2Fg%2F11pyydw153!19sChIJ6ValLMKchawRZlIjhybrUuU?authuser=0&hl=en&rclk=1,,,Amsterdam,Google Maps
Amsterdam VIP Tours,info@amsterdam-viptours.com,http://www.amsterdam-viptours.com/,06 42119900,,https://www.google.com/maps/place/Amsterdam+VIP+Tours/data=!4m7!3m6!1s0x47c609ac102069d9:0x2e4e7d88220ac154!8m2!3d52.3821843!4d4.9161323!16s%2Fg%2F11c5wyf608!19sChIJ2WkgEKwJxkcRVMEKIoh9Ti4?authuser=0&hl=en&rclk=1,,,Amsterdam,Google Maps
Amsterdam Guides Collective,,https://www.amsterdamguidescollective.com/,,,https://www.google.com/maps/place/Amsterdam+Guides+Collective/data=!4m7!3m6!1s0x47c60974477333a3:0x37074dc9f25dea06!8m2!3d52.3709956!4d4.8935875!16s%2Fg%2F11x02j2kvb!19sChIJozNzR3QJxkcRBupd8slNBzc?authuser=0&hl=en&rclk=1,,,Amsterdam,Google Maps
Canal Tour Amsterdam Cruise,info@aemstelland.nl,http://www.aemstelland.nl/,020 422 9222,,https://www.google.com/maps/place/Canal+Tour+Amsterdam+Cruise/data=!4m7!3m6!1s0x47c609c448e14b65:0xfcebf0fe9a990b79!8m2!3d52.3749223!4d4.9034873!16s%2Fg%2F1ptvwkknq!19sChIJZUvhSMQJxkcReQuZmv7w6_w?authuser=0&hl=en&rclk=1,,,Amsterdam,Google Maps
Classic Boat Tours,info@classicboattours.nl,https://www.classicboattours.nl/,020 626 2466,,https://www.google.com/maps/place/Classic+Boat+Tours/data=!4m7!3m6!1s0x47c60990c7370333:0xfff0a7490170206b!8m2!3d52.3600579!4d4.9052338!16s%2Fg%2F1thlm9yy!19sChIJMwM3x5AJxkcRayBwAUmn8P8?authuser=0&hl=en&rclk=1,,,Amsterdam,Google Maps
Private Boat Tour Amsterdam: dinner cruise & private boat cruise in Amsterdam,info@privateboattour.amsterdam,http://www.privateboattour.amsterdam/,020 860 0012,,https://www.google.com/maps/place/Private+Boat+Tour+Amsterdam:+dinner+cruise+%26+private+boat+cruise+in+Amsterdam/data=!4m7!3m6!1s0x47c609eb5d92b2d1:0xe5a3ad2ca497e0c8!8m2!3d52.3618803!4d4.8920827!16s%2Fg%2F1hm22_mnw!19sChIJ0bKSXesJxkcRyOCXpCyto-U?authuser=0&hl=en&rclk=1,,,Amsterdam,Google Maps
The Green Saloon - Canal Cruise boat tour - Central Station,,https://www.thegreensaloon.com/,06 47003663,,https://www.google.com/maps/place/The+Green+Saloon+-+Canal+Cruise+boat+tour+-+Central+Station/data=!4m7!3m6!1s0x47c609d3706c208b:0xb2bbf3cb8ed34c8!8m2!3d52.3780688!4d4.8989661!16s%2Fg%2F11yczn98bh!19sChIJiyBscNMJxkcRyDTtuDy_Kws?authuser=0&hl=en&rclk=1,,,Amsterdam,Google Maps
Mokumboot Canal Tours,sales@mokumboot.nl,https://mokumboot.nl/rondvaart-amsterdam/,020 210 5700,,https://www.google.com/maps/place/Mokumboot+Canal+Tours/data=!4m7!3m6!1s0x2d586f0da6cba5ad:0xf531e60cf75e7519!8m2!3d52.3782212!4d4.8988763!16s%2Fg%2F11ldmztvcm!19sChIJraXLpg1vWC0RGXVe9wzmMfU?authuser=0&hl=en&rclk=1,,,Amsterdam,Google Maps
Rederij P. Kooij canal boat tours,info@rederijkooij.nl,https://www.rederijkooij.nl/,020 623 3810,,https://www.google.com/maps/place/Rederij+P.+Kooij+canal+boat+tours/data=!4m7!3m6!1s0x47c609c058494d37:0x2ac42d04c20e4b87!8m2!3d52.3689593!4d4.8925535!16s%2Fg%2F1tdfgx30!19sChIJN01JWMAJxkcRh0sOwgQtxCo?authuser=0&hl=en&rclk=1,,,Amsterdam,Google Maps
Streat Bites Amsterdam - Food Tours | Culinary Tours,hello@streatbites.com,http://www.streatbites.com/,06 44102515,,https://www.google.com/maps/place/Streat+Bites+Amsterdam+-+Food+Tours+%7C+Culinary+Tours/data=!4m7!3m6!1s0x47c609da5dcd4ebf:0xf6a1dbf1b02c59a9!8m2!3d52.3546656!4d4.9039604!16s%2Fg%2F11f79xr6yy!19sChIJv07NXdoJxkcRqVkssPHbofY?authuser=0&hl=en&rclk=1,,,Amsterdam,Google Maps
Amsterdam Food Tours by Do Eat Better Experience,hello@doeatbetter.com,https://doeatbetterexperience.com/netherlands-food-tours/what-to-do-in-amsterdam/amsterdam-food-tour/,+39 329 179 0647,,https://www.google.com/maps/place/Amsterdam+Food+Tours+by+Do+Eat+Better+Experience/data=!4m7!3m6!1s0x431dc560b8e0f815:0xed89bf3ec18fb9ee!8m2!3d52.3546656!4d4.9039604!16s%2Fg%2F11ygsj47tk!19sChIJFfjguGDFHUMR7rmPwT6_ie0?authuser=0&hl=en&rclk=1,,,Amsterdam,Google Maps
Sherpa Food Tours Amsterdam,info@sherpafoodtours.com,https://www.sherpafoodtours.com/city/amsterdam/,+44 7719 791136,,https://www.google.com/maps/place/Sherpa+Food+Tours+Amsterdam/data=!4m7!3m6!1s0x4cab276329d0edc9:0xe49c8e0e70f02645!8m2!3d52.3546656!4d4.9039604!16s%2Fg%2F11xlgqf5cm!19sChIJye3QKWMnq0wRRSbwcA6OnOQ?authuser=0&hl=en&rclk=1,,,Amsterdam,Google Maps
City Rotterdam Tours,info@cityrotterdamtours.com,http://www.cityrotterdamtours.com/,010 290 0032,,https://www.google.com/maps/place/City+Rotterdam+Tours/data=!4m7!3m6!1s0x47c43312d06e73e3:0xcdb4b407d0471588!8m2!3d51.931783!4d4.4746165!16s%2Fg%2F11c5qs99gy!19sChIJ43Nu0BIzxEcRiBVH0Ae0tM0?authuser=0&hl=en&rclk=1,,,Rotterdam,Google Maps
Free walking tour Rotterdam,info@freewalkingtourrotterdam.com,http://freewalkingtourrotterdam.com/?utm_source=GMBlisting&utm_medium=organic,085 016 3654,,https://www.google.com/maps/place/Free+walking+tour+Rotterdam/data=!4m7!3m6!1s0x47c434a5b82ecadb:0x1205ee02bd92365f!8m2!3d51.9202597!4d4.4880686!16s%2Fg%2F11c75cvrmz!19sChIJ28ouuKU0xEcRXzaSvQLuBRI?authuser=0&hl=en&rclk=1,,,Rotterdam,Google Maps
Inside Rotterdam tours,contact@insiderotterdam.com,http://www.insiderotterdam.com/,010 307 0280,,https://www.google.com/maps/place/Inside+Rotterdam+tours/data=!4m7!3m6!1s0x47c433584a7824d1:0xdd6ff69fb91548ff!8m2!3d51.914389!4d4.4815067!16s%2Fg%2F11bw4tg5h2!19sChIJ0SR4SlgzxEcR_0gVuZ_2b90?authuser=0&hl=en&rclk=1,,,Rotterdam,Google Maps
idtours Rotterdam,info@rotterdamidtours.com,http://www.idtoursrotterdam.com/,010 307 6149,,https://www.google.com/maps/place/idtours+Rotterdam/data=!4m7!3m6!1s0x47c4336c87656f4f:0x76eeed8ef13a59e4!8m2!3d51.9088192!4d4.4984567!16s%2Fg%2F11g6pyv_fs!19sChIJT29lh2wzxEcR5Fk68Y7t7nY?authuser=0&hl=en&rclk=1,,,Rotterdam,Google Maps
Rotterdam Discovery Tours,info@rotterdamdiscoverytours.nl,https://www.rotterdamdiscoverytours.nl/,010 226 0177,,https://www.google.com/maps/place/Rotterdam+Discovery+Tours/data=!4m7!3m6!1s0x47c434a570087509:0x914159603bc5079a!8m2!3d51.9256478!4d4.4679371!16s%2Fg%2F11hzrqy99l!19sChIJCXUIcKU0xEcRmgfFO2BZQZE?authuser=0&hl=en&rclk=1,,,Rotterdam,Google Maps
Walk Rotterdam - Architecture walking tours Rotterdam,,http://www.walkrotterdam.com/,06 41435120,,https://www.google.com/maps/place/Walk+Rotterdam+-+Architecture+walking+tours+Rotterdam/data=!4m7!3m6!1s0x47c4348ea2d0a335:0xa98c493e40897632!8m2!3d51.924353!4d4.4663095!16s%2Fg%2F11c2nhzxfj!19sChIJNaPQoo40xEcRMnaJQD5JjKk?authuser=0&hl=en&rclk=1,,,Rotterdam,Google Maps
BiteMe Food Tours,info@bitemefoodtours.com,https://www.bitemefoodtours.com/,010 307 2613,,https://www.google.com/maps/place/BiteMe+Food+Tours/data=!4m7!3m6!1s0x47c433ccb618c75b:0xf704d89304770717!8m2!3d51.9276525!4d4.459626!16s%2Fg%2F11gxsl3666!19sChIJW8cYtswzxEcRFwd3BJPYBPc?authuser=0&hl=en&rclk=1,,,Rotterdam,Google Maps
St Rondleiding Rotterdam,info@rondleidingrotterdam.nl,http://www.rondleidingrotterdam.nl/,06 45510916,,https://www.google.com/maps/place/St+Rondleiding+Rotterdam/data=!4m7!3m6!1s0x47c43493dfdb0d6f:0xeed7fd305095c5dc!8m2!3d51.9095167!4d4.4561942!16s%2Fg%2F11f159pylr!19sChIJbw3b35M0xEcR3MWVUDD91-4?authuser=0&hl=en&rclk=1,,,Rotterdam,Google Maps
Sightseeing Rotterdam,info@rivercruiserotterdam.nl,http://www.sightseeingrotterdam.nl/,010 302 0288,,https://www.google.com/maps/place/Sightseeing+Rotterdam/data=!4m7!3m6!1s0x47c4349b2af3a88f:0x1d084a3ac1aba569!8m2!3d51.905433!4d4.465456!16s%2Fg%2F11ckw28lqh!19sChIJj6jzKps0xEcRaaWrwTpKCB0?authuser=0&hl=en&rclk=1,,,Rotterdam,Google Maps
UrbanGuides,info@urbanguides.nl,http://urbanguides.nl/,010 433 2231,,https://www.google.com/maps/place/UrbanGuides/data=!4m7!3m6!1s0x47c434a7e6279db5:0xd1347c9a616be7cf!8m2!3d51.9254284!4d4.4767278!16s%2Fg%2F1tksgzm9!19sChIJtZ0n5qc0xEcRz-drYZp8NNE?authuser=0&hl=en&rclk=1,,,Rotterdam,Google Maps
Rotterdam Tours,info@derotterdamtours.nl,https://www.derotterdamweekendtours.nl/,06 29242525,,https://www.google.com/maps/place/Rotterdam+Tours/data=!4m7!3m6!1s0x47c4337959a2a707:0x1f3a2ef2c317ef13!8m2!3d51.9192615!4d4.4772555!16s%2Fg%2F1tgwlw15!19sChIJB6eiWXkzxEcRE-8Xw_IuOh8?authuser=0&hl=en&rclk=1,,,Rotterdam,Google Maps
Splash Tours BV,info@splashtours.nl,https://rotterdam.splashtours.nl/arrangement/splashtours/,010 436 9491,,https://www.google.com/maps/place/Splash+Tours+BV/data=!4m7!3m6!1s0x47c4349b28b9c4cb:0xe4f82006f23c715d!8m2!3d51.9052778!4d4.4655556!16s%2Fg%2F1v_0hyc8!19sChIJy8S5KJs0xEcRXXE88gYg-OQ?authuser=0&hl=en&rclk=1,,,Rotterdam,Google Maps
seeRotterdam | Fietstours & Verhuur,info@seerotterdam.nl,https://www.seerotterdam.nl/,010 307 0926,,https://www.google.com/maps/place/seeRotterdam+%7C+Fietstours+%26+Verhuur/data=!4m7!3m6!1s0x47c433529f3ea6d5:0x44a58a9284b6ad02!8m2!3d51.9127479!4d4.4800422!16s%2Fg%2F11fy91zp79!19sChIJ1aY-n1IzxEcRAq22hJKKpUQ?authuser=0&hl=en&rclk=1,,,Rotterdam,Google Maps
Zeetours Cruises,,http://www.zeetours.nl/,010 282 3880,,https://www.google.com/maps/place/Zeetours+Cruises/data=!4m7!3m6!1s0x47c433670db09581:0x3d18b0928d1e5a97!8m2!3d51.9238582!4d4.4924343!16s%2Fg%2F1tcx65lv!19sChIJgZWwDWczxEcRl1oejZKwGD0?authuser=0&hl=en&rclk=1,,,Rotterdam,Google Maps
Rotterdam Tourist Information CS,info@rotterdamtouristinformation.nl,https://rotterdam.info/en/visit,010 790 0185,,https://www.google.com/maps/place/Rotterdam+Tourist+Information+CS/data=!4m7!3m6!1s0x47c434a5c872dcc3:0x9155ca47060f0c92!8m2!3d51.9240566!4d4.4702552!16s%2Fg%2F11clzhsbtn!19sChIJw9xyyKU0xEcRkgwPBkfKVZE?authuser=0&hl=en&rclk=1,,,Rotterdam,Google Maps
Urban City Tours,,http://www.urbancitytours.nl/,06 84368775,,https://www.google.com/maps/place/Urban+City+Tours/data=!4m7!3m6!1s0x47c435f9beab14f1:0xd9d1caa91630d8aa!8m2!3d51.9321679!4d4.4716461!16s%2Fg%2F11m_g7gffc!19sChIJ8RSrvvk1xEcRqtgwFqnK0dk?authuser=0&hl=en&rclk=1,,,Rotterdam,Google Maps
BB Travel & Tours,info@bbtravel-tours.com,https://www.bbtravel-tours.com/,010 785 0594,,https://www.google.com/maps/place/BB+Travel+%26+Tours/data=!4m7!3m6!1s0x47c434f30712d03b:0x35b260cdd32fc5ef!8m2!3d51.89039!4d4.492196!16s%2Fg%2F1w0hzsp0!19sChIJO9ASB_M0xEcR78Uv081gsjU?authuser=0&hl=en&rclk=1,,,Rotterdam,Google Maps
Startpunt City Tour Lijn 10,,https://www.lijn10.nl/,06 12042666,,https://www.google.com/maps/place/Startpunt+City+Tour+Lijn+10/data=!4m7!3m6!1s0x47c433429b16a891:0x4e4656f3919b063c!8m2!3d51.9099201!4d4.4825482!16s%2Fg%2F11t5lxbfdy!19sChIJkagWm0IzxEcRPAabkfNWRk4?authuser=0&hl=en&rclk=1,,,Rotterdam,Google Maps
Ghost Tour Rotterdam,,,,,https://www.google.com/maps/place/Ghost+Tour+Rotterdam/data=!4m7!3m6!1s0x47c4335b970cb097:0xc08ccccd6d7bf291!8m2!3d51.9214541!4d4.4865489!16s%2Fg%2F11hzrrftzx!19sChIJl7AMl1szxEcRkfJ7bc3MjMA?authuser=0&hl=en&rclk=1,,,Rotterdam,Google Maps
TourGuys,info@tourguys.nl,https://www.tourguys.nl/,06 22646000,,https://www.google.com/maps/place/TourGuys/data=!4m7!3m6!1s0x47c43344cccc90e7:0x87ec23c3bbca0d3d!8m2!3d51.9156521!4d4.4760572!16s%2Fg%2F11gsbj3l42!19sChIJ55DMzEQzxEcRPQ3Ku8Mj7Ic?authuser=0&hl=en&rclk=1,,,Rotterdam,Google Maps
ID Riva Tours,,,010 411 1128,,https://www.google.com/maps/place/ID+Riva+Tours/data=!4m7!3m6!1s0x47c4335fa84587ed:0x58cc053aebc24bf9!8m2!3d51.9163246!4d4.4876229!16s%2Fg%2F1wcxc7v4!19sChIJ7YdFqF8zxEcR-UvC6zoFzFg?authuser=0&hl=en&rclk=1,,,Rotterdam,Google Maps
By Mik Tours,info@bymiktours.nl,http://www.bymiktours.nl/,06 17437042,,https://www.google.com/maps/place/By+Mik+Tours/data=!4m7!3m6!1s0x47c434b12b884b05:0x690c571dc9bd3a0a!8m2!3d51.9296126!4d4.459828!16s%2Fg%2F11fx7s5vy3!19sChIJBUuIK7E0xEcRCjq9yR1XDGk?authuser=0&hl=en&rclk=1,,,Rotterdam,Google Maps
Rotterdam Private Tours,info@rotterdamprivatetours.com,http://rotterdamprivatetours.com/,0970 083 05233,,https://www.google.com/maps/place/Rotterdam+Private+Tours/data=!4m7!3m6!1s0x47c43553ad81d0ad:0xb785d51ba857c6be!8m2!3d51.9187915!4d4.4773079!16s%2Fg%2F11ykj1lvjv!19sChIJrdCBrVM1xEcRvsZXqBvVhbc?authuser=0&hl=en&rclk=1,,,Rotterdam,Google Maps
ML Tours,info@mltours.nl,https://www.mltours.nl/,020 722 0722,,https://www.google.com/maps/place/ML+Tours/data=!4m7!3m6!1s0x47c61543efc195a3:0x1a84381c401fc5fd!8m2!3d51.949062!4d4.4339291!16s%2Fg%2F11by_gc8w2!19sChIJo5XB70MVxkcR_cUfQBw4hBo?authuser=0&hl=en&rclk=1,,,Rotterdam,Google Maps
"fietstourtje.nl in Rotterdam, Leiden of Breda.",info@fietstourtje.nl,https://www.fietstourtje.nl/,06 24467155,,"https://www.google.com/maps/place/fietstourtje.nl+in+Rotterdam,+Leiden+of+Breda./data=!4m7!3m6!1s0x47cf57dbb9d15ac3:0x83be051003e2c1db!8m2!3d51.9102221!4d4.4779287!16s%2Fg%2F11vt7rxfd7!19sChIJw1rRudtXz0cR28HiAxAFvoM?authuser=0&hl=en&rclk=1",,,Rotterdam,Google Maps
City Guide Nidas (Stadsgids Nidas),info@stadsgidsnidas.nl,https://www.stadsgidsnidas.nl/,,,https://www.google.com/maps/place/City+Guide+Nidas+%28Stadsgids+Nidas%29/data=!4m7!3m6!1s0x47c435755c52fc3d:0x8e76f0c91ea377b6!8m2!3d51.9233492!4d4.4689952!16s%2Fg%2F11t_rcvyl0!19sChIJPfxSXHU1xEcRtnejHsnwdo4?authuser=0&hl=en&rclk=1,,,Rotterdam,Google Maps
HiddenTours Rotterdam,,https://www.hiddentoursrotterdam.nl/,06 83668792,,https://www.google.com/maps/place/HiddenTours+Rotterdam/data=!4m7!3m6!1s0x47c435ab9f435bcf:0x1f6c0a55e73544c4!8m2!3d51.9148015!4d4.4734157!16s%2Fg%2F11krtxb5yt!19sChIJz1tDn6s1xEcRxEQ151UKbB8?authuser=0&hl=en&rclk=1,,,Rotterdam,Google Maps
Mika Tours 荷兰米卡旅行 （原荷乐融融运营公司）,info@mikatours.eu,http://www.mikatours.eu/,010 841 3987,,https://www.google.com/maps/place/Mika+Tours+%E8%8D%B7%E5%85%B0%E7%B1%B3%E5%8D%A1%E6%97%85%E8%A1%8C+%EF%BC%88%E5%8E%9F%E8%8D%B7%E4%B9%90%E8%9E%8D%E8%9E%8D%E8%BF%90%E8%90%A5%E5%85%AC%E5%8F%B8%EF%BC%89/data=!4m7!3m6!1s0x47c433c456394253:0x586a6aab40ea7a9c!8m2!3d51.9275814!4d4.5365398!16s%2Fg%2F11sq_swywp!19sChIJU0I5VsQzxEcRnHrqQKtqalg?authuser=0&hl=en&rclk=1,,,Rotterdam,Google Maps
Leijnse Tours & Excursions,info@leijnse-tours.com,https://leijnse-tours.com/,06 40476982,,https://www.google.com/maps/place/Leijnse+Tours+%26+Excursions/data=!4m7!3m6!1s0x47c434a728b8ace5:0x4e5d91a23e8faf95!8m2!3d51.921305!4d4.474851!16s%2Fg%2F1hc6bp9x0!19sChIJ5ay4KKc0xEcRla-PPqKRXU4?authuser=0&hl=en&rclk=1,,,Rotterdam,Google Maps
"Rotterdam Sight running Tours, Rotterdam running tour, jogging tour, hardlooptour, running tours",,https://www.rotterdamsightrunningtours.com/,06 41277240,,"https://www.google.com/maps/place/Rotterdam+Sight+running+Tours,+Rotterdam+running+tour,+jogging+tour,+hardlooptour,+running+tours/data=!4m7!3m6!1s0x47c43360043f6c45:0x3d2913fbb76dc401!8m2!3d51.9108779!4d4.4833719!16s%2Fg%2F11g6bldx73!19sChIJRWw_BGAzxEcRAcRtt_sTKT0?authuser=0&hl=en&rclk=1",,,Rotterdam,Google Maps
Promised Lands Touroperating B.V.,,https://www.promisedlands.nl/,010 282 7242,,https://www.google.com/maps/place/Promised+Lands+Touroperating+B.V./data=!4m7!3m6!1s0x47c434a8f0e4c89b:0xe776fe3dea66ae14!8m2!3d51.9210935!4d4.4775313!16s%2Fg%2F1td0933y!19sChIJm8jk8Kg0xEcRFK5m6j3-duc?authuser=0&hl=en&rclk=1,,,Rotterdam,Google Maps
Tours - ss Rotterdam,reserveringen@ssrotterdam.nl,https://ssrotterdam.nl/ontdek/rondleidingen/,010 297 3090,,https://www.google.com/maps/place/Tours+-+ss+Rotterdam/data=!4m7!3m6!1s0x47c435ebf7950af5:0x5583092ae7fde53e!8m2!3d51.8978692!4d4.4731622!16s%2Fg%2F11gmw_m783!19sChIJ9QqV9-s1xEcRPuX95yoJg1U?authuser=0&hl=en&rclk=1,,,Rotterdam,Google Maps
Wandeltour Rotterdam,,,010 244 0571,,https://www.google.com/maps/place/Wandeltour+Rotterdam/data=!4m7!3m6!1s0x47c4349b2af3a88f:0x2f6de38ad12e1577!8m2!3d51.9053609!4d4.4655086!16s%2Fg%2F11ckw28l78!19sChIJj6jzKps0xEcRdxUu0YrjbS8?authuser=0&hl=en&rclk=1,,,Rotterdam,Google Maps
de Stadswandeling 010,,https://www.stadswandeling010.nl/,06 49916514,,https://www.google.com/maps/place/de+Stadswandeling+010/data=!4m7!3m6!1s0x47c435cac2a2dcb3:0x2d55c9981f1e0fb3!8m2!3d51.9080442!4d4.4323794!16s%2Fg%2F11sd7339fw!19sChIJs9yiwso1xEcRsw8eH5jJVS0?authuser=0&hl=en&rclk=1,,,Rotterdam,Google Maps
StoryTrail Delfshaven Rotterdam Stadswandeling,,https://storytrail.nl/stadswandeling/rotterdam-delfshaven/,030 246 7911,,https://www.google.com/maps/place/StoryTrail+Delfshaven+Rotterdam+Stadswandeling/data=!4m7!3m6!1s0x47c435e2ad306b67:0x1502cd48498c06c9!8m2!3d51.9084102!4d4.448477!16s%2Fg%2F11x78gxdwd!19sChIJZ2swreI1xEcRyQaMSUjNAhU?authuser=0&hl=en&rclk=1,,,Rotterdam,Google Maps
Rotterdam Tourist Information,contact@rotterdampartners.nl,http://www.rotterdam.info/,010 790 0185,,https://www.google.com/maps/place/Rotterdam+Tourist+Information/data=!4m7!3m6!1s0x47c434a79d41b103:0x4c624926e7d1593f!8m2!3d51.9190447!4d4.4813862!16s%2Fg%2F1tfqq3nc!19sChIJA7FBnac0xEcRP1nR5yZJYkw?authuser=0&hl=en&rclk=1,,,Rotterdam,Google Maps
Rotterdam Interactive City Tour,,https://www.interactivecitytours.com/rotterdam,,,https://www.google.com/maps/place/Rotterdam+Interactive+City+Tour/data=!4m7!3m6!1s0x47c43541b8cbf98d:0xb6d8392f15bbf87e!8m2!3d51.923559!4d4.4702156!16s%2Fg%2F11vm0b7zkk!19sChIJjfnLuEE1xEcRfvi7FS852LY?authuser=0&hl=en&rclk=1,,,Rotterdam,Google Maps
Rottourdam,,https://www.rottourdam.com/,06 24614871,,https://www.google.com/maps/place/Rottourdam/data=!4m7!3m6!1s0x4bdd33bf9141ef01:0xc99aeaf6d6f84fc2!8m2!3d51.9142838!4d4.472328!16s%2Fg%2F11vqh3_pdh!19sChIJAe9Bkb8z3UsRwk_41vbqmsk?authuser=0&hl=en&rclk=1,,,Rotterdam,Google Maps
"City Game Rotterdam - Scavenger Hunt, City Tour & Escape Game",,https://citygame.com/netherlands/rotterdam,06 45187616,,"https://www.google.com/maps/place/City+Game+Rotterdam+-+Scavenger+Hunt,+City+Tour+%26+Escape+Game/data=!4m7!3m6!1s0x47c433733ad7a6e1:0x90a0689b8508b1e0!8m2!3d51.9199641!4d4.4865845!16s%2Fg%2F11tmn19q8k!19sChIJ4abXOnMzxEcR4LEIhZtooJA?authuser=0&hl=en&rclk=1",,,Rotterdam,Google Maps
Rebus Bootexcursie Kinderdijk,info@rivercruiserotterdam.nl,http://www.rebus-info.nl/,010 302 0288,,https://www.google.com/maps/place/Rebus+Bootexcursie+Kinderdijk/data=!4m7!3m6!1s0x47c43367a297478d:0x1b349f895fe541f7!8m2!3d51.9134099!4d4.4863593!16s%2Fg%2F11clztqfxs!19sChIJjUeXomczxEcR90HlX4mfNBs?authuser=0&hl=en&rclk=1,,,Rotterdam,Google Maps
Hike & Bite Food Tours,,,,,https://www.google.com/maps/place/Hike+%26+Bite+Food+Tours/data=!4m7!3m6!1s0x47c435ba037ce4dd:0x8d049215cafd9b21!8m2!3d51.9276525!4d4.459626!16s%2Fg%2F11p064r84r!19sChIJ3eR8A7o1xEcRIZv9yhWSBI0?authuser=0&hl=en&rclk=1,,,Rotterdam,Google Maps
Elswhere Tours The Hague,elswheretours@gmail.com,http://elswheretours.com/,06 55776686,,https://www.google.com/maps/place/Elswhere+Tours+The+Hague/data=!4m7!3m6!1s0x47c5b726609603f1:0x20535870027c5f2!8m2!3d52.0755773!4d4.3091691!16s%2Fg%2F11g6wdpy6j!19sChIJ8QOWYCa3xUcR8sUnAIc1BQI?authuser=0&hl=en&rclk=1,,,Den Haag,Google Maps
Free walking tour The Hague,info@freewalkingtourthehague.com,https://freewalkingtourthehague.com/?utm_source=GMBlisting&utm_medium=organic,085 016 3654,,https://www.google.com/maps/place/Free+walking+tour+The+Hague/data=!4m7!3m6!1s0x47c5b72347e320a9:0x3cd78dce0d63793f!8m2!3d52.076598!4d4.3106734!16s%2Fg%2F11ggr7d09t!19sChIJqSDjRyO3xUcRP3ljDc6N1zw?authuser=0&hl=en&rclk=1,,,Den Haag,Google Maps
iLocal World Food Tour,vvvwinkel@thehague.com,https://denhaag.com/nl/agenda/ilocal-world-food-tour-met-gids,06 38875415,,https://www.google.com/maps/place/iLocal+World+Food+Tour/data=!4m7!3m6!1s0x47c5b7e079eb965f:0x7c502bf35bbfb6b!8m2!3d52.075521!4d4.3097257!16s%2Fg%2F11kj59l__3!19sChIJX5breeC3xUcRa_u7Nb8CxQc?authuser=0&hl=en&rclk=1,,,Den Haag,Google Maps
"Cycle and the City - Fietstour Den Haag, Delft & Scheveningen",info@cycleandthecity.nl,https://cycleandthecity.nl/,06 23017374,,"https://www.google.com/maps/place/Cycle+and+the+City+-+Fietstour+Den+Haag,+Delft+%26+Scheveningen/data=!4m7!3m6!1s0x47c5b707d6d0511f:0xf2a847ebda66321d!8m2!3d52.07851!4d4.3095647!16s%2Fg%2F11w3s_dn2h!19sChIJH1HQ1ge3xUcRHTJm2utHqPI?authuser=0&hl=en&rclk=1",,,Den Haag,Google Maps
Enter The Hague Tours,contact@enterthehague.com,https://www.enterthehague.com/,06 42449049,,https://www.google.com/maps/place/Enter+The+Hague+Tours/data=!4m7!3m6!1s0x47c5b7cda1196047:0x4547c4f68e238dc8!8m2!3d52.0731013!4d4.3135325!16s%2Fg%2F11hx8k78f8!19sChIJR2AZoc23xUcRyI0jjvbER0U?authuser=0&hl=en&rclk=1,,,Den Haag,Google Maps
Gids Patrick – Den Haag,,https://www.gidspatrick.nl/,,,https://www.google.com/maps/place/Gids+Patrick+%E2%80%93+Den+Haag/data=!4m7!3m6!1s0x47c5b0d0f0e8231b:0x25ab009054bf0b7b!8m2!3d52.0755364!4d4.3090599!16s%2Fg%2F11cm3v18bc!19sChIJGyPo8NCwxUcRewu_VJAAqyU?authuser=0&hl=en&rclk=1,,,Den Haag,Google Maps
Tour The Hague,info@tourthehague.com,http://www.tourthehague.com/,06 25398585,,https://www.google.com/maps/place/Tour+The+Hague/data=!4m7!3m6!1s0x47c5b72228d949dd:0x84a4695b7a534218!8m2!3d52.0874575!4d4.2968542!16s%2Fg%2F11j7k_qj3r!19sChIJ3UnZKCK3xUcRGEJTeltppIQ?authuser=0&hl=en&rclk=1,,,Den Haag,Google Maps
Book Now - City Walking Tour,,https://partner.getyourguide.com/en-us/booking/activity-details/1218418,,,https://www.google.com/maps/place/Book+Now+-+City+Walking+Tour/data=!4m7!3m6!1s0x47c5b7000d1f5f15:0x681024572672703!8m2!3d52.0792078!4d4.311555!16s%2Fg%2F11z5153t0t!19sChIJFV8fDQC3xUcRAydnckUCgQY?authuser=0&hl=en&rclk=1,,,Den Haag,Google Maps
Rhoderick Royal City Tours,,,06 54651889,,https://www.google.com/maps/place/Rhoderick+Royal+City+Tours/data=!4m7!3m6!1s0x47c5b76c4b1792cd:0x7d7a0b6f6604e100!8m2!3d52.0943159!4d4.332742!16s%2Fg%2F1tf80sf6!19sChIJzZIXS2y3xUcRAOEEZm8Len0?authuser=0&hl=en&rclk=1,,,Den Haag,Google Maps
Boat Tour The Hague,info@bootvarendenhaag.nl,https://bootvarendenhaag.nl/,,,https://www.google.com/maps/place/Boat+Tour+The+Hague/data=!4m7!3m6!1s0x47c5b72e233d515b:0x7aa52338955e1d37!8m2!3d52.0817399!4d4.3200252!16s%2Fg%2F1pp2v9_9l!19sChIJW1E9Iy63xUcRNx1elTgjpXo?authuser=0&hl=en&rclk=1,,,Den Haag,Google Maps
seeTheHague Fietstours,info@seethehague.nl,https://www.seethehague.nl/,070 221 2701,,https://www.google.com/maps/place/seeTheHague+Fietstours/data=!4m7!3m6!1s0x47c5b7960bc5c493:0x74141921f05ac99c!8m2!3d52.0793263!4d4.3179437!16s%2Fg%2F11h12642jb!19sChIJk8TFC5a3xUcRnMla8CEZFHQ?authuser=0&hl=en&rclk=1,,,Den Haag,Google Maps
StoryTrail Den Haag Stadswandeling,,https://storytrail.nl/stadswandeling/den-haag/,030 246 7911,,https://www.google.com/maps/place/StoryTrail+Den+Haag+Stadswandeling/data=!4m7!3m6!1s0x47c5b7f40fc5c0ab:0x1774d515274a355c!8m2!3d52.0794235!4d4.3154365!16s%2Fg%2F11yg_kwtw3!19sChIJq8DFD_S3xUcRXDVKJxXVdBc?authuser=0&hl=en&rclk=1,,,Den Haag,Google Maps
Excellent Tours,info@excellent-tours.nl,http://www.excellent-tours.nl/,070 364 8460,,https://www.google.com/maps/place/Excellent+Tours/data=!4m7!3m6!1s0x47c5b0c5864197dd:0xd46ea603e7e1ee05!8m2!3d52.0849536!4d4.2822067!16s%2Fg%2F1vxvh0w0!19sChIJ3ZdBhsWwxUcRBe7h5wOmbtQ?authuser=0&hl=en&rclk=1,,,Den Haag,Google Maps
PR Guided Tours & Events The Hague - Rotterdam,,,06 25064980,,https://www.google.com/maps/place/PR+Guided+Tours+%26+Events+The+Hague+-+Rotterdam/data=!4m7!3m6!1s0x47c5b76bb832cc2f:0xb6c1c3da0e48e5e4!8m2!3d52.0650224!4d4.3841816!16s%2Fg%2F1t_tjgvc!19sChIJL8wyuGu3xUcR5OVIDtrDwbY?authuser=0&hl=en&rclk=1,,,Den Haag,Google Maps
The Hague Tours,,,070 205 0547,,https://www.google.com/maps/place/The+Hague+Tours/data=!4m7!3m6!1s0x47c5b0d260b850dd:0xa9c4c15f00599148!8m2!3d52.0889995!4d4.3102615!16s%2Fg%2F11dylszml7!19sChIJ3VC4YNKwxUcRSJFZAF_BxKk?authuser=0&hl=en&rclk=1,,,Den Haag,Google Maps
Govinda Tours,info@govindatours.com,http://www.govindatours.com/,06 20352000,,https://www.google.com/maps/place/Govinda+Tours/data=!4m7!3m6!1s0x47c5b12a581d8b7d:0x1ed81dba7c910d86!8m2!3d52.0639448!4d4.2906987!16s%2Fg%2F11c44fzgwz!19sChIJfYsdWCqxxUcRhg2RfLod2B4?authuser=0&hl=en&rclk=1,,,Den Haag,Google Maps
Alarco Tour en Travel,info@alarco.nl,http://alarco.nl/,06 25385234,,https://www.google.com/maps/place/Alarco+Tour+en+Travel/data=!4m7!3m6!1s0x47c5b733ba659079:0x5889c1ea1748414e!8m2!3d52.0884844!4d4.3213132!16s%2Fg%2F11h14rmd3!19sChIJeZBlujO3xUcRTkFIF-rBiVg?authuser=0&hl=en&rclk=1,,,Den Haag,Google Maps
G S tours,info@gstours.nl,https://www.gstours.nl/,06 39394040,,https://www.google.com/maps/place/G+S+tours/data=!4m7!3m6!1s0xa88f33b61186b741:0xda75f0f183675130!8m2!3d52.0631307!4d4.3018948!16s%2Fg%2F11ms0sfq8b!19sChIJQbeGEbYzj6gRMFFng_Hwddo?authuser=0&hl=en&rclk=1,,,Den Haag,Google Maps
Pretpark-Gids,,http://pretpark-gids.nl/,070 221 0845,,https://www.google.com/maps/place/Pretpark-Gids/data=!4m7!3m6!1s0x47c5b78865c8703b:0x22d65060e4d37c06!8m2!3d52.094393!4d4.3701541!16s%2Fg%2F11fmrq8dxt!19sChIJO3DIZYi3xUcRBnzT5GBQ1iI?authuser=0&hl=en&rclk=1,,,Den Haag,Google Maps
Happy Tours & Travel,,http://happytourstravel.nl/,06 48828054,,https://www.google.com/maps/place/Happy+Tours+%26+Travel/data=!4m7!3m6!1s0x47c5b0d542e58361:0x2e72c2d9851a90e4!8m2!3d52.0715363!4d4.2919743!16s%2Fg%2F11bztc74b5!19sChIJYYPlQtWwxUcR5JAahdnCci4?authuser=0&hl=en&rclk=1,,,Den Haag,Google Maps
KJ Tours,info@kjtours.nl,https://kjtours.nl/,06 28205241,,https://www.google.com/maps/place/KJ+Tours/data=!4m7!3m6!1s0x47c5b6e7faa34af9:0x9c7404a46447c6a!8m2!3d52.059727!4d4.318578!16s%2Fg%2F1td64h71!19sChIJ-Uqj-ue2xUcRanxERkpAxwk?authuser=0&hl=en&rclk=1,,,Den Haag,Google Maps
Touringcarbedrijf Van Heugten Tours,info@vanheugtentours.nl,http://www.vanheugtentours.nl/,070 415 3066,,https://www.google.com/maps/place/Touringcarbedrijf+Van+Heugten+Tours/data=!4m7!3m6!1s0x47c5b64ef58c8181:0x5701000906b3fd0c!8m2!3d52.0506329!4d4.4180284!16s%2Fg%2F1tf3n2mf!19sChIJgYGM9U62xUcRDP2zBgkAAVc?authuser=0&hl=en&rclk=1,,,Den Haag,Google Maps
Holland Palette Travel & Tourism B.V.,mail@hollandpalette.nl,https://www.hollandpalette.nl/,070 306 0646,,https://www.google.com/maps/place/Holland+Palette+Travel+%26+Tourism+B.V./data=!4m7!3m6!1s0x47c5b0cf7b7cf5ff:0x794898600190bf39!8m2!3d52.0848011!4d4.2829904!16s%2Fg%2F1wrgjbky!19sChIJ__V8e8-wxUcROb-QAWCYSHk?authuser=0&hl=en&rclk=1,,,Den Haag,Google Maps
Molenaar Tours,,http://www.wycieczki.nl/,070 383 4493,,https://www.google.com/maps/place/Molenaar+Tours/data=!4m7!3m6!1s0x47c5b791adcc45eb:0xebfd89642d585cf8!8m2!3d52.0977792!4d4.3662838!16s%2Fg%2F1tf01nhy!19sChIJ60XMrZG3xUcR-FxYLWSJ_es?authuser=0&hl=en&rclk=1,,,Den Haag,Google Maps
Hofstad Tours,,https://bit.ly/34pytyT,0174 315 095,,https://www.google.com/maps/place/Hofstad+Tours/data=!4m7!3m6!1s0x47c5b40fccf9cbb9:0x4e4a4591a8767cae!8m2!3d52.0150362!4d4.2966619!16s%2Fg%2F11h4ydm3ff!19sChIJucv5zA-0xUcRrnx2qJFFSk4?authuser=0&hl=en&rclk=1,,,Den Haag,Google Maps
Rondleiding Den Haag,,,06 13992145,,https://www.google.com/maps/place/Rondleiding+Den+Haag/data=!4m7!3m6!1s0x47c5b75e4b04099f:0x117050dde2a59ac!8m2!3d52.0674693!4d4.3641556!16s%2Fg%2F11jj3jz81y!19sChIJnwkES163xUcRrFkq3g0FFwE?authuser=0&hl=en&rclk=1,,,Den Haag,Google Maps
NBTC Netherlands Board of Tourism & Conventions,nbtc@holland.com,https://www.nbtc.nl/,070 370 5705,,https://www.google.com/maps/place/NBTC+Netherlands+Board+of+Tourism+%26+Conventions/data=!4m7!3m6!1s0x47c5b625e4f96923:0xad18bf182f01a7ae!8m2!3d52.0560778!4d4.3883153!16s%2Fg%2F1hhgx_gw9!19sChIJI2n55CW2xUcRrqcBLxi_GK0?authuser=0&hl=en&rclk=1,,,Den Haag,Google Maps
Curaçao Tourist Board,info@curacao.com,http://www.curacao.com/,070 891 6600,,https://www.google.com/maps/place/Cura%C3%A7ao+Tourist+Board/data=!4m7!3m6!1s0x41655465448eb19b:0xa3af82da6de04740!8m2!3d52.073545!4d4.33259!16s%2Fg%2F11b6hxc4r9!19sChIJm7GORGVUZUERQEfgbdqCr6M?authuser=0&hl=en&rclk=1,,,Den Haag,Google Maps
totzo! fietstours en excursies,info@totzo.org,http://www.totzo.org/,06 48210367,,https://www.google.com/maps/place/totzo!+fietstours+en+excursies/data=!4m7!3m6!1s0x47c5b7303fdc2ebf:0xc044a04c36632ff5!8m2!3d52.0816602!4d4.3066775!16s%2Fg%2F1vq9lgkf!19sChIJvy7cPzC3xUcR9S9jNkygRMA?authuser=0&hl=en&rclk=1,,,Den Haag,Google Maps
amsterdam_walking_tour,,https://l.instagram.com/?u=https%3A%2F%2Fwalksinamsterdam.nl%2F%3Futm_source%3Dig%26utm_medium%3Dsocial%26utm_content%3Dlink_in_bio%26fbclid%3DPAZXh0bgNhZW0CMTEAc3J0YwZhcHBfaWQPOTM2NjE5NzQzMzkyNDU5AAGnhx8HpxWbOpqG0i52k3hX2eCDrDD02zIXDkSsIpYBjom7RGErP6xj8vaw7og_aem_-lIiKdu-pOMREwU55iU2jA&e=AUC6X7tm-MCGBa51BubOjLLHSm70e0tO6V1C4zUx4aXhRgrNJhI9_OpRnWMlveRPQF9geDVuYDRrPKHuAt3prXkCtg9CjJ_Y_iMEi7qQSra93QtIqV4HPqzj8KS5quLufvH4bh3aNByWmmZKoYBJm-j0dqaK,,https://www.instagram.com/amsterdam_walking_tour/,,"165 Followers, 124 Following, 156 Posts - See Instagram photos and videos from Amsterdam Walking Tour (@amsterdam_walking_tour)",165,Amsterdam,Instagram
freewalkingtoursamsterdam,,,,https://www.instagram.com/freewalkingtoursamsterdam/,,"1,550 Followers, 633 Following, 223 Posts - See Instagram photos and videos from Free Walking Tour Amsterdam 🇳🇱 (@freewalkingtoursamsterdam)",1550,Amsterdam,Instagram
women.of.amsterdam,,https://l.instagram.com/?u=https%3A%2F%2Flinktr.ee%2Fwomenofamsterdam%3Futm_source%3Dig%26utm_medium%3Dsocial%26utm_content%3Dlink_in_bio%26fbclid%3DPAZXh0bgNhZW0CMTEAc3J0YwZhcHBfaWQPOTM2NjE5NzQzMzkyNDU5AAGnsWxx57-IIMoueQhntuFB9vBr6EsKQg4prnMZP33jMGYLTvNZbTUglrQ0bpQ_aem_x2ch11BsUTgIs-It4ZQOpw&e=AUBB2mV2_uYtS72zrwHwCHmZw2SovfLTbRWxkb2XC74ssA_zq4kt6Sz_Vxms1SKWFDiNqd9bOPYTsWWJzP5MjKLok49QJchYLmlntkkoPk9bbVxdpjClpVu7RwJPRUxLWqnVEwYs5sAjYlzT7KI-jhAie2JY,,https://www.instagram.com/women.of.amsterdam/,,"3,840 Followers, 8,036 Following, 118 Posts - See Instagram photos and videos from Women of Amsterdam | Walking Tour & History Platform (@women.of.amsterdam)",3840,Amsterdam,Instagram
amsterdam.and.you,,https://l.instagram.com/?u=https%3A%2F%2Fwww.amsterdamandyou.com%2F%3Futm_source%3Dig%26utm_medium%3Dsocial%26utm_content%3Dlink_in_bio%26fbclid%3DPAZXh0bgNhZW0CMTEAc3J0YwZhcHBfaWQPOTM2NjE5NzQzMzkyNDU5AAGnjeoq9-XsLiKADXtU2GsxQ1fICc8l1werlyZc-kLRj0Inp1QS9wlDOlJBQ9E_aem_3spzqz-vQiKlk78U-oShVw&e=AUDMieDpczI2cJQYxjkPZLpbH18D3-pchNwVR0iC3l1l7RoZENUkD4I4Jk_OlsBimT4lW-ewDsNmHZfrv1fm2fVEvZk0fkj5uony3qKNyCXq0tbaj7FPrfZotTdJ-QVvLsH0040cKluePoxVOYx4cRSn-3HP,,https://www.instagram.com/amsterdam.and.you/,,"1,500 Followers, 332 Following, 168 Posts - See Instagram photos and videos from Amsterdam and You Walking Tours (@amsterdam.and.you)",1500,Amsterdam,Instagram
food.tour.amsterdam,,,,https://www.instagram.com/food.tour.amsterdam/,,"443 Followers, 436 Following, 48 Posts - See Instagram photos and videos from Food Tour Amsterdam (@food.tour.amsterdam)",443,Amsterdam,Instagram
veganfoodtouramsterdam,,https://l.instagram.com/?u=http%3A%2F%2Fwww.veganfoodtourutrecht.nl%2F%3Futm_source%3Dig%26utm_medium%3Dsocial%26utm_content%3Dlink_in_bio%26fbclid%3DPAZXh0bgNhZW0CMTEAc3J0YwZhcHBfaWQPOTM2NjE5NzQzMzkyNDU5AAGn2K34naJr6IdIpOqj-eYgmq_HrMZ52zWaqJ5smSaVw4sloqMHqstENj7xOMw_aem_CYDDVDAn4vxsmJePrYs1HA&e=AUAa4sJGMJ2DI168O8r4WvixwpEIhVEhvzUAlG7GIVNfWc3_IiuMWE_zDnGKu73ysHe3uAWDXVHWBZP1z-V_12LzSrFROVESynWxT57ziyEPobNDbgxlmvmrwtuPl0kNSKLPSljKivhL9KeSqNUwRd0SzDcF,,https://www.instagram.com/veganfoodtouramsterdam/,,"78 Followers, 20 Following, 3 Posts - See Instagram photos and videos from Vegan Food Tour Amsterdam (@veganfoodtouramsterdam)",78,Amsterdam,Instagram
freefoodtouramsterdam,,https://l.instagram.com/?u=https%3A%2F%2Flinktr.ee%2Ffreewalkingtoursamsterdam%3Futm_source%3Dig%26utm_medium%3Dsocial%26utm_content%3Dlink_in_bio%26fbclid%3DPAZXh0bgNhZW0CMTEAc3J0YwZhcHBfaWQPOTM2NjE5NzQzMzkyNDU5AAGnDVHXfqvOg3caKpGaNXI9umbyyUJ1iynpIXtLFMzE6h9crd_a2joPAHUZ3jM_aem_eiy50eoBuOU75LHmb1ehng&e=AUC7DTuKb_avMLhSP5A_kHYsQ_l4drsKJ5uOnUNwvo1luNGfbrhuH0d1qd7nSJL5vZzJ9GydIyWOGCoBF7crfpf1qXfzbq2EYEq9g_atqo-PICoWYvM0YGUg7MqFJeZWjckV2CpuPoTm36dVg1-qIO_paueJ,,https://www.instagram.com/freefoodtouramsterdam/,,"722 Followers, 1,022 Following, 188 Posts - See Instagram photos and videos from Free Food Tour Amsterdam 🇳🇱 (@freefoodtouramsterdam)",722,Amsterdam,Instagram
foodtour020,,,,https://www.instagram.com/foodtour020/,,"2 Followers, 0 Following, 0 Posts - See Instagram photos and videos from Food tour Amsterdam (@foodtour020)",2,Amsterdam,Instagram
amsterdamfoodtour,,,,https://www.instagram.com/amsterdamfoodtour/,,"558 Followers, 435 Following, 176 Posts - See Instagram photos and videos from Amsterdam Food Tours (@amsterdamfoodtour)",558,Amsterdam,Instagram
citytouramsterdam,,https://l.instagram.com/?u=http%3A%2F%2Fwww.citytouramsterdam.nl%2F%3Futm_source%3Dig%26utm_medium%3Dsocial%26utm_content%3Dlink_in_bio%26fbclid%3DPAZXh0bgNhZW0CMTEAc3J0YwZhcHBfaWQPOTM2NjE5NzQzMzkyNDU5AAGnh_xtuuT_rOw3OLQjXJSdOmGlfg5Br1CxdGNd3MKtIiUfrLPQYc8ykervjTQ_aem_6XwBqCysdF6IbQf-3kba_A&e=AUAXshpRXLmdu2rv7Ih0fPLw1gledj7TW7DEMi7x8safPoqsP8-W82j_Z7fVExCE83UNF7qiPsxpBc2mlI2p0MgDZ8ZXXoCOZ_WJ4ZfX7yFVa6kspZsZrai7hU5GY93PhJDF_0qYbapHHgXdzJHjy-hQLA5T,,https://www.instagram.com/citytouramsterdam/,,"0 Followers, 1 Following, 1 Posts - See Instagram photos and videos from Citytouramsterdam (@citytouramsterdam)",0,Amsterdam,Instagram
citytour_amsterdam,,,,https://www.instagram.com/citytour_amsterdam/,,"10 Followers, 0 Following, 9 Posts - See Instagram photos and videos from Amsterdam citytour® (@citytour_amsterdam)",10,Amsterdam,Instagram
lovemycitytours,,https://l.instagram.com/?u=http%3A%2F%2Fwww.lovemycitytours.com%2F%3Futm_source%3Dig%26utm_medium%3Dsocial%26utm_content%3Dlink_in_bio%26fbclid%3DPAZXh0bgNhZW0CMTEAc3J0YwZhcHBfaWQPOTM2NjE5NzQzMzkyNDU5AAGn-0mKLZ4x6dtQhTuh-8alwj2PD7NtPqilPIglQlmBmnwjVk-dComdJ5baSgk_aem_o9d1Qz2znygRhC6EmfGh-A&e=AUAl16FsGacEqoyFaG6EZiG_eVQzVJArhFihbXDrp8i2-zZ7v5K9RQJvsz0BZqeDbff3DfsfosFRsJs_vYwNYX4MTx8wYxL9MZ2lc5j-CmfUI_eUh5R_Ls3WvcGzaZ-W93iVH9iiYx1fGZW_sXvIijtOgtbW,,https://www.instagram.com/lovemycitytours/,,"199 Followers, 35 Following, 48 Posts - See Instagram photos and videos from Personal City Guide Amsterdam (@lovemycitytours)",198,Amsterdam,Instagram
incredible_amsterdam,,,,https://www.instagram.com/incredible_amsterdam/,,"87 Followers, 17 Following, 86 Posts - See Instagram photos and videos from Incredible Amsterdam | English city tours (@incredible_amsterdam)",97,Amsterdam,Instagram
holycity.amsterdam,,https://l.instagram.com/?u=http%3A%2F%2Fholycity.amsterdam%2F%3Futm_source%3Dig%26utm_medium%3Dsocial%26utm_content%3Dlink_in_bio%26fbclid%3DPAZXh0bgNhZW0CMTEAc3J0YwZhcHBfaWQPOTM2NjE5NzQzMzkyNDU5AAGndcXL_h2jTP_7ukSib80UQIrtYd4W5kzwFTVXnZ4vbNOGt2dzAWMStPBuyxw_aem_k4WlhfjgEej0dnaiFvdCsw&e=AUC7f9UWRxjYzW7B0QI9R65wEVmw8XeTPXslU4w708J90xLRFIwsCE7lHDuWJyjC3-wKsFfHvHRwLFF9q2ie3tDbeakOhyaY4v83PKeW6IcjowO8kVD8ORpBbSUx2UVqcCKMqAN7FeSU_dbo9Lcgw2-yndG2,,https://www.instagram.com/holycity.amsterdam/,,"109 Followers, 9 Following, 15 Posts - See Instagram photos and videos from Holy City Amsterdam | Free Walking Tours #wonderfulamsterdam (@holycity.amsterdam)",109,Amsterdam,Instagram
stadswandeling.amsterdam,,https://l.instagram.com/?u=https%3A%2F%2Fwww.matthijshoogenboom.nl%2Finstagram%3Futm_source%3Dig%26utm_medium%3Dsocial%26utm_content%3Dlink_in_bio%26fbclid%3DPAZXh0bgNhZW0CMTEAc3J0YwZhcHBfaWQPOTM2NjE5NzQzMzkyNDU5AAGnpTf9KJsDlIeJMjjTPxVSKTp5zcUvo3-zINF-otJCXj5oMnlTCak9iDemLpM_aem_oxjuF8Ya7njFSZnGTFv3dw&e=AUBI680q8Kkwwh9ex0fJIHaYyPm7ds5TsGlOjhvu5kqyxrTAOIeSH_LqbEdq3NMnmyYFXwKBRKqeQ06QgEk6ZgEB8KknzpI4jT3PUYmZ6_7HMOxJlSMLO1lelGgHtvajNk3R_T-ZQf7N7xjSLrbz-hWmxmzM,,https://www.instagram.com/stadswandeling.amsterdam/,,"620 Followers, 347 Following, 49 Posts - See Instagram photos and videos from Stadsgids in Amsterdam (@stadswandeling.amsterdam)",621,Amsterdam,Instagram
stadswandeling.amsterdam.1ve1,,,,https://www.instagram.com/stadswandeling.amsterdam.1ve1/,,"20 Followers, 12 Following, 20 Posts - See Instagram photos and videos from Stadwandeling Amsterdam (@stadswandeling.amsterdam.1ve1)",20,Amsterdam,Instagram
stadswandeling020amsterdam,,https://l.instagram.com/?u=https%3A%2F%2Fhorecatour.myshopify.com%2F%3Futm_source%3Dig%26utm_medium%3Dsocial%26utm_content%3Dlink_in_bio%26fbclid%3DPAZXh0bgNhZW0CMTEAc3J0YwZhcHBfaWQPOTM2NjE5NzQzMzkyNDU5AAGnm5piExXM0GX0TvGYtx0453inR7V5VgInKt2broePzNuw0jVA2L4516z2tMM_aem_K86OOv7rAVLI-PTttqxH3Q&e=AUAhuAKIOOTr1mo-HuiFt6ONcpt1klHIfOcbSLsDc4Ulwgz3p5OotFgONQnXxruNh00fB6UJDUQDGzVUciG8f0bJ8Gdjm_vtHMiuuVXEzbOhrPp6CmSkPK2PPadaa5vP62xEtTmJ1Tz8gzNC4JsipKthcNCZ,,https://www.instagram.com/stadswandeling020amsterdam/,,"320 Followers, 1,072 Following, 9 Posts - See Instagram photos and videos from Corona Horeca Tour Tickets (@stadswandeling020amsterdam)",320,Amsterdam,Instagram
rondleiding.amsterdam.ijburg,,https://l.instagram.com/?u=https%3A%2F%2Fwww.nielsnannes.nl%2Frondleidingen%2Famsterdam-ijburg%2F%3Futm_source%3Dig%26utm_medium%3Dsocial%26utm_content%3Dlink_in_bio%26fbclid%3DPAZXh0bgNhZW0CMTEAc3J0YwZhcHBfaWQPOTM2NjE5NzQzMzkyNDU5AAGnq0oJ1tAxamUODRhUoe9zVm4BdoVu-wFJLwn7bcyoqVpwUt_Ai3IZBd_hWCM_aem_P3q7wbSPyKw_wH5f0AdCDw&e=AUD5GGK8U-TqsuMGUqSXGktMo021qIilpJvV0zuECSU6hhScg1_9dsckn7k8sWZ92CuU6sc5zusWg2F-CKaMt3BpZ2RISXcEWwKXkiZN5V0gNPpGkzkync5zsxWxKshKU0XI_9uJFJsEBHNlmsPhEPollgnK,,https://www.instagram.com/rondleiding.amsterdam.ijburg/,,"110 Followers, 143 Following, 175 Posts - See Instagram photos and videos from Niels Nannes Art (@rondleiding.amsterdam.ijburg)",110,Amsterdam,Instagram
tm_inhollandamsterdam,,https://l.instagram.com/?u=https%3A%2F%2Fwww.inholland.nl%2Fopleidingen%2Ftourism-management-voltijd%2F%3Futm_source%3Dig%26utm_medium%3Dsocial%26utm_content%3Dlink_in_bio%26fbclid%3DPAZXh0bgNhZW0CMTEAc3J0YwZhcHBfaWQPOTM2NjE5NzQzMzkyNDU5AAGnf04-CfsjiTUTUYKysImluPi2d2RUdNMmV7TJC1XSJe1AyCyvBQCmYQi3jKQ_aem_27RYsoqq14JsCSt70MKf2Q%26utm_id%3D97760_v0_s00_e0_tv3&e=AUDlli4gaUqnd4Srq6FakMOm_eVJ7P6GHvIQl8fL339T495iecsU5W0O5xsbtfmc3iO2gRG0qRKnWdYBQf64KiQtDxAzxeimUNXG9APxa3saHt26RuV8FWRq4OQ0_db-bz573o7fIBQtoonFzi6_Hxz6rgV2,,https://www.instagram.com/tm_inhollandamsterdam/,,"780 Followers, 779 Following, 291 Posts - See Instagram photos and videos from Tourism Management Amsterdam (@tm_inhollandamsterdam)",781,Amsterdam,Instagram
tourismamsterdam,,,,https://www.instagram.com/tourismamsterdam/,,"29 Followers, 1 Following, 0 Posts - See Instagram photos and videos from Amsterdam Tourism (@tourismamsterdam)",29,Amsterdam,Instagram
tourismgames,,,,https://www.instagram.com/tourismgames/,,"25 Followers, 28 Following, 7 Posts - See Instagram photos and videos from Tourism Games Amsterdam (@tourismgames)",25,Amsterdam,Instagram
inbalturshalom,,,,https://www.instagram.com/inbalturshalom/,,"659 Followers, 259 Following, 441 Posts - See Instagram photos and videos from Amsterdam Tourism 👣 & Photography  📷 (@inbalturshalom)",659,Amsterdam,Instagram
amsterdamlife22,,,,https://www.instagram.com/amsterdamlife22/,,"4 Followers, 3 Following, 20 Posts - See Instagram photos and videos from D&E Amsterdam Tourism🇳🇱 (@amsterdamlife22)",4,Amsterdam,Instagram
freewalkingtourrotterdam,,https://l.instagram.com/?u=https%3A%2F%2Ffreewalkingtourrotterdam.com%2F%3Futm_source%3Dig%26utm_medium%3Dsocial%26utm_content%3Dlink_in_bio%26fbclid%3DPAZXh0bgNhZW0CMTEAc3J0YwZhcHBfaWQPOTM2NjE5NzQzMzkyNDU5AAGn6tQA4sWSpJVoV_d3wkoaCvl_meSgzlPzyWayz1pYYD6Q4jiQ43CwhPabaTA_aem_xs3gxIJuhiXNkT2JruYgYA&e=AUCXjsZee4o33bKZm_f2_WMk2VncewYTI_AU_SBdsUPh8Unp7I5sUoxK3EsKRpRg0xP-vhx2Qj8TcfEYlVGzszMpTWA7HDc_MY196JVAzt46c-jBpAjKrIn2vOXCEDPI5qYRndaAMXHNs1O-AuSBEmmxg9GQ,,https://www.instagram.com/freewalkingtourrotterdam/,,"512 Followers, 354 Following, 140 Posts - See Instagram photos and videos from Free Walking Tour Rotterdam 🇳🇱 (@freewalkingtourrotterdam)",512,Rotterdam,Instagram
inside_rotterdam,,,,https://www.instagram.com/inside_rotterdam/,,"1,792 Followers, 782 Following, 588 Posts - See Instagram photos and videos from Inside Rotterdam - Bike Tours | Food Tours | Walking Tours (@inside_rotterdam)",1792,Rotterdam,Instagram
walkwithme_rotterdam,,,,https://www.instagram.com/walkwithme_rotterdam/,,"4 Followers, 5 Following, 1 Posts - See Instagram photos and videos from Free walking tours in Rotterdam (@walkwithme_rotterdam)",4,Rotterdam,Instagram
friendforadayroffa,,,,https://www.instagram.com/friendforadayroffa/,,"0 Followers, 0 Following, 0 Posts - See Instagram photos and videos from Rotterdam Free Walking Tours✨ (@friendforadayroffa)",0,Rotterdam,Instagram
foodtour010,,https://l.instagram.com/?u=https%3A%2F%2Fsites.google.com%2Fview%2Ffoodtour010%2Fhome%3Futm_source%3Dig%26utm_medium%3Dsocial%26utm_content%3Dlink_in_bio%26fbclid%3DPAZXh0bgNhZW0CMTEAc3J0YwZhcHBfaWQPOTM2NjE5NzQzMzkyNDU5AAGnHR0OSCfdn_1Ss8eiIrkrhZ-WaELxIYx0JSvov7KxuSVVsoeKcd4XEfmvksc_aem_kw1-NaIbB6sYoIEpfREy4w&e=AUAevrW0oBUZqQgrfKGJZKzDBEuGFur0haPkt8EG42pjzdWtFfp3zvYBUP1kN7CD2kW9nCiWOJOxZ3EJmeD_-5Nf_6SoWeZpn0mHnBMjrlQSeiyuV1v2VUCsetOTGK2oFsuM9pbrB_b4-5p5T2o3bUduz6v4,,https://www.instagram.com/foodtour010/,,"69 Followers, 107 Following, 3 Posts - See Instagram photos and videos from Foodtour Rotterdam (@foodtour010)",69,Rotterdam,Instagram
veganfoodtourrotterdam,,,,https://www.instagram.com/veganfoodtourrotterdam/,,"0 Followers, 1 Following, 0 Posts - See Instagram photos and videos from  (@veganfoodtourrotterdam)",0,Rotterdam,Instagram
foodtourrotterdamm,,,,https://www.instagram.com/foodtourrotterdamm/,,"0 Followers, 0 Following, 0 Posts - See Instagram photos and videos from Foodtourrotterdamm (@foodtourrotterdamm)",0,Rotterdam,Instagram
veganfoodtour.rotterdam,,,,https://www.instagram.com/veganfoodtour.rotterdam/,,"0 Followers, 0 Following, 0 Posts - See Instagram photos and videos from  (@veganfoodtour.rotterdam)",0,Rotterdam,Instagram
duckandyou.tours,,https://l.instagram.com/?u=https%3A%2F%2Fduckandyou.tours%2F%3Futm_source%3Dig%26utm_medium%3Dsocial%26utm_content%3Dlink_in_bio%26fbclid%3DPAZXh0bgNhZW0CMTEAc3J0YwZhcHBfaWQPOTM2NjE5NzQzMzkyNDU5AAGnwqYezIObKxX7t1NaJycdotsU56I8N0lAwMQ-eD55olG67jyfX6U7_11CML0_aem_hWiJmmPgHymOxmU8IOG8eA&e=AUDIgs3ci0Vrn-kc_fx4zpL5fxfsaKu7lB-wwGBBS_TUiHdkWSTYLU44CQfoaZsidWJ0IJ_l23LRAfvoQXxdMBzlM87nmkO_7LTdzCRDgBADKiAUY3oPBbadmYuhl9lFt2x_IiRA2BjM3NLrk8ktUwYVw0-3,,https://www.instagram.com/duckandyou.tours/,,"105 Followers, 1 Following, 21 Posts - See Instagram photos and videos from Rotterdam City Tours | Events (@duckandyou.tours)",105,Rotterdam,Instagram
rotterdamcitytour,,https://l.instagram.com/?u=https%3A%2F%2Fwww.mentimeter.com%2Fs%2F797d5a07c10b9086be930b0c47a2a172%2F1140c139ab07%3Futm_source%3Dig%26utm_medium%3Dsocial%26utm_content%3Dlink_in_bio%26fbclid%3DPAZXh0bgNhZW0CMTEAc3J0YwZhcHBfaWQPOTM2NjE5NzQzMzkyNDU5AAGnWNz65L7nlSDBzWAyX2ldyo5ykb84JShckJEvm51-FjR5UKQI532wDcojsTI_aem_Z9wz_ZqPGqCNwfbQGrlFQg&e=AUAxxBz6vxsZh_zMlsz4mvzgXSCJ2vIU2tCuo0Z2g8Pwz6VR_fGmaid8-485yxQUe94KIf8EFrF_Gv21xZqHDsztaqnb7_CgpXvg8Ol3ayq2mUjhLEhLKSbQF4DmALdZcROYAKeVCHkIeseaIeCjDr9URgTA,,https://www.instagram.com/rotterdamcitytour/,,"11 Followers, 2 Following, 24 Posts - See Instagram photos and videos from RotterdamCityTour (@rotterdamcitytour)",11,Rotterdam,Instagram
city.tourrotterdam,,,,https://www.instagram.com/city.tourrotterdam/,,"0 Followers, 0 Following, 10 Posts - See Instagram photos and videos from  (@city.tourrotterdam)",0,Rotterdam,Instagram
rotterdamtourmelikealocal,,https://l.instagram.com/?u=http%3A%2F%2Fwww.anne-marieros.nl%2F%3Futm_source%3Dig%26utm_medium%3Dsocial%26utm_content%3Dlink_in_bio%26fbclid%3DPAZXh0bgNhZW0CMTEAc3J0YwZhcHBfaWQPOTM2NjE5NzQzMzkyNDU5AAGnzNx5ke6CgtDzObUzDn47821Ogb29ZB-9rfLGcUeAKIIKuXe-kHsV40ebmfU_aem_1wL5Uz6N91HQ9lYPaxXnoA&e=AUAJF-ZqqFBpYJCNHFo_GdCaxTrAlZKqADmZ_zR-VJVSLHj_ofMuYcysxNPMzkyJI9eeT9hCOlJPjqJnFGjw44n4VFVyILzdJc0fbQ73FjaOIY-5QlnnJfxt0RflQRAESvWyWTY88V022wMtwLeIXzC3rLea,,https://www.instagram.com/rotterdamtourmelikealocal/,,"18 Followers, 0 Following, 0 Posts - See Instagram photos and videos from Art-City-Private Tours in 010 (@rotterdamtourmelikealocal)",18,Rotterdam,Instagram
cityrotterdamtours,,https://l.instagram.com/?u=https%3A%2F%2Fcityrotterdamtours.com%2F%3Futm_source%3Dig%26utm_medium%3Dsocial%26utm_content%3Dlink_in_bio%26fbclid%3DPAZXh0bgNhZW0CMTEAc3J0YwZhcHBfaWQPOTM2NjE5NzQzMzkyNDU5AAGnkF3veWpvTwuAB2mPvMzXCKoCM1FJAG1513DcCQDN8w7DDTjJd4vWDBLjejU_aem_O327MNKEs7DAe3n1rGslUQ&e=AUDcAWHwjWLUNLyXgBl98HkVFxl0X69_L_wNpBjs7oRqSocuTCklLuYIV2Aswic4a_12Tr9BnLoPuydKr5bQAAgFfSnMqlrF0jtK4SKizLUSWg3sYWJ0-Ux_E72CNIlnVXmW3wspJDwc_iaX95weUijGAoh_,,https://www.instagram.com/cityrotterdamtours/,,"228 Followers, 214 Following, 6 Posts - See Instagram photos and videos from City Rotterdam Tours (@cityrotterdamtours)",228,Rotterdam,Instagram
tourismrotterdam,,https://l.instagram.com/?u=http%3A%2F%2Ftourismrotterdam.com%2F%3Futm_source%3Dig%26utm_medium%3Dsocial%26utm_content%3Dlink_in_bio%26fbclid%3DPAZXh0bgNhZW0CMTEAc3J0YwZhcHBfaWQPOTM2NjE5NzQzMzkyNDU5AAGnsffvZSUakdR4Vou2qe28Gk4U5yqXiMmRDQKlmNIXLh-fL_YotCdNONEGOy0_aem_-aHx18jUTIT-kzFBfeYjog&e=AUDi-A_RXsqhF8vZiSvnpQ-ockkMwZdzfTHF2JXB2yivgf66G5PpXwn4bH0AgUUip8wCd2Z3to581COVn42jcBHzt7KjI2vb1R_ullzoWCJIb-Lb-CJVMV17NiFg1ddztWjR2PnXcbK-XkBgTxyOKjVuVQ07,,https://www.instagram.com/tourismrotterdam/,,"22 Followers, 12 Following, 5 Posts - See Instagram photos and videos from Tourism Rotterdam (@tourismrotterdam)",22,Rotterdam,Instagram
tm_inhollandrotterdam,,,,https://www.instagram.com/tm_inhollandrotterdam/,,"520 Followers, 182 Following, 232 Posts - See Instagram photos and videos from Tourism Management Rotterdam (@tm_inhollandrotterdam)",520,Rotterdam,Instagram
tourismlabrotterdam,,,,https://www.instagram.com/tourismlabrotterdam/,,"293 Followers, 279 Following, 251 Posts - See Instagram photos and videos from Tourism Lab Rotterdam (@tourismlabrotterdam)",293,Rotterdam,Instagram
ultlabrotterdam,,,,https://www.instagram.com/ultlabrotterdam/,,"3 Followers, 4 Following, 2 Posts - See Instagram photos and videos from Tourism Lab Rotterdam (@ultlabrotterdam)",3,Rotterdam,Instagram
tuncatourism,,,,https://www.instagram.com/tuncatourism/,,"45 Followers, 304 Following, 17 Posts - See Instagram photos and videos from Rotterdam Schiedam Tourism (@tuncatourism)",45,Rotterdam,Instagram
foodtour_denhaag,,,,https://www.instagram.com/foodtour_denhaag/,,"0 Followers, 0 Following, 0 Posts - See Instagram photos and videos from  (@foodtour_denhaag)",0,Den Haag,Instagram
rondleidingdenhaag,,https://l.instagram.com/?u=http%3A%2F%2Frondleidingdenhaag.nl%2F%3Futm_source%3Dig%26utm_medium%3Dsocial%26utm_content%3Dlink_in_bio%26fbclid%3DPAZXh0bgNhZW0CMTEAc3J0YwZhcHBfaWQPOTM2NjE5NzQzMzkyNDU5AAGns63PSxKz_2RJokPwpcasTCEeYsAldOxxcsYYKSjlCArQnstDfXtEpbScj7A_aem_AWZrZV8_Y_djZqo4Un2yvg&e=AUBRsgYV06iJ6b87oXRe6t-yiPwq1lv2TemrSX9vDqYuGFSky805emBnij-bRGI_4SGduItLR4Cd9QB0CuMje8smxtNO0aw-r_3hUfBUqDWeePkAj8adsi2MP-IiqsQeFg9yK6Lmf8guC1FN-xZkbDOWI0vK,,https://www.instagram.com/rondleidingdenhaag/,,"214 Followers, 86 Following, 16 Posts - See Instagram photos and videos from Rondleiding Den Haag (@rondleidingdenhaag)",214,Den Haag,Instagram
thehaguetourism,,https://l.instagram.com/?u=https%3A%2F%2Fwww.facebook.com%2Fonedaythehague%3Futm_source%3Dig%26utm_medium%3Dsocial%26utm_content%3Dlink_in_bio&e=AUB-_cH7gB7S1a_Z7ErtXPp9dkn_C4dHicNzn2Ft2oql3AN9PEjmarov2uTR4L_CYvBnTDdW-SIW4oYt6zMgvrC9OtAcyFkhz6WLveEBd4Xl2-DDfJ99Bs_7M4JXu78RbN7nCHs6MUz8D-uINIupTGgdYGdI,,https://www.instagram.com/thehaguetourism/,,"1,676 Followers, 239 Following, 54 Posts - See Instagram photos and videos from Den Haag (@thehaguetourism)",1676,Den Haag,Instagram
amsterdam_tour_guide,,,,https://www.instagram.com/amsterdam_tour_guide/,,"4,336 Followers, 8 Following, 11 Posts - See Instagram photos and videos from Amsterdam tour guide (@amsterdam_tour_guide)",4338,Amsterdam,Instagram
amsterdam.motor.tour,,https://l.instagram.com/?u=http%3A%2F%2Famsterdammotortour.com%2F%3Futm_source%3Dig%26utm_medium%3Dsocial%26utm_content%3Dlink_in_bio%26fbclid%3DPAZXh0bgNhZW0CMTEAc3J0YwZhcHBfaWQPOTM2NjE5NzQzMzkyNDU5AAGnip1GK6c6u3dn-l4BZKVJufX9gpLOlHbKr-hzrTwBleSKKSUL7M4o-yPFU0Y_aem_All4eWYPtw3d1KA6FHwdJw&e=AUBkgcLY8YsZXg1ZxVNzIgwOAZw-kJ8SfjVOEiFCK30PCtfHGEo94fNullevvV2BI6udOVpmkHMUi7RZtVF8ktvsG_N1Y-gKz1_UEUMpUu-h9-r9ivv_QOX0bnj0UlKtbQ6I0H_FOx26Tkq7ZU8f9DtVF5wp,,https://www.instagram.com/amsterdam.motor.tour/,,"3,100 Followers, 378 Following, 113 Posts - See Instagram photos and videos from Greg | Amsterdam Tour Guide 🌷 (@amsterdam.motor.tour)",3099,Amsterdam,Instagram
tourguideamsterdam,,https://l.instagram.com/?u=https%3A%2F%2Ftourguide.amsterdam%2F%3Futm_source%3Dig%26utm_medium%3Dsocial%26utm_content%3Dlink_in_bio%26fbclid%3DPAZXh0bgNhZW0CMTEAc3J0YwZhcHBfaWQPOTM2NjE5NzQzMzkyNDU5AAGnFTAi5gMEQ7Mb9DcJpf9Pr3GTMhAYuNewllIWq6ECpUIwFUfcABSKS9fEPyQ_aem_OqaNN9CektSx-WlyjEIIdg&e=AUAjcIRklfA3gGu4UZ2-6KVqm-iaWVbtXY2_FCsVesq5MTvdjLfu4FPs8xCP4YKs_qJhlpKcUAqQd7TA5ts00TjcsKgztQVhvXFzG6o2v9zFUrLVTjPR1zp3uvzEZBjoWaD7vZX682mS22f4hNYetPU72v2a,,https://www.instagram.com/tourguideamsterdam/,,"6 Followers, 3 Following, 0 Posts - See Instagram photos and videos from Tour Guide Amsterdam (@tourguideamsterdam)",6,Amsterdam,Instagram
toerie.official,,https://l.instagram.com/?u=http%3A%2F%2Fwww.toerie.com%2F%3Futm_source%3Dig%26utm_medium%3Dsocial%26utm_content%3Dlink_in_bio%26fbclid%3DPAZXh0bgNhZW0CMTEAc3J0YwZhcHBfaWQPOTM2NjE5NzQzMzkyNDU5AAGnH9JJCZNDMlXwUdBrin4fiMzIOQKNoozxRpAA5jyaFVdGlrsmC7o8Fo5nL68_aem_iPlvtVw0RS9J1X_sBd9Emg&e=AUCAHajBOhu60wH4PpGM6b8JZxxa4YU6chIG-hbMnPLZGyGWv44QdqNXmgqHBVTOoqUp0XP4gWA7cErG2upxrLc-KCI7AwiR385htBhr9gwy9y3fj8x_SOssGMaCUYbIwLNnxK7kPnp85IXDOHgLy6PXUPId,,https://www.instagram.com/toerie.official/,,"218 Followers, 74 Following, 77 Posts - See Instagram photos and videos from Amsterdam | Tour guide | Hidden gems (@toerie.official)",218,Amsterdam,Instagram
amsterdam_food_tales,,https://l.instagram.com/?u=https%3A%2F%2Fwww.keyguidesconnect.com%2Fguides%2Fdina-k-roussou%3Futm_source%3Dig%26utm_medium%3Dsocial%26utm_content%3Dlink_in_bio%26fbclid%3DPAZXh0bgNhZW0CMTEAc3J0YwZhcHBfaWQPOTM2NjE5NzQzMzkyNDU5AAGn3HJNSGPnfm5QJae87NlIIDIoQtWjzz3oDnoGjxRBPFqBOYFB8MmMjaLpWxY_aem_10BaDExhMxmS-whVSp5QOg&e=AUC3E2xOqdUbfV4IKB2-qlhgLsm5Se7UjB7sb4ZsayrZvg_ubbO_Mzjd2QFzSJ-1d3aYrDvqjhaH5AoU--cAv_PiPJIAXuC6QNyjbbyD_mo-7w2wi9Wavz1XdA25cVvwbPUEtJU4pjem8AJTdBub0WFHCCnE,,https://www.instagram.com/amsterdam_food_tales/,,"441 Followers, 1,464 Following, 142 Posts - See Instagram photos and videos from Private tour guide (@amsterdam_food_tales)",441,Amsterdam,Instagram
rotterdamadventur,,https://l.instagram.com/?u=https%3A%2F%2Fm.youtube.com%2Fchannel%2FUCtQh-s1e6LgkSAE43aZXEuQ%3Ffbclid%3DPAZXh0bgNhZW0CMTEAc3J0YwZhcHBfaWQPOTM2NjE5NzQzMzkyNDU5AAGnrSdB-qIQRHkAqxQ7sP8jJzdCe2HjQXS76_3EHhNhivQdKrS7pic4GDvXwXQ_aem_caaMd_4Me8AOSCiFThuKeA&e=AUC-HQJdxAHVz4yrXei-C-Ys5_1RUBYUNAVSoOVCeuF04_XHW0YkDgZI03uE2MutYrySdjDTIuDld1lNQU1jkXFKSHZv80_VMvhNzO9ggABs2EfZ5zoTxZ4Q0307tDf8_fsI3DfcQH5HqgSQMsxn4L91hVMs,,https://www.instagram.com/rotterdamadventur/,,"174 Followers, 136 Following, 46 Posts - See Instagram photos and videos from Travel,Guide&Tour (@rotterdamadventur)",174,Rotterdam,Instagram
jadwaltrip.rotterdamadv,,,,https://www.instagram.com/jadwaltrip.rotterdamadv/,,"393 Followers, 94 Following, 4 Posts - See Instagram photos and videos from Travel, Guide & Tour (@jadwaltrip.rotterdamadv)",393,Rotterdam,Instagram
tourguiderotterdam,,,,https://www.instagram.com/tourguiderotterdam/,,"0 Followers, 0 Following, 0 Posts - See Instagram photos and videos from Tourguide Rotterdam (@tourguiderotterdam)",0,Rotterdam,Instagram
privatetourguiderotterdam,,https://l.instagram.com/?u=http%3A%2F%2Fwww.privatetourguiderotterdam.com%2F%3Futm_source%3Dig%26utm_medium%3Dsocial%26utm_content%3Dlink_in_bio%26fbclid%3DPAZXh0bgNhZW0CMTEAc3J0YwZhcHBfaWQPOTM2NjE5NzQzMzkyNDU5AAGnemvfyrHdmee4O2cPW3dH5m9lxwmnZdfSgWtGVWa3FtCiH22uGxX0R9iSHFQ_aem_sVE6lIxKrnZ_y6YEjNQVcg&e=AUAVj8TiEMGcTxYaZwXqLypCpUp7GTtNB4qM9BV-pXnwpYBwKpL14aLmoqe5IKEY5fiSycWL79Dkj766CFRxQC_taFZ3BX4Y1NiwCJVccXdCDyuklgjAF0TKvn8TOvTQmko3u23t1euipNlDqLwuWNbU9_hn,,https://www.instagram.com/privatetourguiderotterdam/,,"42 Followers, 47 Following, 13 Posts - See Instagram photos and videos from Privatetourguiderotterdam (@privatetourguiderotterdam)",42,Rotterdam,Instagram
amsterdamer_reisgids,,,,https://www.instagram.com/amsterdamer_reisgids/,,"0 Followers, 0 Following, 0 Posts - See Instagram photos and videos from Tolga Aydin (@amsterdamer_reisgids)",0,Amsterdam,Instagram
