username,url,bio,website,email,followers,query
jewellys_online,https://www.instagram.com/jewellys_online/,"📍 NEDERLAND, PURMEREND  💁🏻‍♀️ @lysannepaulus ✉️ Bestellen via DM",N/A,None found,10218,influencer Purmerend
chefs_life36,https://www.instagram.com/chefs_life36/,Daily inspiration.From chefs of the 🌍  To get select.Tag us:@chefs_life36 or #chef36 📩 for collaboration,N/A,None found,73962,thuiskok Amersfoort
soenil_bahadoer,https://www.instagram.com/soenil_bahadoer/,⭐️⭐️ @michelinguide   Jury Masterchef NL  SVH Meesterkok Chef Of The Year 2020/21 18|20 @gaultmillaunederland  @thebestchefawards,https://linktr.ee/restaurantGEM_by_Soenil,None found,201598,chef aan huis Amersfoort
neolokal,https://www.instagram.com/neolokal/,"Toprak Ana’dan ilham, geleneklerimizden örnek alınarak tasarlandı Designed by inspirations from Mother Earth and our traditions 📷: @serendal @canxmete",http://www.neolokal.com,None found,91704,chef aan huis Amersfoort
thijmenschoorl,https://www.instagram.com/thijmenschoorl/,,N/A,None found,250000,kookworkshop Bergen op Zoom
atelieart_,https://www.instagram.com/atelieart_/,,https://about.meta.com/,None found,12900,kookworkshop Bergen op Zoom
mynoormallife,https://www.instagram.com/mynoormallife/,,N/A,None found,43300,kookworkshop Bergen op Zoom
oos_kesbeke,https://www.instagram.com/oos_kesbeke/,,https://about.meta.com/,None found,73100,kookworkshop Bergen op Zoom
mandywoelkens,https://www.instagram.com/mandywoelkens/,,https://www.boekhandelbroekhuis.nl/nl/boek?authortitle=mandy-woelkens%2Fwelkom-bij-de-club--9789048877096&utm_source=ig&utm_medium=social&utm_content=link_in_bio&fbclid=PAZXh0bgNhZW0CMTEAc3J0YwZhcHBfaWQPOTM2NjE5NzQzMzkyNDU5AAGnvj74bRL7wCrnS8YHKvJd2vIDDgn7YplZEirgujMMk3b5vqEGtdf_qpa4TuA_aem_guSico7m7lp5-DOXJvW87g,None found,29100,kok aan huis Harderwijk
thepastelsuitcase,https://www.instagram.com/thepastelsuitcase/,,https://about.meta.com/,None found,12800,kok aan huis Breda
thephilipschef,https://www.instagram.com/thephilipschef/,,https://about.meta.com/,None found,15700,kookworkshop Breda
group_of_chefs_,https://www.instagram.com/group_of_chefs_/,,https://t.me/group_of_chefs?utm_source=ig&utm_medium=social&utm_content=link_in_bio&fbclid=PAZXh0bgNhZW0CMTEAc3J0YwZhcHBfaWQPOTM2NjE5NzQzMzkyNDU5AAGnHIr6z2AFgYf1OR8yL7hfnka6tjJ7vpYxXG8X2Hy0CHrsGcnPyLGD5wTuvco_aem_-hkaSDNz1spOYvFJjh27qw,None found,42600,catering aan huis Lelystad
xclusividadess,https://www.instagram.com/xclusividadess/,,https://www.amazon.com/shop/xclusividadess?ref=inf_own_xclusividadess&utm_source=ig&utm_medium=social&utm_content=link_in_bio&fbclid=PAZXh0bgNhZW0CMTEAc3J0YwZhcHBfaWQPOTM2NjE5NzQzMzkyNDU5AAGnFpsRaNxhLXPOg7C_eTayFJxKexUksE98xO3PWhVHsmIUUq1J949Met8NoWE_aem_a8ssldjaI_PU0dCjPEmyuw,None found,21100,catering aan huis Lelystad
lets.cookandbakewithhunadi,https://www.instagram.com/lets.cookandbakewithhunadi/,,https://about.meta.com/,None found,64000,catering aan huis Lelystad
suzanin_minik_mutfagi,https://www.instagram.com/suzanin_minik_mutfagi/,,N/A,None found,32400,catering aan huis Lelystad
mistiktatlar,https://www.instagram.com/mistiktatlar/,,https://icloud.com/?utm_source=ig&utm_medium=social&utm_content=link_in_bio&fbclid=PAZXh0bgNhZW0CMTEAc3J0YwZhcHBfaWQPOTM2NjE5NzQzMzkyNDU5AAGnKxY3okmqiXw2jHDR9z3FZsc_0DGniVt8I3vOAHXDmPenk-nhRaW8Ew25AT8_aem_sSFbeFxHCnnN4l7sGoIOcg,None found,47400,catering aan huis Lelystad
hejhejvardag,https://www.instagram.com/hejhejvardag/,,https://open.spotify.com/show/6QdRUytUTd7OlFQL05LfLs?si=OPH5Hh89SCeg1CJNAvK9bQ&utm_source=ig&utm_medium=social&utm_content=link_in_bio&fbclid=PAZXh0bgNhZW0CMTEAc3J0YwZhcHBfaWQPOTM2NjE5NzQzMzkyNDU5AAGnB16IU8keM6f06M0mKxe8xfymmb8-_N8RD7fAKP5bddEU9GHApVnCosP18cw_aem_oMaSKOlQwfU5bVLdn_zPkg,None found,189000,kok aan huis Delft
daphnekarolinax,https://www.instagram.com/daphnekarolinax/,,N/A,None found,122000,kok aan huis Delft
thehome.and.thekid,https://www.instagram.com/thehome.and.thekid/,,N/A,None found,50600,kok aan huis Enschede
thuisbijthira,https://www.instagram.com/thuisbijthira/,,N/A,None found,10300,kok aan huis Enschede
mirandamaakt,https://www.instagram.com/mirandamaakt/,,https://www.meta.ai/?utm_source=foa_web_footer,None found,18800,kok aan huis Enschede
laloetje_,https://www.instagram.com/laloetje_/,,N/A,None found,10600,kok aan huis Enschede
johannespeetsma,https://www.instagram.com/johannespeetsma/,,N/A,None found,18100,kok aan huis Enschede
chef_lover123_,https://www.instagram.com/chef_lover123_/,,https://www.meta.ai/?utm_source=foa_web_footer,None found,24600,chef aan huis Groningen
carnivalbuzz,https://www.instagram.com/carnivalbuzz/,,https://t.me/cbjoi?utm_source=ig&utm_medium=social&utm_content=link_in_bio&fbclid=PAZXh0bgNhZW0CMTEAc3J0YwZhcHBfaWQPOTM2NjE5NzQzMzkyNDU5AAGn9QU0cM-2orxLg479e4aUKXZLkiOSrAMM3UNLjgW7wlBQLaI-pWzg43LbVik_aem_Q2g8j0mPT8PbK3kVWb-GZg,None found,126000,chef aan huis Groningen
im_vishnu_prasad,https://www.instagram.com/im_vishnu_prasad/,,https://www.meta.ai/?utm_source=foa_web_footer,None found,14900,chef aan huis Groningen
gastronomiacentroeuropeu,https://www.instagram.com/gastronomiacentroeuropeu/,,https://www.meta.ai/?utm_source=foa_web_footer,None found,83900,chef aan huis Groningen
sikkom050,https://www.instagram.com/sikkom050/,,https://lnk.bio/sikkom050?utm_source=ig&utm_medium=social&utm_content=link_in_bio&fbclid=PAZXh0bgNhZW0CMTEAc3J0YwZhcHBfaWQPOTM2NjE5NzQzMzkyNDU5AAGnU0te2Rev-nOtcFckVoviGBfqHYan2LwTihflT-wEzRMHgl6qsqtKfnblywM_aem_MIUoqDghP_ua4c8Zz1gnBQ,None found,109000,chef aan huis Groningen
moesalleh,https://www.instagram.com/moesalleh/,,https://www.paypal.me/MohamedSaleh914?utm_source=ig&utm_medium=social&utm_content=link_in_bio&fbclid=PAZXh0bgNhZW0CMTEAc3J0YwZhcHBfaWQPOTM2NjE5NzQzMzkyNDU5AAGnBBBQ8K08CT3rSwRMnINmUfXnwTpkew6xV7Kj8T3ySClc4DKEMjjmggyillU_aem_LlEgTE3HybnCuM6h-tTmXw,None found,38200,chef aan huis Almere
brodfabrikenijonsered,https://www.instagram.com/brodfabrikenijonsered/,,N/A,None found,20100,kookworkshop Den Bosch
saraheggar,https://www.instagram.com/saraheggar/,,https://www.meta.ai/?utm_source=foa_web_footer,None found,10700,kok aan huis Leiden
bijannarnhem,https://www.instagram.com/bijannarnhem/,,https://www.meta.ai/?utm_source=foa_web_footer,None found,16300,thuiskok Arnhem
tkd_bandu_chhetrii,https://www.instagram.com/tkd_bandu_chhetrii/,,https://yt.openinapp.co/im9mb?utm_source=ig&utm_medium=social&utm_content=link_in_bio&fbclid=PAZXh0bgNhZW0CMTEAc3J0YwZhcHBfaWQPOTM2NjE5NzQzMzkyNDU5AAGn1-HxbKHD_-jK935sGXJ04QSoNGkkB_0d7LYhbuZL3uJaf6w0co_8MZU-bO8_aem_BghnEpaIz34c58XfKwZDiQ,None found,97500,chef aan huis Haarlem
ahmed_aboushabab,https://www.instagram.com/ahmed_aboushabab/,,N/A,None found,22800,chef aan huis Haarlem
chef_ismael_torres,https://www.instagram.com/chef_ismael_torres/,,https://www.meta.ai/?utm_source=foa_web_footer,None found,28200,chef aan huis Haarlem
thechefsisters._,https://www.instagram.com/thechefsisters._/,,https://www.meta.ai/?utm_source=foa_web_footer,None found,13200,chef aan huis Haarlem
mariska.oldenburg,https://www.instagram.com/mariska.oldenburg/,,https://www.meta.ai/?utm_source=foa_web_footer,None found,23300,kok aan huis Utrecht
roosvankroos,https://www.instagram.com/roosvankroos/,,https://www.meta.ai/?utm_source=foa_web_footer,None found,14100,kookworkshop Dordrecht
christophe_saintagne,https://www.instagram.com/christophe_saintagne/,,N/A,None found,22300,chef aan huis Dordrecht
elleeten,https://www.instagram.com/elleeten/,,https://abonnement.elle.nl/elle-table-specials/elle-table-2022?utm_source=ig&utm_medium=social&utm_content=link_in_bio&fbclid=PAZXh0bgNhZW0CMTEAc3J0YwZhcHBfaWQPOTM2NjE5NzQzMzkyNDU5AAGnZDJzj7PdOt-jcAJ-wmkojx-ci_YYswxYhFofrU_cv-9-t4BIghlnIcJs1gI_aem_9UmedDaLMGbrKSunWZzgXQ,None found,37500,kookworkshop Den Bosch
lev_vackert,https://www.instagram.com/lev_vackert/,,https://www.meta.ai/?utm_source=foa_web_footer,None found,148000,kookworkshop Den Bosch
droomtekoop,https://www.instagram.com/droomtekoop/,,https://www.meta.ai/?utm_source=foa_web_footer,None found,97300,kok aan huis Leiden
rijneker_rebels,https://www.instagram.com/rijneker_rebels/,,https://www.meta.ai/?utm_source=foa_web_footer,None found,13800,kok aan huis Leiden
cathrineboye,https://www.instagram.com/cathrineboye/,,N/A,None found,10400,kookworkshop Den Bosch
kev1_garcia,https://www.instagram.com/kev1_garcia/,,N/A,None found,12000,chef aan huis Zwolle
hgtuinmeubelen,https://www.instagram.com/hgtuinmeubelen/,,https://www.hgtuinmeubelen.nl/showroom-tuinmeubelen/?utm_source=ig&utm_medium=social&utm_content=link_in_bio&fbclid=PAZXh0bgNhZW0CMTEAc3J0YwZhcHBfaWQPOTM2NjE5NzQzMzkyNDU5AAGnXhMUwPI3GEzQKMIYiripRZ7wKJZTknT2JURLZOzsMjBjvE-rDgGQjzVyafI_aem_DKBg3z28Er3c6x9jgZSSAQ,None found,51600,kookworkshop Hilversum
hetsfeerhuisaanzee,https://www.instagram.com/hetsfeerhuisaanzee/,,http://www.hetsfeerhuisaanzee.nl/?utm_source=ig&utm_medium=social&utm_content=link_in_bio&fbclid=PAZXh0bgNhZW0CMTEAc3J0YwZhcHBfaWQPOTM2NjE5NzQzMzkyNDU5AAGntAFsGq1aSqHO3heIROWIKqmgiQiPvCgJSBgXcZh43mwO4p5iF0U7O0_ZlAk_aem_CzwrQHB15kdRvQumju7hNQ,None found,18500,kok aan huis Delft
aamandaemilias,https://www.instagram.com/aamandaemilias/,,N/A,None found,24100,kok aan huis Delft
vedumkokochbad,https://www.instagram.com/vedumkokochbad/,,https://www.meta.ai/?utm_source=foa_web_footer,None found,32500,kok aan huis Delft
huisje.aanhet.water,https://www.instagram.com/huisje.aanhet.water/,,N/A,None found,24100,kok aan huis Delft
flairbelgie,https://www.instagram.com/flairbelgie/,,https://www.meta.ai/?utm_source=foa_web_footer,None found,118000,kok aan huis Delft
puurproevers.nl,https://www.instagram.com/puurproevers.nl/,,#,None found,12500,kookworkshop Apeldoorn
twenteinsite,https://www.instagram.com/twenteinsite/,,https://twenteinsite.nl/linkinbio?utm_source=ig&utm_medium=social&utm_content=link_in_bio&fbclid=PAZXh0bgNhZW0CMTEAc3J0YwZhcHBfaWQPOTM2NjE5NzQzMzkyNDU5AAGntm-dDhxEPxrm5g5hl7-emOH11u-jUev8V7OvzC7mdecZr9RJF3QNqWSGwEs_aem_9GKtafy7gqHA3KY-VuEgpg,None found,34300,kookworkshop Enschede
socialdeal.nl,https://www.instagram.com/socialdeal.nl/,,#,None found,73400,kookworkshop Enschede
thewolfstailor,https://www.instagram.com/thewolfstailor/,,https://www.meta.ai/?utm_source=foa_web_footer,None found,25200,chef aan huis Haarlem
mark.o.brien,https://www.instagram.com/mark.o.brien/,,N/A,None found,11500,chef aan huis Haarlem
thestaffcanteenaustralia,https://www.instagram.com/thestaffcanteenaustralia/,,https://www.meta.ai/?utm_source=foa_web_footer,None found,46600,chef aan huis Haarlem
shootsandmore,https://www.instagram.com/shootsandmore/,,https://www.meta.ai/?utm_source=foa_web_footer,None found,10200,kookworkshop Haarlem
chefsimonefalsaperla,https://www.instagram.com/chefsimonefalsaperla/,,N/A,None found,12800,chef aan huis Amersfoort
steveparienti,https://www.instagram.com/steveparienti/,,https://www.paris-society.com/club/deflower/?utm_source=ig&utm_medium=social&utm_content=link_in_bio&fbclid=PAZXh0bgNhZW0CMTEAc3J0YwZhcHBfaWQPOTM2NjE5NzQzMzkyNDU5AAGn43R88WMEOkFtuCW5zjHV6sgXpaCRvAXQ_6x4vcRm_MLIIFluIKzpRs1CRU4_aem_lSrViVdPtTXZkkXbASW87A,None found,10300,chef aan huis Amersfoort
quatriememur_etchebest,https://www.instagram.com/quatriememur_etchebest/,,https://www.meta.ai/?utm_source=foa_web_footer,None found,70500,chef aan huis Amersfoort
mariettevantuyl,https://www.instagram.com/mariettevantuyl/,,http://www.zoetrecepten.nl/?utm_source=ig&utm_medium=social&utm_content=link_in_bio&fbclid=PAZXh0bgNhZW0CMTEAc3J0YwZhcHBfaWQPOTM2NjE5NzQzMzkyNDU5AAGnCbywm2mFstyM9Jch_N_AlgNLmbaAE6uKzQ6YhpwMTOptExa_QKGKROLdTbQ_aem_5EJik7DMfWYaZeRMmx0xEQ,None found,20800,kookworkshop Amersfoort
mamabotanica.amsterdam,https://www.instagram.com/mamabotanica.amsterdam/,,https://linkin.bio/mamabotanica-amsterdam?utm_source=ig&utm_medium=social&utm_content=link_in_bio&fbclid=PAZXh0bgNhZW0CMTEAc3J0YwZhcHBfaWQPOTM2NjE5NzQzMzkyNDU5AAGn4jTNzTgBVMFdTGP8rbVBNxCs7pzU5qaJfVMCeFKGkaZj_FJtDo5EqQ30FnQ_aem__pcdjAyfTOVKDYic1X7Jww,None found,87300,blogger Amsterdam
kimberleyklaver,https://www.instagram.com/kimberleyklaver/,,https://libris.nl/a/kimberley-klaver/eeuwige-jeugd/501606490%23paperback-9789400518551?utm_source=ig&utm_medium=social&utm_content=link_in_bio&fbclid=PAZXh0bgNhZW0CMTEAc3J0YwZhcHBfaWQPOTM2NjE5NzQzMzkyNDU5AAGn1ka6LMJb1BzJyUOi4AOOWuLIxhw-JSD7d2qLt74LHsoCbiRFxLWwkL7tXMQ_aem_O81QXIv8OgGD3JJ1dxOIcw,None found,45400,kok aan huis Harderwijk
vicksvde,https://www.instagram.com/vicksvde/,,N/A,None found,11000,kookworkshop Bergen op Zoom
kunsthal,https://www.instagram.com/kunsthal/,,https://linkin.bio/kunsthal?utm_source=ig&utm_medium=social&utm_content=link_in_bio&fbclid=PAZXh0bgNhZW0CMTEAc3J0YwZhcHBfaWQPOTM2NjE5NzQzMzkyNDU5AAGnclB7E3VJ2zwkdsrme5rhMN_wpTQKot_h4Ci5_lorBS0lMM9M4DSMQEj225I_aem_u0QzcoAF6o_VxFBKcF44vw,None found,108000,kookworkshop Bergen op Zoom
cookingandmore2,https://www.instagram.com/cookingandmore2/,,https://www.meta.ai/?utm_source=foa_web_footer,None found,132000,thuiskok Amsterdam
cookingandmoretwo,https://www.instagram.com/cookingandmoretwo/,,https://www.meta.ai/?utm_source=foa_web_footer,None found,35600,thuiskok Amsterdam
90minutespodcast,https://www.instagram.com/90minutespodcast/,,https://www.meta.ai/?utm_source=foa_web_footer,None found,24800,kok aan huis Rotterdam
bioaanhuis,https://www.instagram.com/bioaanhuis/,,https://t.mtrbio.com/bio-aan-huis?utm_source=ig&utm_medium=social&utm_content=link_in_bio&fbclid=PAZXh0bgNhZW0CMTEAc3J0YwZhcHBfaWQPOTM2NjE5NzQzMzkyNDU5AAGnfVc5Wh-EI-gMKCrVm3ZU5_aXpgMWx1HOt7y-T3yEyBsr0E8rd3zl8ojAcYk_aem_HqhNR_aQNB2GzLCDrp008Q,None found,11500,kok aan huis Rotterdam
royalty.kuwait,https://www.instagram.com/royalty.kuwait/,,http://www.royalty-kwt.com/?utm_source=ig&utm_medium=social&utm_content=link_in_bio&fbclid=PAZXh0bgNhZW0CMTEAc3J0YwZhcHBfaWQPOTM2NjE5NzQzMzkyNDU5AAGniFgne0zL3UuaRHdAbbqRq6DvIi8tLV3BCxVrJ__FwbDC5s7_MOg1cX85KVo_aem_HwsFy1opNXhPqBRP0LZ21Q,None found,23100,catering aan huis Amsterdam
kg.catering.kw,https://www.instagram.com/kg.catering.kw/,,http://www.orderkg.com/?utm_source=ig&utm_medium=social&utm_content=link_in_bio&fbclid=PAZXh0bgNhZW0CMTEAc3J0YwZhcHBfaWQPOTM2NjE5NzQzMzkyNDU5AAGnSva21-zCwHvsDi7LKNYy9YXR1-MY1pGOlW58paTtECFqNrcAD3FRYY-nGmQ_aem_X2Z12DmshEmC5588ovx4vw,None found,11500,catering aan huis Amsterdam
iffr,https://www.instagram.com/iffr/,,https://lnk.bio/IFFR-2026-online?utm_source=ig&utm_medium=social&utm_content=link_in_bio&fbclid=PAZXh0bgNhZW0CMTEAc3J0YwZhcHBfaWQPOTM2NjE5NzQzMzkyNDU5AAGn041nBn_1po9gE8r-NlgwgUQ8C86CXVq22p-bW3YOTx7YakH9OMLr72yntZk_aem_CoqWcZIiKxgoPcXRvmkb-Q,None found,73300,thuiskok Rotterdam
spicetripwithpaulami,https://www.instagram.com/spicetripwithpaulami/,,https://www.meta.ai/?utm_source=foa_web_footer,None found,19900,kookworkshop Amsterdam
chef_thaer_dhimich,https://www.instagram.com/chef_thaer_dhimich/,,https://thaerdhimich.com/?utm_source=ig&utm_medium=social&utm_content=link_in_bio&fbclid=PAZXh0bgNhZW0CMTEAc3J0YwZhcHBfaWQPOTM2NjE5NzQzMzkyNDU5AAGnCnDgJjHxMli146E-R5s7ZGpu5sJpEtZfyBpNs-cdm-_XIv3V7y3NfDnxUZ8_aem_qsu6vWfLSTXBX2pNZ_dRGQ,None found,39200,chef aan huis Den Haag
christianbau,https://www.instagram.com/christianbau/,,https://www.meta.ai/?utm_source=foa_web_footer,None found,68800,chef aan huis Den Haag
empressq8,https://www.instagram.com/empressq8/,,https://www.meta.ai/?utm_source=foa_web_footer,None found,91000,catering aan huis Rotterdam
kibris_zuccaciye,https://www.instagram.com/kibris_zuccaciye/,,N/A,None found,41400,catering aan huis Rotterdam
moons.kitchenn,https://www.instagram.com/moons.kitchenn/,,N/A,None found,10100,kookworkshop Rotterdam
healthyfoodie_manon,https://www.instagram.com/healthyfoodie_manon/,,https://healthyfoodiemanon.com/?utm_source=ig&utm_medium=social&utm_content=link_in_bio&fbclid=PAZXh0bgNhZW0CMTEAc3J0YwZhcHBfaWQPOTM2NjE5NzQzMzkyNDU5AAGn1Avw425NIlig5XVkIaCF153cMmJRb07pJbcyTb63ecZTLXZCitAX3KCS7qQ_aem_ygJVk3_Qi3XYOmpyyROCxw,None found,15800,kookworkshop Rotterdam
mapet_kuhinja,https://www.instagram.com/mapet_kuhinja/,,N/A,None found,32700,catering aan huis Rotterdam
tharwatkitchen,https://www.instagram.com/tharwatkitchen/,,https://www.meta.ai/?utm_source=foa_web_footer,None found,15800,catering aan huis Amsterdam
eatertainment.nl,https://www.instagram.com/eatertainment.nl/,,#,None found,22300,kookworkshop Nederland
aviko_nl,https://www.instagram.com/aviko_nl/,,https://instagram.aviko-actie.nl/?utm_source=ig&utm_medium=social&utm_content=link_in_bio&fbclid=PAZXh0bgNhZW0CMTEAc3J0YwZhcHBfaWQPOTM2NjE5NzQzMzkyNDU5AAGnXrLQ7PX239lVENHo9LOFq4BoPqX4o8LGRWZeBhnFMzBAhJ80GTy9oj4UBwk_aem_Sx7jzUzweHoIIAHMJl_G6A,None found,39800,kookworkshop Nederland
chefrawat844,https://www.instagram.com/chefrawat844/,,https://www.meta.ai/?utm_source=foa_web_footer,None found,14600,chef aan huis Hoorn
zoldering.nl,https://www.instagram.com/zoldering.nl/,,#,None found,16300,kok aan huis Amsterdam
noramaria.nl,https://www.instagram.com/noramaria.nl/,,#,None found,93800,kok aan huis Amsterdam
tailorkitcatering,https://www.instagram.com/tailorkitcatering/,,http://www.tailor-kit.com/?utm_source=ig&utm_medium=social&utm_content=link_in_bio&fbclid=PAZXh0bgNhZW0CMTEAc3J0YwZhcHBfaWQPOTM2NjE5NzQzMzkyNDU5AAGnzgvNMZJT_wZcb1jGd9-FR2yJFHNSqKulbcwocNTsrwPLGLIiEdTS7fjsWok_aem_UiwzA0WRCa-PwxJQodGPjg,None found,12500,catering aan huis Amsterdam
aljadi_sa,https://www.instagram.com/aljadi_sa/,,https://www.meta.ai/?utm_source=foa_web_footer,None found,91100,catering aan huis Amsterdam
nickis_beautyworld,https://www.instagram.com/nickis_beautyworld/,,https://www.meta.ai/?utm_source=foa_web_footer,None found,70200,kok aan huis Amsterdam
kookmeemetc,https://www.instagram.com/kookmeemetc/,,N/A,None found,15100,kok aan huis Amsterdam
de_woerdt,https://www.instagram.com/de_woerdt/,,https://www.funda.nl/detail/koop/altforst/huis-woerdsestraat-13/43325344/?utm_source=ig&utm_medium=social&utm_content=link_in_bio&fbclid=PAZXh0bgNhZW0CMTEAc3J0YwZhcHBfaWQPOTM2NjE5NzQzMzkyNDU5AAGnK2Ll-adlbnaVFK8W9bcQvV78gijnsMB2Dd5yaBwo8v4cY81EHC-0oI3HQ7k_aem_mHXpI73r5DF0lrjPmQNm3A,None found,20000,kok aan huis Breda
kellybeukers,https://www.instagram.com/kellybeukers/,,N/A,None found,115000,kok aan huis Breda
vastgoedclub.nl,https://www.instagram.com/vastgoedclub.nl/,,#,None found,183000,kok aan huis Breda
cesarbellidocoach,https://www.instagram.com/cesarbellidocoach/,,N/A,None found,39800,chef aan huis Almere
itz.isah_._,https://www.instagram.com/itz.isah_._/,,https://www.meta.ai/?utm_source=foa_web_footer,None found,35300,chef aan huis Almere
sgourmantise_19,https://www.instagram.com/sgourmantise_19/,,https://www.meta.ai/?utm_source=foa_web_footer,None found,10100,chef aan huis Almere
the.ai.kitchenn,https://www.instagram.com/the.ai.kitchenn/,,N/A,None found,124000,chef aan huis Almere
luukskitchen,https://www.instagram.com/luukskitchen/,,N/A,None found,33600,kookworkshop Nijmegen
marianne_meijering,https://www.instagram.com/marianne_meijering/,,https://www.meta.ai/?utm_source=foa_web_footer,None found,14400,kok aan huis Enschede
mrfoodcoach,https://www.instagram.com/mrfoodcoach/,,https://mrfoodcoach.nl/mam?utm_source=ig&utm_medium=social&utm_content=link_in_bio&fbclid=PAZXh0bgNhZW0CMTEAc3J0YwZhcHBfaWQPOTM2NjE5NzQzMzkyNDU5AAGnL-iAwIdpzmN4Z_u2kT5alwnx9YQIjVvYJ8DTFAU_uWHZTHwG1ROrJ_HwI9o_aem_iG1Fe8_XlKzQyb_5M8eD5g,None found,17700,kok aan huis Enschede
strakk_interieurbouw,https://www.instagram.com/strakk_interieurbouw/,,https://www.meta.ai/?utm_source=foa_web_footer,None found,14800,kok aan huis Enschede
akke_marije_,https://www.instagram.com/akke_marije_/,,N/A,None found,48500,kok aan huis Utrecht
kyradevreeze,https://www.instagram.com/kyradevreeze/,,N/A,None found,10500,kookworkshop Utrecht
worthwhile_wanderer,https://www.instagram.com/worthwhile_wanderer/,,N/A,None found,21700,kok aan huis Utrecht
altijd.lekker,https://www.instagram.com/altijd.lekker/,,https://www.worldofwow.com/altijdlekker?utm_source=ig&utm_medium=social&utm_content=link_in_bio&fbclid=PAZXh0bgNhZW0CMTEAc3J0YwZhcHBfaWQPOTM2NjE5NzQzMzkyNDU5AAGn-s2dQ4onQe4MaRqLYcmDbsZAriiFdNijh4tqXjK59K05eh-aSVB3s6IIZS0_aem_Cl6V-JHZ4t7Kh_ZQ126sxg,None found,71500,kok aan huis Utrecht
greetingsfromutrecht,https://www.instagram.com/greetingsfromutrecht/,,N/A,None found,24800,thuiskok Utrecht
lifestyle_nws,https://www.instagram.com/lifestyle_nws/,,https://www.lifestyle-news.nl/?utm_source=ig&utm_medium=social&utm_content=link_in_bio&fbclid=PAZXh0bgNhZW0CMTEAc3J0YwZhcHBfaWQPOTM2NjE5NzQzMzkyNDU5AAGnGep2P5yMOfADHpOv0JnfyPZvfGoWN_oL8NGxGAQP-PW_rTzqNZEL__subuE_aem_MtQywONWw5ZpCWFokMbZwA,None found,15300,thuiskok Utrecht
demorgen,https://www.instagram.com/demorgen/,,https://www.meta.ai/?utm_source=foa_web_footer,None found,151000,kok aan huis Utrecht
hiphoeragepaktengezakt,https://www.instagram.com/hiphoeragepaktengezakt/,,https://www.meta.ai/?utm_source=foa_web_footer,None found,29800,kok aan huis Eindhoven
funda.nl,https://www.instagram.com/funda.nl/,,#,None found,166000,kok aan huis Tilburg
victorvdheuvel,https://www.instagram.com/victorvdheuvel/,,N/A,None found,18300,kok aan huis Tilburg
hinke__,https://www.instagram.com/hinke__/,,N/A,None found,69600,kok aan huis Tilburg
esttokyo,https://www.instagram.com/esttokyo/,,https://www.meta.ai/?utm_source=foa_web_footer,None found,14200,chef aan huis Groningen
brunchchick,https://www.instagram.com/brunchchick/,,http://worldofwow.com/brunchchick?utm_source=ig&utm_medium=social&utm_content=link_in_bio&fbclid=PAZXh0bgNhZW0CMTEAc3J0YwZhcHBfaWQPOTM2NjE5NzQzMzkyNDU5AAGnsmdP5pAcXQvJIw5zdSinvx52rRsGq9m_302yTtZJyK-cR2jTbk2vCwT23dw_aem_xwqX049D7Gc04Tf2LKOw5w,None found,24700,kookworkshop Eindhoven
wietekevandiggele,https://www.instagram.com/wietekevandiggele/,,https://www.wietekevandiggele.nl/instagram/?utm_source=ig&utm_medium=social&utm_content=link_in_bio&fbclid=PAZXh0bgNhZW0CMTEAc3J0YwZhcHBfaWQPOTM2NjE5NzQzMzkyNDU5AAGnK9H1YVgA_QxAwYnLeB2jpmmMn7WzKFt2_BVXcpUjCIWb9ntmQ1zzldm_EmU_aem_QE2Fty-rYCsiNVAZZfG0mQ,None found,13800,content creator Apeldoorn
maisonsauvage.hoofddorp,https://www.instagram.com/maisonsauvage.hoofddorp/,,N/A,None found,14700,blogger Haarlem
rotterdam.food,https://www.instagram.com/rotterdam.food/,,https://www.meta.ai/?utm_source=foa_web_footer,None found,19100,food blogger Rotterdam
frederiquejitta,https://www.instagram.com/frederiquejitta/,,http://www.wolvie.nl/?utm_source=ig&utm_medium=social&utm_content=link_in_bio&fbclid=PAZXh0bgNhZW0CMTEAc3J0YwZhcHBfaWQPOTM2NjE5NzQzMzkyNDU5AAGnk95cG6-k8eusEzWbdjcvdl_lQarrRIA68PflSd-91Z97I_s_dISWE-6eXys_aem_4-ewx-CWKTkdrCBKNYixNQ,None found,105000,food blogger Rotterdam
dutchie,https://www.instagram.com/dutchie/,,N/A,None found,128000,travel blogger Amsterdam
amsterdammers.in.amsterdam,https://www.instagram.com/amsterdammers.in.amsterdam/,,N/A,None found,89000,travel blogger Amsterdam
brabants_dagblad,https://www.instagram.com/brabants_dagblad/,,https://www.bd.nl/linkinbio?utm_source=ig&utm_medium=social&utm_content=link_in_bio&fbclid=PAZXh0bgNhZW0CMTEAc3J0YwZhcHBfaWQPOTM2NjE5NzQzMzkyNDU5AAGn9EJbOO2fFRxTAILQXZZHYK_q5pQNUywSE7BR4QBklHeWOBESJL0RKVLyPjc_aem_Y-oeuHav_aLtUvsP49N1ew,None found,69500,influencer Tilburg
rollingcheesehelsinki,https://www.instagram.com/rollingcheesehelsinki/,,https://www.meta.ai/?utm_source=foa_web_footer,None found,12400,catering aan huis Amsterdam
saltycandyatelier,https://www.instagram.com/saltycandyatelier/,,https://www.meta.ai/?utm_source=foa_web_footer,None found,19900,catering aan huis Amsterdam
granddkitchen,https://www.instagram.com/granddkitchen/,,https://grandkitchenspices.myshopify.com/?utm_source=ig&utm_medium=social&utm_content=link_in_bio&fbclid=PAZXh0bgNhZW0CMTEAc3J0YwZhcHBfaWQPOTM2NjE5NzQzMzkyNDU5AAGnV5UPJWqbAee9Z7pFtCdhCZikojWNxa6zmsGR5ueL2hNKQJvLwi87DrvRNpc_aem_caOfIbrBpmHlpPsBAJOqmw,None found,25700,catering aan huis Amsterdam
ergunaras35,https://www.instagram.com/ergunaras35/,,http://www.ayfiyemek.com/?utm_source=ig&utm_medium=social&utm_content=link_in_bio&fbclid=PAZXh0bgNhZW0CMTEAc3J0YwZhcHBfaWQPOTM2NjE5NzQzMzkyNDU5AAGnZWgVZNzNN0hP1ZhpaXJV1fxB63SODJnBC5ZCjIR7IerxIjukbt28KQURK00_aem_y7G4AaomIFMulJcivvmHhA,None found,10900,catering aan huis Amsterdam
essencateringegy,https://www.instagram.com/essencateringegy/,,https://www.meta.ai/?utm_source=foa_web_footer,None found,17800,catering aan huis Amsterdam
hellofreshnl,https://www.instagram.com/hellofreshnl/,,http://www.hellofreshcontest.com/nl?utm_source=ig&utm_medium=social&utm_content=link_in_bio&fbclid=PAZXh0bgNhZW0CMTEAc3J0YwZhcHBfaWQPOTM2NjE5NzQzMzkyNDU5AAGnifekuDM2uuLWaSbCwadOuCcVtXgkkMwMHnULR0r51wXdaDsg3vUaN62HF6k_aem_xyqxN3VjVN1Jte5EhJPfgA,None found,55800,thuiskok Rotterdam
lucas_maths4,https://www.instagram.com/lucas_maths4/,,https://lucasmaths4.taplink.ws/?utm_source=ig&utm_medium=social&utm_content=link_in_bio&fbclid=PAZXh0bgNhZW0CMTEAc3J0YwZhcHBfaWQPOTM2NjE5NzQzMzkyNDU5AAGnSQKOnPKBP-iRGxqi5-eTCwyzFdbnleqX8K85nrX7_BVWOoi9tVIcCu_SG-0_aem_qjb7LNKqi3B2nWc_21WQxQ,None found,630000,chef aan huis Rotterdam
igmarfelicia,https://www.instagram.com/igmarfelicia/,,N/A,None found,67000,kok aan huis Rotterdam
thuisgekookt,https://www.instagram.com/thuisgekookt/,,N/A,None found,11100,thuiskok Rotterdam
sarahjoegeara,https://www.instagram.com/sarahjoegeara/,,N/A,None found,44300,chef aan huis Rotterdam
davidmezzacqui,https://www.instagram.com/davidmezzacqui/,,N/A,None found,19100,chef aan huis Rotterdam
twogreedygirls,https://www.instagram.com/twogreedygirls/,,N/A,None found,10100,kok aan huis Amsterdam
bidfoodnl,https://www.instagram.com/bidfoodnl/,,https://www.meta.ai/?utm_source=foa_web_footer,None found,11800,chef aan huis Amsterdam
flavourbyjessy,https://www.instagram.com/flavourbyjessy/,,N/A,None found,17200,chef aan huis Amsterdam
chef.allahverdiyev,https://www.instagram.com/chef.allahverdiyev/,,N/A,None found,12300,chef aan huis Amsterdam
mbluefestass,https://www.instagram.com/mbluefestass/,,https://www.meta.ai/?utm_source=foa_web_footer,None found,12000,catering aan huis Rotterdam
maykemeal,https://www.instagram.com/maykemeal/,,N/A,None found,14600,kok aan huis Eindhoven
michellealonsocatering,https://www.instagram.com/michellealonsocatering/,,N/A,None found,120000,catering aan huis Utrecht
tardesde.te,https://www.instagram.com/tardesde.te/,,https://tardesdete.vercel.app/?utm_source=ig&utm_medium=social&utm_content=link_in_bio&fbclid=PAZXh0bgNhZW0CMTEAc3J0YwZhcHBfaWQPOTM2NjE5NzQzMzkyNDU5AAGnCuDBLTUqDh8XfQE_KtXXlbi4IjIjjmqYcwVi0JrxiTM-S80MoVs9X-YlaJk_aem_I0kjL7rFta991cvZAlXUGA,None found,35700,catering aan huis Utrecht
orianalaop,https://www.instagram.com/orianalaop/,,https://wa.me/message/JTXUPDJUNEADA1?utm_source=ig&utm_medium=social&utm_content=link_in_bio&fbclid=PAZXh0bgNhZW0CMTEAc3J0YwZhcHBfaWQPOTM2NjE5NzQzMzkyNDU5AAGnzri7E025k_5wTnDCozae8BQPlVXjszRZGbgb6BFoHYv7ayj9LskOjvMSdOg_aem_TDijg8xsuSbgnEeIOsO-Uw,None found,49400,catering aan huis Utrecht
bobogaart,https://www.instagram.com/bobogaart/,,N/A,None found,42000,kok aan huis Tilburg
waartilburgeet,https://www.instagram.com/waartilburgeet/,,https://www.meta.ai/?utm_source=foa_web_footer,None found,10300,thuiskok Tilburg
bemoreunicorn.nl,https://www.instagram.com/bemoreunicorn.nl/,,#,None found,60300,kookworkshop Eindhoven
lekkeretenmetlinda,https://www.instagram.com/lekkeretenmetlinda/,,https://www.lekkeretenmetlinda.nl/nieuwsbrief-lekker-eten-met-linda/?utm_source=ig&utm_medium=social&utm_content=link_in_bio&fbclid=PAZXh0bgNhZW0CMTEAc3J0YwZhcHBfaWQPOTM2NjE5NzQzMzkyNDU5AAGnUZlO3ynnacbl2N2XDQLyDBsSTBWpYMxkspJk-5r_IgFdwPYPgCYyq8n4y50_aem_rg68GwsdrAEUF32voZI1NQ,None found,40200,thuiskok Tilburg
loft.livin,https://www.instagram.com/loft.livin/,,N/A,None found,11700,kookworkshop Eindhoven
delosriosdavid,https://www.instagram.com/delosriosdavid/,,N/A,None found,33100,chef aan huis Den Haag
chef_fazliddin,https://www.instagram.com/chef_fazliddin/,,https://www.meta.ai/?utm_source=foa_web_footer,None found,14300,chef aan huis Den Haag
chef_rabih_hanna,https://www.instagram.com/chef_rabih_hanna/,,N/A,None found,101000,chef aan huis Den Haag
coco_ketering,https://www.instagram.com/coco_ketering/,,N/A,None found,10700,catering aan huis Rotterdam
gurme_bahcesehir_catering,https://www.instagram.com/gurme_bahcesehir_catering/,,https://www.shopier.com/s/store/gurmebahcesehircatering?utm_source=ig&utm_medium=social&utm_content=link_in_bio&fbclid=PAZXh0bgNhZW0CMTEAc3J0YwZhcHBfaWQPOTM2NjE5NzQzMzkyNDU5AAGnT_hS9iz1cAZkiyQKpn35SUy6qi1rJl1L3vMMGOEniSMNFg9ijX28tWl4dD0_aem_8rHORlGnMJcSxJMLYBX_Jg&utm_id=97760_v0_s00_e0_tv3,None found,19200,catering aan huis Rotterdam
fundamakeovers,https://www.instagram.com/fundamakeovers/,,https://lnk.bio/fundamakeovers?utm_source=ig&utm_medium=social&utm_content=link_in_bio&fbclid=PAZXh0bgNhZW0CMTEAc3J0YwZhcHBfaWQPOTM2NjE5NzQzMzkyNDU5AAGnHXn0r_AOWY6VQZxcyhdaLJHrONkkhXppuJyNNBxLkUaUJGolBo6Nc4HCekk_aem_ZMfGfcj29vp_Owr_bWszRg,None found,341000,kok aan huis Utrecht
kim.vdeelen,https://www.instagram.com/kim.vdeelen/,,http://www.bofkontje.nl/?utm_source=ig&utm_medium=social&utm_content=link_in_bio&fbclid=PAZXh0bgNhZW0CMTEAc3J0YwZhcHBfaWQPOTM2NjE5NzQzMzkyNDU5AAGnz4n5--ownwt6vLsLHjIlKXjIfmvH4Xgfw1hZ1rTSIYHRhJZcGWayUPwGGAw_aem_5YiaNFujYSjTQq3Wf9pYHg,None found,32200,kok aan huis Utrecht
sestreukuhinji,https://www.instagram.com/sestreukuhinji/,,N/A,None found,52000,catering aan huis Den Haag
fitfoodrezeptwelt,https://www.instagram.com/fitfoodrezeptwelt/,,N/A,None found,176000,catering aan huis Den Haag
dapur.omaqia,https://www.instagram.com/dapur.omaqia/,,http://omaqiacatering.com/?utm_source=ig&utm_medium=social&utm_content=link_in_bio&fbclid=PAZXh0bgNhZW0CMTEAc3J0YwZhcHBfaWQPOTM2NjE5NzQzMzkyNDU5AAGnoBUjIWwO4gnGncoCPa1hsX8inuPgzwPP2zhH6HSFsjLDjmT1bU3x2onRv8s_aem_jxZJvWZN52vJsDGarcXYaA,None found,17700,catering aan huis Den Haag
toquegourmet,https://www.instagram.com/toquegourmet/,,https://www.meta.ai/?utm_source=foa_web_footer,None found,68100,catering aan huis Den Haag
picoteobykarem,https://www.instagram.com/picoteobykarem/,,https://wa.me/34656405172?utm_source=ig&utm_medium=social&utm_content=link_in_bio&fbclid=PAZXh0bgNhZW0CMTEAc3J0YwZhcHBfaWQPOTM2NjE5NzQzMzkyNDU5AAGn-bPKsfdBjxpWBETI8_MmSL-rSuMhUMI_2Vp4Aw_Hl9gBxHBDKRiFSxYM51A_aem_IKyqXlqDb0T-UH3jvXVt2A,None found,15500,catering aan huis Den Haag
nmongen,https://www.instagram.com/nmongen/,,https://www.voordekunst.nl/projecten/20776-mongen-dance-studio-fundraising-1%23het-verhaal?utm_source=ig&utm_medium=social&utm_content=link_in_bio&fbclid=PAZXh0bgNhZW0CMTEAc3J0YwZhcHBfaWQPOTM2NjE5NzQzMzkyNDU5AAGnQ0PK_MBfzsZxe8AusJN5pcPH_mIEVA-rksk1CvlBph5vXjzlzWmvf7_HHJ0_aem_Hbi2sfbiL-0N4ntiTtQZqQ,None found,10000,influencer Schiedam
